author	author_gender	Count
Acerbi, Giuseppe (1773-1846)	male	   1
Achrelius, Daniel (1644-1692)	ambiguous	   1
Acrel, Olof Af (1717-1806)	ambiguous	   2
Adanson, Michel (1727-1806)	ambiguous	   1
Adelcrantz, Emanuel (1721-1788)	NA	   1
Adelheim, Johan	ambiguous	   1
Adler Salvius, Johan (1590-1652)	ambiguous	   1
Adler, Fr Chr	male	   1
Adlerberg, Eric Gustaf (1738-1823)	ambiguous	   1
Adlerbeth, Gudmund Jöran (1751-1818)	male	   1
Adlermarck, Carl Gustaf (1747-1810)	ambiguous	   1
Adlersparre, Georg (1760-1835)	ambiguous	   3
Adlerstam, Magnus (1717-1803)	male	   1
Aejmelæus, Johannes	male	   1
Afthonios, 	NA	   1
Afzelius, Adam (1750-1837)	ambiguous	   1
Agardh, Carl Adolph (1785-1859)	ambiguous	   3
Agrell, Olof (1755-1832)	NA	   1
Ahlqvist, Pehr (1793-1854)	male	   1
Aikin, John	NA	   1
åkerblad, Johan David (1763-1819)	ambiguous	   1
åkerman, Fredrik Magnus (1754-1830)	male	   1
Alembert, Jean Le Rond D' (1717-1783)	ambiguous	   1
Alexander,  (1777-1825)	ambiguous	   1
Almqvist, 	NA	   1
Almqvist, Anders S	NA	   1
Almqvist, Carl Jonas Love (1793-1866)	ambiguous	   1
Alrot, Eric (1693-1751)	ambiguous	   1
Alsinius, Christiernus Henrici (1659-NA)	male	   1
Alstrin, Eric (1683-1762)	ambiguous	   1
Am Wald, Georg (1500-NA)	ambiguous	   1
Amama, Sixtinus (1593-1639)	NA	   1
Andersson, Roloff (1744-1828)	NA	   1
Andrén, Jacob (1723-1777)	NA	   1
Andrieux, François Guillaume Jean Stanislas (1759-1833)	ambiguous	   1
Angelini, Jöns Eric (1779-1807)	ambiguous	   1
Anseaume, Louis (1720-1784)	ambiguous	   1
Antipapius, Theophilus (1600-NA)	NA	   1
Apelblad, Jonas (1718-1786)	NA	   2
Appert, Nicolas (1750-1841)	NA	   1
Arbin, Axel Magnus Von (1717-1791)	ambiguous	   1
Arckenholtz, Johan (1695-1777)	ambiguous	   1
Arctopolitanus, Gabriel Gregorii (1630-1682)	ambiguous	   1
Armbruster, Johan Michael (1761-1814)	ambiguous	   1
Arnaud, François Thomas Marie De Baculard D' (1718-1805)	ambiguous	   2
Arnault, Antoine Vincent (1766-1834)	ambiguous	   1
Arndt, Ernst Moritz (1769-1860)	NA	   1
Arndt, Johann (1555-1621)	ambiguous	   6
Arosien, Gustaf	male	   1
Arrhenius, Lars (1680-1730)	NA	   1
Askegren, Andreas (1717-1794)	ambiguous	   1
Askengren, Johan Gustaf (1783-1858)	ambiguous	   1
Aspegren, Gustaf Casten (1791-1828)	male	   1
åstrand, Johan (1752-1787)	ambiguous	   1
Atterbom, Per Daniel Amadeus (1790-1855)	ambiguous	   1
Augustinus, Aurelius	NA	   1
Aurelius, Aegidius Matthiæ (1648-NA)	male	   1
Aurén, Pehr (1761-1842)	male	   1
Aurivillius, Petrus (1637-1677)	male	   3
Azara, Felix De (1746-1821)	ambiguous	   1
Bäck, Abraham (1713-1795)	ambiguous	   1
Backe, Carl (1759-1815)	ambiguous	   2
Baelter, Lars (1704-1788)	NA	   1
Bælter, Sven (1713-1760)	NA	   6
Bager, Haqvin (1711-1782)	male	   3
Båld, Anders (1679-1751)	NA	   1
Båld, Eric	ambiguous	   1
Ballenstedt, Johann Georg Justus (1756-1840)	ambiguous	   2
Balling, Emanuel (1733-1795)	NA	   1
Bång, Jonas (1708-1772)	NA	   1
Barchaeus, Anders Gustaf (1735-1806)	male	   1
Bartholin, Caspar (1585-1629)	NA	   1
Bastholm, Christian (1740-1819)	ambiguous	   2
Baudewien, Johann (1641-1699)	ambiguous	   1
Bauer, Johann Christian August (1766-1813)	ambiguous	   1
Becker, Gotthelf Wilhelm Rupert (NA-1823)	male	   1
Beckner, Johan (1697-1754)	ambiguous	   1
Beer, Wolfgang Dominicus (1640-1675)	male	   1
Bellman, Carl Michael (1740-1795)	ambiguous	   1
Benckert, Carl Henrik (1750-1826)	ambiguous	   1
Benedicti, Haquinus (1600-NA)	NA	   1
Bentham, Jeremy (1748-1832)	ambiguous	   1
Benzelius, Erik (1632-1709)	ambiguous	   2
Benzelius, Henrik (1689-1758)	male	   1
Benzelius, Jacob (1683-1747)	NA	   1
Benzelstierna, Gustaf (1687-1746)	male	   1
Berch, Carl Reinhold (1706-1777)	ambiguous	   1
Berch, Christer (1735-1792)	NA	   1
Bergdahl, Christer	NA	   1
Bergensköld, Zacharias	male	   1
Bergenstråhle, Axel Wilhelm	NA	   1
Bergenstråle, Rudman (1724-1813)	ambiguous	   1
Berger, Christina Charlotta Ulrica (1784-1852)	ambiguous	   1
Bergeström, Hans (1735-1784)	NA	   2
Bergh, Ericus Benedicti (1600-NA)	ambiguous	   1
Bergius, Olaus Nicolai (1670-NA)	male	   1
Bergius, Peter Jonas (1730-1790)	NA	   4
Berglund, Nils (1726-1784)	male	   1
Bergman, Peter (1757-1825)	NA	   1
Bergman, Torbern (1735-1784)	male	   7
Bergnehr, Lars (1715-1781)	NA	   1
Bergsten, Erik (1747-1809)	ambiguous	   2
Bergström, Johan Eric (1730-1794)	ambiguous	   1
Bergvall, Mårten (1782-1852)	NA	   1
Berling, Carl Fredrik (1785-1847)	ambiguous	   1
Bernard, Pierre-joseph (1708-1775)	NA	   1
Berndtson, Bernhard (1729-1804)	male	   1
Beronius, Magnus Olai (1692-1775)	male	   1
Berquin, Arnaud (1749-1791)	male	   1
Berzelius, Jacob (1779-1848)	NA	   2
Beskow, Bernhard Von (1796-1868)	ambiguous	   1
Bexell, Jonas (1716-1783)	NA	   1
Bexell, Sven Peter (1775-1864)	NA	   1
Bilang, Johan Jacob Von (1740-1803)	ambiguous	   2
Bilderbeck, Ludwig Benedict Franz Von (1766-NA)	ambiguous	   2
Billberg, Gustaf (1772-1844)	male	   2
Billing, Paul Olof (1755-1808)	ambiguous	   1
Bilmark, Johan (1728-1801)	ambiguous	   3
Biörnstierna, Johan (1729-1797)	ambiguous	   1
Birgitta,  (1303-1373)	female	   2
Bjerkander, Clas	NA	   1
Björkegren, Jacob (1752-1825)	NA	   2
Björkström, Nils	male	   1
Björnståhl, Jacob Gustaf (1773-1837)	male	   7
Bjugg, Mathias Jacob (1751-1807)	NA	   1
Bjurbäck, Olof (1750-1829)	NA	   1
Bladh, Peter Johan (1746-1816)	ambiguous	   2
Blanxius, Christopher (1680-1730)	ambiguous	   1
Blix, Magnus (1743-1805)	male	   2
Block, Johan Adolf (1796-1822)	ambiguous	   1
Block, Magnus Gabriel Von (1669-1722)	ambiguous	   2
Blom, Carl Magnus (1737-1815)	ambiguous	   1
Blomdahl, Johan Ulric (1762-1836)	ambiguous	   1
Blomqvist, Gustaf	male	   1
Bock, Petrus Jonæ (1654-NA)	male	   1
Bodard De Tézay, Nicolas Marie Félix (1757-1823)	ambiguous	   1
Bodberg, Jonas (1710-1748)	NA	   1
Bodelius, Daniel (1662-1723)	ambiguous	   1
Boëthius, Jacob Georg (1781-NA)	ambiguous	   2
Bohm, Andreas Petri (1600-NA)	ambiguous	   1
Boije, Johan Ludvig (1768-1841)	ambiguous	   2
Boisen, Peter Outzen (1762-1831)	NA	   1
Bonaparte, 	male	   1
Bonde, Gustaf	male	   1
Bonnier, Adolph (1806-1867)	ambiguous	   1
Bonsdorff, Petrus Adolphus Von (1791-1839)	ambiguous	   1
Börjesson, Johan (1790-1866)	ambiguous	   1
Born, Ignatz Von	ambiguous	   1
Botin, Anders Af (1724-1790)	ambiguous	   2
Botvidi, Johannes (1575-1635)	male	   2
Boutauld, Michel (1607-1688)	ambiguous	   1
Brag, Carl Johan (1735-1781)	ambiguous	   4
Brahe, Eric (1722-1756)	ambiguous	   2
Brandt, Georg (1694-1768)	ambiguous	   1
Brask, Hans (1464-1538)	NA	   1
Bratt, Carl Gustav (1728-1774)	ambiguous	   1
Brauner, Jan (1712-1773)	male	   2
Breckling, Friedrich (1629-1711)	male	   1
Brelin, Johan (1734-1782)	ambiguous	   1
Brelin, Nils (1690-1753)	male	   1
Bremer, Fredrika (1801-1865)	female	   1
Brenner, Elias (1647-1717)	NA	   1
Brenner, Peter (1677-1720)	NA	   2
Brenner, Sophia Elisabeth (1659-1730)	ambiguous	   2
Bring, Erland Samuel (1736-1798)	NA	   1
Bringius, Johannes Nicolai (1668-NA)	male	   1
Bromell, Magnus Von (1679-1731)	ambiguous	   1
Bröms, Pehr (1704-1772)	male	   2
Broomé, Carl Fredrik	ambiguous	   1
Browallius, Johan (1707-1755)	ambiguous	   4
Bruce, Johan (1668-1736)	ambiguous	   1
Brueys, David Augustin De (1640-1723)	ambiguous	   1
Brunius, Carl Georg (1792-1869)	ambiguous	   1
Brunkman, Carl (1734-1781)	ambiguous	   1
Bruns, Paul Jakob (1743-1814)	ambiguous	   1
Bruun, Martin	ambiguous	   1
Bugge, Thomas (1740-1815)	NA	   1
Bülow, Adam Heinrich Dietrich Von (1757-1807)	ambiguous	   1
Bunth, Christopher Daniel (1761-1831)	ambiguous	   1
Bunyan, John (1628-1688)	NA	   2
Burckhardt, Johann Gottlieb (1756-1800)	ambiguous	   1
Bure, Olof (1578-1655)	NA	   1
Bureus, Johannes (1568-1652)	male	   1
Bürger, Gottfried August (1747-1794)	ambiguous	   1
Burman, Gerhard Von (1653-1701)	ambiguous	   1
Burmester, Johan Henric	ambiguous	   1
Burney, Fanny (1752-1840)	female	   1
Buttmann, Philipp (1764-1829)	NA	   1
C'̀elebi, Mus t afa	ambiguous	   1
Cabiljau, Johannes (1600-1652)	male	   1
Calderón De La Barca, Pedro (1600-1681)	NA	   1
Calén, Daniel (1755-1825)	ambiguous	   1
Campan, Jeanne-louise-henriette (1752-1822)	NA	   1
Campe, Joachim Heinrich (1746-1818)	NA	   7
Canning, George (1770-1827)	ambiguous	   1
Cardell, Carl Friedrich Von (1764-1821)	ambiguous	   1
Carelberg, Harald (1703-1763)	male	   1
Carelius, Olaus Petri (1702-1758)	male	   1
Carlson, Johan Gustaf Von (1743-1801)	ambiguous	   1
Carlström, Jonas Fredric (1745-1826)	male	   1
Carpelan, Johan Fredric (1745-1808)	ambiguous	   1
Carpelan, Simon Wilhelm (1731-1814)	ambiguous	   1
Carrion-nisas, Marie Henri François élisabeth De (1767-1841)	ambiguous	   1
Casa, Johannes (1503-1556)	male	   1
Casström, Samuel Niclas	male	   1
Casström, Samuel Niklas (1763-1827)	male	   1
Castera, Jean Henri (1749-1838)	ambiguous	   1
Catalde, De	ambiguous	   1
Cato, Marcus Porcius	NA	   1
Cederbaum, Peter Christoffer (1733-1795)	male	   1
Cederbom, Olof (1780-1856)	NA	   1
Cederborg, Hans Philip (1744-1816)	NA	   1
Cederborgh, Fredric (1784-1835)	male	   1
Cedercreutz, Herman (1684-1754)	NA	   1
Cederfellt, Sten	NA	   1
Cederschiöld, Pehr Gustaf (1782-1848)	male	   1
Cederström, Anders (1778-1832)	NA	   1
Cederström, Claes (1726-1778)	male	   1
Cellarius, Christoph (1638-1707)	NA	   1
Celsius, Anders (1701-1744)	NA	   2
Celsius, Magnus (1621-1679)	male	   1
Celsius, Nils (1658-1724)	male	   1
Celsius, Olof (1670-1756)	NA	   1
Celsius, Olof (1716-1794)	NA	   4
Chanut, Pierre (1604-1667)	NA	   1
Chapman, Fredric Henric Af (1721-1808)	ambiguous	   2
Chaptal, Jean Antoine Claude (1756-1832)	ambiguous	   1
Chaves, H C	NA	   1
Chemnitz, Bogislaus Philipp Von (1605-1678)	ambiguous	   1
Christiernin, Pehr Niclas (1725-1799)	male	   2
Christophersson, Hans (1745-1809)	NA	   1
Chytraeus, Nathan (1543-1598)	NA	   2
Cicero, Marcus Tullius	male	   1
Clairvaux, Bernhard (1090-1153)	male	   1
Clerck, Carl Alexander (1709-1765)	ambiguous	   2
Cleve, Friedrich August (1743-1796)	ambiguous	   5
Clowes, John (1743-1831)	NA	   1
Collin, Johan (1708-1779)	ambiguous	   2
Collin, Johan Gabriel (1794-1879)	ambiguous	   1
Collin, Jonas	NA	   1
Colling, Johan (1645-1714)	ambiguous	   1
Colling, Lars Johan (1714-1786)	ambiguous	   3
Columbus, Jonas Svenonis (1586-1663)	male	   1
Comenius, Johann Amos (1592-1670)	ambiguous	   1
Corylander, Johan (1707-1775)	ambiguous	   1
Cottin, Sophie (1770-1807)	ambiguous	   1
Coupé De Saint-donat, Alexandre Auguste Donat Magloire	ambiguous	   1
Coxe, William (1748-1828)	ambiguous	   1
Cranz, David (1723-1777)	ambiguous	   1
Crébillon, Claude-prosper Jolyot De (1707-1777)	ambiguous	   1
Creutz, Gustaf Philip (1731-1785)	male	   2
Cringelius, Enoch Haqvini (1599-1632)	NA	   1
Cronstedt, Axel Fredrik (1722-1765)	male	   2
Cronstrand, Simon Anders (1784-1850)	ambiguous	   1
Curths, Karl	NA	   1
Curtius Rufus, Quintus	male	   3
D'albedyhll, Gustaf (1758-1819)	male	   1
Dahlgren, Carl Fredric (1791-1844)	ambiguous	   1
Dahlstrand, Jacob	NA	   1
Dalenius, Johan J (1694-1770)	ambiguous	   1
Dalin, Olof Von (1708-1763)	ambiguous	   5
Dalman, Johan Wilhelm (1787-1828)	ambiguous	   1
Danckwardt, Carl Gustaf (1706-1780)	ambiguous	   1
Darelli, Johan Anders Af (1718-1780)	ambiguous	   1
De Besche, Isac Georg (1748-1825)	ambiguous	   1
De Geer, Charles (1720-1778)	ambiguous	   3
De La Gardie, Jacob (1768-1842)	NA	   3
De La Myle, Carl Johan (1728-1798)	ambiguous	   3
Deckberg, Olof (1696-1787)	NA	   1
Defoe, Daniel (1661-1731)	ambiguous	   1
Deleen, Carl Erik (1767-1850)	ambiguous	   3
Demoustier, Charles Albert (1760-1801)	ambiguous	   2
Denell, Jöns Henric (1749-1814)	male	   1
Depkin, Liborius (1652-1708)	male	   1
Des Pepliers, J Robert	ambiguous	   1
Diodati, Giuseppe Maria	ambiguous	   1
Djurberg, Daniel (1744-1834)	ambiguous	   6
Döbeln, Johan Jacob Von (1674-1743)	ambiguous	   1
Doddridge, Philip (1702-1751)	NA	   1
Dodsley, Robert (1703-1764)	ambiguous	   1
Drangel, Emanuel	NA	   1
Dresig, Sigismund Friedrich (1700-1742)	male	   1
Dryselius, Erlandus Brodderi (1641-1708)	male	   1
Dubb, Jonas (1739-1823)	NA	   1
Ducray-duminil, François Guillaume (1761-1819)	male	   1
Dunckel, David Wilhelm	ambiguous	   1
Dunckel, Dorothea (1799-1878)	NA	   1
Duport-dutertre, François Joachim	NA	   1
Eberhard, Christoph (1675-1750)	NA	   1
Eberhardt, Johan Hartman (1727-1796)	ambiguous	   1
Echman, Carl (1686-1749)	ambiguous	   3
Edelcrantz, Abraham Niclas (1754-1821)	ambiguous	   3
Edman, Johan Eric (1765-1814)	ambiguous	   1
Eenhorn Von Geisz, Antonius (1600-NA)	NA	   1
Ehrenberg, Friedrich (1776-1852)	male	   1
Ehrengranat, Claes Adam (1781-1842)	ambiguous	   1
Ehrenmalm, Arvid	NA	   1
Ehrenmalm, Georg	ambiguous	   1
Ehrenpreus, Joachim	NA	   1
Ehrenstråle, David (1695-1769)	ambiguous	   1
Ehrensvärd, Augustin	NA	   1
Ehrensvärd, Carl (1713-1770)	ambiguous	   1
Ekeberg, Peter Gustaf	male	   1
Ekerman, Petrus (1697-1783)	male	   3
Ekewall, Erland (1675-1710)	NA	   1
Eklund, Mårten	NA	   1
Ekman, Carl Magnus (1712-1781)	ambiguous	   1
Ekmarck, Carl Erik (1784-1846)	ambiguous	   2
Elfving, Anders (1745-1772)	NA	   6
Elmlund, Johan Fredrik (1794-1858)	ambiguous	   1
Elvius, Pehr (1660-1718)	male	   1
Elvius, Pehr (1710-1749)	male	   2
Elzberg, Maria	ambiguous	   1
Enander, Adolf Daniel	ambiguous	   1
Enckel, Nils	male	   1
Enebom, Gustaf (1721-1796)	male	   1
Engeström, Gustaf Von (1738-1813)	ambiguous	   2
Engeström, Jonas Albin (1787-1846)	NA	   1
Engzell, Gustaf (1757-1797)	male	   1
Envallsson, Carl (1756-1806)	ambiguous	   2
Envallsson, Carl Magnus (1756-1806)	ambiguous	   1
Ersson, Hindrich	male	   1
Ervast, Isaac (1700-1737)	NA	   1
Esberg, Johannes (1665-1734)	male	   1
Esselius, Johan (1751-1815)	ambiguous	   2
Essen, Fredric Ulric Von (1721-1781)	ambiguous	   1
Euripides, 	male	   1
Evensson, David (1699-1750)	ambiguous	   3
Ewaldt, J A	NA	   1
Fabre D'eglantine, Philippe François Nazaire (1755-1794)	NA	   1
Fabricius, Johannes (1600-NA)	male	   1
Faggot, Jacob (1699-1777)	NA	   1
Fahlcrantz, Eric (1760-1838)	ambiguous	   1
Fåhraeus, Olof Johansson (1759-1819)	male	   1
Falck, Anders (1740-1796)	NA	   1
Falck, Carl Gustaf (NA-1792)	ambiguous	   1
Falck, Johan Peter (1732-1774)	ambiguous	   1
Fallén, Carl Fredrik (1764-1830)	ambiguous	   2
Fant, Eric Michael (1754-1817)	ambiguous	   7
Fant, Johan Michael (1735-1813)	ambiguous	   2
Fassmann, David (1683-1744)	ambiguous	   2
Favart, Charles Simon (1710-1792)	ambiguous	   1
Faxe, Arvid (1733-1793)	NA	   1
Feilitzen, Carl Fredrik Johan Von	ambiguous	   1
Fellenius, Jonas Reinhold (1761-1834)	male	   1
Fénelon, François De Salignac De La Mothe (1651-1715)	ambiguous	   2
Ferber, Johann Jacob (1743-1790)	ambiguous	   1
Fersen, Axel Von (1719-1794)	ambiguous	   2
Feuk, Petter (1733-1816)	NA	   1
Fischerström, Johan	ambiguous	   1
Fitinghoff, Erik Von (1655-NA)	ambiguous	   1
Flachsén, Johan Peter (NA-1732)	ambiguous	   1
Fleming, Claes Adolph (1771-1831)	ambiguous	   1
Fleming, Gustaf Adolf	male	   1
Flintberg, Jacob Albrecht (1751-1804)	male	   5
Flintenberg, Johan David (1762-1819)	ambiguous	   1
Flittner, Christian Gottfried (1770-1828)	ambiguous	   1
Floderus, Matthias (1766-1822)	male	   1
Flodin, Eric Lorentz (1775-1827)	ambiguous	   2
Florén, Gabriel (NA-1705)	ambiguous	   1
Florian, Jean Pierre Claris De (1755-1794)	ambiguous	   3
Florinus, Henricus Matthiae (1633-1705)	male	   1
Fogelstrand, Anders Johan (1773-1823)	ambiguous	   1
Forelius, Hemming (1654-1708)	male	   1
Forsander, Johan	ambiguous	   1
Forsell, Carl Gustaf Af (1783-1848)	ambiguous	   1
Forssén, Eric (1756-1823)	ambiguous	   1
Fouché, Joseph (1759-1820)	ambiguous	   1
Fougdonius, Josephus Matthiae (1562-1656)	NA	   1
Fougt, Henric (1720-1782)	male	   1
Fouqué, Friedrich De La Motte- (1777-1843)	ambiguous	   2
Francke, August Hermann (1663-1727)	ambiguous	   1
Franzen, Frans Michael (1772-1847)	NA	   1
Franzén, Frans Michael (1772-1847)	NA	   2
Fredrik,  (1676-1751)	male	   1
Fredrik,  (1712-1786)	male	   2
Freind, John (1675-1728)	NA	   1
Fresenius, Johann Philipp (1705-1761)	ambiguous	   1
Freund, Marcus (1600-NA)	NA	   1
Friedrich, Theodor Heinrich (1776-1819)	male	   1
Fries, Elias (1794-1878)	NA	   2
Friesendorff, Fredrik Von	ambiguous	   1
Frietzcky, Clas (1727-1803)	NA	   2
Frigelius, Anders	NA	   1
Fritsch, Ahasver (1629-1701)	NA	   2
Fritze, Johann Friedrich (1735-1807)	ambiguous	   1
Fröberg, Carl Otto	ambiguous	   1
Fröberg, Johan Petter (1782-1826)	ambiguous	   1
Frölich, David Harald (1753-1835)	ambiguous	   1
Frölich, Eva Margareta (1650-1692)	female	   3
Frondin, Elias (1686-1761)	NA	   1
Frosterus, Henrik (1727-1772)	male	   1
Frosterus, Johan	ambiguous	   1
Fryxell, Anders (1795-1881)	NA	   1
Fuhrmann, Stephan (1616-1683)	ambiguous	   5
Funck, Carl	ambiguous	   1
Funck, Gustaf Fredrik Af	ambiguous	   1
Funke, F C	NA	   1
Fuss, Nikolaj Ivanovič (1755-1826)	male	   1
Gadd, Pehr Adrian (1727-1797)	ambiguous	   6
Gadelius, Anders (1775-1819)	NA	   2
Gadolin, Jacob (1719-1802)	NA	   3
Gadolin, Johan (1760-1852)	ambiguous	   1
Garney, Johan Carl (1740-1808)	ambiguous	   1
Gedda, Peter Niclas Von (1737-1814)	ambiguous	   1
Gedike, Friedrich (1754-1803)	male	   3
Gehren, Karl Christian	ambiguous	   1
Geijger, Matthias (1600-NA)	male	   1
Geist, Anders	NA	   1
Gellert, Christian Fürchtegott (1715-1769)	ambiguous	   2
Genlis, Stéphanie Félicité (1746-1830)	NA	   4
Georgii, Carl Fredrik (1715-1795)	ambiguous	   3
Gerhard, Johann (1582-1637)	ambiguous	   3
Gerss, Jan Eric (1747-1808)	male	   1
Gessner, Georg (1765-1843)	ambiguous	   1
Gezelius, Johannes (1615-1690)	male	   2
Gezelius, Johannes (1647-1718)	male	   1
Gibbon, Edward (1737-1794)	NA	   1
Giers, Eric Petter (1701-1780)	ambiguous	   1
Giese, Albert (1742-NA)	NA	   2
Giöding, Olof Justinus (1717-1767)	ambiguous	   1
Gissler, Nils	male	   2
Gjers, Carl Robert	ambiguous	   1
Gjörwell, Carl Christoffer (1731-1811)	ambiguous	   4
Glafey, Adam Friedrich	ambiguous	   1
Glaser, Petrus (1500-NA)	male	   1
Godenius, Daniel (1702-1768)	ambiguous	   1
Goede, Christian August Gottlieb (1774-1812)	ambiguous	   1
Goethe, Johann Wolfgang Von (1749-1832)	ambiguous	   5
Goldsmith, Oliver (1728-1774)	ambiguous	   1
Gomez, Madeleine-angélique De (1684-1770)	ambiguous	   1
Gother, Engelbert (1793-1833)	NA	   1
Gothus, Jonas (1587-1644)	NA	   1
Gothus, Laurentius (1565-1646)	NA	   3
Gottlieb, Ernestus (1600-NA)	NA	   1
Gottmarck, Johan (1726-1812)	ambiguous	   1
Gottmark, Johan	ambiguous	   1
Gouge, Thomas (1609-1681)	NA	   1
Gråberg, Olof (1716-1767)	NA	   1
Gradin, Arvid (1704-1757)	NA	   1
Graedener, Friedrich Adolph	ambiguous	   1
Granberg, Per Adolf (1770-1841)	male	   5
Grau, Daniel (1719-1788)	ambiguous	   1
Grauer, B	NA	   1
Gravallius, Daniel Ehrenfried (1777-1849)	ambiguous	   1
Gray, Thomas (1716-1771)	NA	   1
Gren, Olof (1716-1783)	NA	   1
Grevesmöhlen, Carl August (1754-1823)	ambiguous	   5
Grillparzer, Franz (1791-1872)	NA	   1
Grimarest, Jean Léonor Le Gallois De (1659-1713)	ambiguous	   1
Gripenberg, Johan Ulrik Sebastian	ambiguous	   1
Gröndaal, Petrus (1690-1750)	male	   2
Grönhagen, Gustaf Lars	male	   1
Grönwall, Anders (1671-1758)	NA	   3
Groth, Fromholt Torsten (NA-1778)	male	   1
Groth, Per Henrik (1775-1850)	male	   1
Gruber, Johann Gottfried (1774-1851)	ambiguous	   1
Grundel, Adolf Johan (1703-1755)	ambiguous	   1
Gullbransson, Abela (1775-1822)	female	   1
Gumælius, Gustaf Wilhelm (1789-1877)	male	   1
Gumaelius, Otto Joël (1791-1876)	ambiguous	   2
Gustav,  (1746-1792)	NA	  12
Gustav,  (1778-1837)	NA	   1
Gutsmuths, Johann Christoph Friedrich (1759-1839)	ambiguous	   1
Gyldenstolpe, Ulric (1774-1855)	male	   1
Gyllenborg, Carl (1679-1746)	ambiguous	   1
Gyllenhaal, Maria Elisabeth (1760-1774)	ambiguous	   1
Gyllenhöök, Carl Gustaf (1715-1749)	ambiguous	   1
Gynther, Sven Wilhelm (1796-1873)	NA	   2
Haartman, Gustaf (1718-1790)	male	   1
Haartman, Jacob (1717-1788)	NA	   1
Hachenburg, Hermann Wilhelm (1752-1817)	NA	   1
Haeggström, Zacharias (1787-1869)	male	   2
Hagberg, Carl Peter (1778-1841)	ambiguous	   3
Hagelsten, Sven Magni (1670-NA)	ambiguous	   1
Hagemeister, Johann Gottfried	ambiguous	   1
Hagen, Lorentz	NA	   1
Hagerup, Eiler (1718-1789)	male	   1
Haggren, Lars Chr	male	   1
Hagström, Carl P (1743-1807)	ambiguous	   1
Halenius, Engelbert (1700-1767)	NA	   1
Hall, John (1771-1830)	NA	   2
Hallager, Morten (1740-1803)	NA	   1
Hallander, Stephan (NA-1708)	ambiguous	   1
Halldin, Johan Gustaf (1737-1825)	ambiguous	   2
Hallenberg, Jonas (1748-1834)	NA	   1
Haller, Albrecht Von (1708-1777)	ambiguous	   1
Hallman, Carl Israel (1732-1800)	ambiguous	   4
Hallman, Daniel (1722-1782)	ambiguous	   1
Hallman, Gustaf Adolf (1745-1818)	male	   1
Hällström, Carl Peter (1774-1836)	ambiguous	   1
Hällström, Carl Petter (1774-1836)	ambiguous	   1
Hällström, Gustaf Gabriel	ambiguous	   1
Hamberg, Peter (1718-1765)	NA	   1
Hambraeus, Lars (1750-1810)	NA	   1
Hamilton, George	ambiguous	   1
Hamilton, Hugo Adolf (1802-1871)	male	   1
Hammarsköld, Lorenzo (1785-1827)	ambiguous	   5
Hammarström, Eric (1750-1813)	ambiguous	   3
Hamnerin, Nils (1750-1806)	male	   2
Hansson, Joseph	ambiguous	   2
Happach, Lorenz Philipp Gottfried (1742-1814)	NA	   1
Hårleman, Carl (1700-1753)	ambiguous	   1
Harlingson, Samuel Gustaf (1740-1810)	male	   1
Harms, Claus (1778-1855)	NA	   1
Hartman, Gabriel Israel (1776-1809)	ambiguous	   1
Hartmansdorff, August (1792-1856)	ambiguous	   2
Hasselgren, Henricus Petri (1698-NA)	male	   1
Hauff, Wilhelm (1802-1827)	NA	   1
Hebenstreit, Johann Ernst (1703-1757)	ambiguous	   1
Hedberg, Pehr (1723-1797)	male	   1
Hederström, Carl Magnus (1782-1869)	ambiguous	   1
Hedin, Sven Anders (1750-1821)	NA	   2
Hedrén, Johan Jacob (1775-1861)	ambiguous	   2
Heidenreich, Esaias (1532-1589)	NA	   1
Heidenstam, Gustaf Daniel Von (1784-1850)	ambiguous	   1
Heil, Christian Wilhelm	ambiguous	   1
Heinrich, Carl Friedrich (1774-1838)	ambiguous	   2
Hellens, Carl Niclas Von (1745-1820)	ambiguous	   4
Hellman, Andreas (1719-1799)	ambiguous	   1
Hellzén, Pehr (1744-1811)	male	   1
Helme, Elizabeth (NA-1816)	ambiguous	   1
Helmfelt, Gustaf (1651-1674)	male	   1
Helsingberg, Johan (1750-1812)	ambiguous	   1
Helwig, Christoph (1581-1617)	NA	   1
Helwig, Jacob (1631-1684)	NA	   1
Henschen, Erasmus Gabriel (1756-1825)	ambiguous	   1
Henschen, Wilhelm Peter (1766-1816)	NA	   2
Herbst, Emanuel Jacob (1749-1806)	NA	   1
Herder, Johann Gottfried Von (1744-1803)	ambiguous	   1
Herlitz, David (1557-1636)	ambiguous	   2
Hermansson, Johan (1679-1737)	ambiguous	   2
Hermelin, Samuel Gustaf (1744-1820)	male	   2
Hersleb, Peder (1689-1757)	male	   1
Hervey, James (1714-1758)	NA	   1
Herweghr, Daniel (1720-1787)	ambiguous	   1
Hesselius, Andreas (1714-1762)	ambiguous	   6
Hierpe, Samuel (1700-1770)	NA	   1
Hildebrandt, Georg Friedrich (1764-1816)	ambiguous	   1
Hildebrandt, Johann Andreas Christoph (1763-1846)	ambiguous	   1
Hill, Carl Johan Danielsson (1793-1875)	ambiguous	   1
Hill, Matthew Davenport (1792-1872)	ambiguous	   1
Himselius, Gebhardus (1676-NA)	NA	   1
Hjelm, Peter Jacob (1746-1813)	NA	   1
Hjortberg, Gustaf Fredric (1724-1776)	male	   1
Hoburg, Christian (1607-1675)	ambiguous	   1
Hochschild, Johan Henrik (1711-1776)	ambiguous	   1
Hoefer, Johann Cyriacus (1600-NA)	ambiguous	   3
Hoffberg, Carl Fredrik (1729-1790)	ambiguous	   1
Hoffmann, Johann Adolph (NA-1731)	ambiguous	   2
Hogengård, Petrus Matthiæ (1600-NA)	male	   1
Högström, Pehr (1714-1784)	male	   1
Höjers, Johan Christian	ambiguous	   1
Holberg, Ludvig (1684-1754)	male	   4
Hollatius, David (1648-1713)	ambiguous	   1
Hollatz, David (1704-1771)	ambiguous	   1
Hollsten, Jonas	NA	   1
Holm, Alexander (1740-1818)	ambiguous	   1
Holm, Edvardus Johannis (1619-NA)	male	   1
Holm, Margareta Ericsdotter	NA	   1
Holmberg, And	ambiguous	   1
Holmberg, Johan Christopher (1743-1810)	ambiguous	   2
Holmberg, Michael	NA	   1
Holmberger, Lars Magnus (1790-1845)	male	   1
Holmbergson, Johan (1764-1842)	ambiguous	   1
Holmén, Bengt (1730-1794)	NA	   1
Holmertz, Petter (1705-1767)	NA	   1
Holthusen, Carl Johan Von (1715-1791)	ambiguous	   1
Hoof, Jacob Otto (1768-1839)	ambiguous	   2
Höök, Bengt (1652-1726)	NA	   1
Hoorn, Johan Von (1662-1724)	ambiguous	   1
Höpken, Anders Johan Von (1712-1789)	ambiguous	   2
Höpken, Daniel Niclas Von (1669-1741)	ambiguous	   1
Horatius Flaccus, Quintus	male	   1
Hörbeck, Johan Peter (1787-1857)	ambiguous	   1
Hörling, Jonas (1729-1784)	NA	   1
Horn, Clas Fredric (1763-1823)	male	   1
Hübner, Johann (1668-1731)	ambiguous	   2
Hülphers, Abraham Abrahamsson (1734-1798)	ambiguous	   2
Humbla, Gudmund (1700-1744)	male	   1
Humble, Christopher (1692-1773)	ambiguous	   1
Hume, David (1711-1776)	ambiguous	   1
Humerus, Zacharias Laurentii (1650-NA)	male	   1
Hummel, Arvid David (1778-1836)	ambiguous	   2
Hunold, Christian Friedrich (1680-1721)	ambiguous	   1
Hunter, John (1737-1821)	NA	   1
Huss, Johan Laurentii (1701-1768)	ambiguous	   1
Hvalström, Carl (1745-1785)	ambiguous	   1
Hydrén, Lars (1694-1789)	NA	   1
Hylander, Anders (1750-1830)	NA	   4
Hylander, Sven	NA	   1
Hyller, Martin (1575-1651)	ambiguous	   1
Ibn Al-wardī, ʻumar (1457-NA)	NA	   1
Ihre, Johan (1707-1780)	ambiguous	   2
Ihre, Lars Petter (1790-1833)	NA	   1
Inchbald, Elizabeth (1753-1821)	ambiguous	   1
Ingman-manderfelt, Carl (1747-1813)	ambiguous	   3
Ingman, Jonas (1713-1786)	NA	   1
Iser, Carl (1785-1809)	ambiguous	   1
Isopedius, Elias Petri (1613-1693)	NA	   1
Israelsson, Johan (1600-NA)	ambiguous	   1
Jakob,  (1566-1625)	male	   1
Janeway, James (1636-1674)	NA	   1
Jersin, Jens Dinesen (1588-1634)	NA	   1
Johannis, Michael (1600-NA)	NA	   1
Johannis, Zacharias (1597-1681)	male	   1
Johanssén, Christian (1746-1813)	ambiguous	   1
Jonae, Andreas (1582-1657)	ambiguous	   1
Jöransson, Christian Ludvig	ambiguous	   1
Josephsson, Jonas (1742-1790)	NA	   1
Josephus, Flavius	NA	   2
Junbeck, Petter Jonas	NA	   1
Junbeck, Theodorus (1663-1739)	male	   1
Jungblad, Bengt (1749-1834)	NA	   1
Jünger, Johann Friedrich (1759-1797)	ambiguous	   1
Juslén, Nils	male	   1
Juslenius, Gabriel Danielis (1666-1724)	ambiguous	   1
Ka, 	ambiguous	   1
Kähler, Ludwig August (1775-1855)	ambiguous	   2
Kalm, Pehr (1716-1779)	male	   9
Kalmberg, Adam Eric (1790-1864)	ambiguous	   1
Karl,  (1748-1818)	NA	   2
Karl,  (1763-1844)	NA	   5
Kellgren, Johan Henric (1751-1795)	ambiguous	   1
Kempe, Axel (1623-1682)	NA	   2
Kempenskiöld, Samuel (1599-1670)	NA	   1
Kempis, Thomas (1380-1471)	NA	   2
Kerndörffer, Heinrich August (1769-1846)	ambiguous	   1
Kernell, Per Ulrik (1797-1824)	NA	   1
Kexél, Olof (1748-1796)	NA	   6
Kexerus, Petrus (1691-1745)	male	   1
Kind, Friedrich (1768-1843)	male	   1
Kingo, Thomas (1634-1703)	NA	   1
Kjellberg, Johan Peter (1768-1832)	ambiguous	   1
Klefbeck, Johan (1721-1784)	ambiguous	   1
Klefberg, Petrus (1681-1741)	male	   1
Kliesz, Johann Joachim	ambiguous	   1
Klinckowström, Otto (1683-1731)	ambiguous	   1
Klingenstierna, Samuel (1698-1765)	NA	   2
Klingspor, Christian Joachim (1714-1778)	ambiguous	   1
Klingspor, Wilhelm Mauritz (1744-1814)	male	   1
Klint, Gustaf Af (1771-1840)	ambiguous	   1
Knöppel, Christopher (1718-1800)	ambiguous	   1
Knorring, Gustaf Von (1772-1823)	ambiguous	   1
Knös, Gustaf (1773-1828)	male	   1
Knutberg, Carl (1712-1780)	ambiguous	   1
Koch, Christophe Guillaume De (1737-1813)	ambiguous	   1
Koch, Michael (1715-1789)	NA	   1
Kock, Carl Anton (1788-1843)	ambiguous	   1
Köler, Johann (1641-1712)	ambiguous	   1
Kollbecchius, Petrus Jonae (1625-1680)	male	   1
Kolmodin, Erik (1630-1665)	ambiguous	   1
Kolmodin, Israel (1643-1709)	NA	   1
Kolmodin, Olof (1690-1753)	NA	   1
Kolmodin, Olof (1766-1838)	NA	   1
König, Christian (1678-1762)	ambiguous	   2
Kotzebue, August Von (1761-1819)	ambiguous	   2
Kraftman, Johan (1713-1791)	ambiguous	   3
Kreander, Johannes	male	   1
Krok, Johan Peter (1791-1868)	ambiguous	   1
Krook, Samuel (1661-1716)	NA	   1
Kryger, Johan Fredrik (1707-1777)	ambiguous	   2
Krzewski, Abraham	ambiguous	   1
Kühn, Friederike Henriette (1779-1803)	female	   1
Kuitinen, Thomas Andersson	male	   1
Kullman, Eric (1758-1804)	ambiguous	   2
La Guérinière, François Robichon De (1688-1751)	ambiguous	   1
La Salle, Adrien-nicolas De (1735-1818)	ambiguous	   1
La Serre, Jean Puget De (1600-1665)	ambiguous	   2
La Tocnaye, Jacques-louis De (1767-1823)	ambiguous	   1
Lacroix De Niré, Jean Louis (1766-1813)	ambiguous	   1
Lafontaine, August Heinrich Julius (1758-1831)	ambiguous	   8
Lagerberg, Lars Herman (1736-1777)	NA	   1
Lagerbring, Sven (1707-1787)	NA	   8
Lagergren, Jonas Johan (1759-1833)	ambiguous	   1
Lagerhjelm, Pehr (1787-1856)	male	   1
Lagerström, Magnus (1691-1759)	male	   1
Lallærus, Magnus Magni (1600-NA)	ambiguous	   1
Lamér, Magnus	male	   1
Landerbeck, Nils (1735-1810)	male	   1
Landtmanson, Johan Petter	ambiguous	   1
Lanerius, Gabriel (1706-1772)	ambiguous	   1
Lang, Nils Von	ambiguous	   1
Langen, 	ambiguous	   1
Langhansen, Christian (1660-1727)	ambiguous	   1
Lannér, Israel (1737-1799)	NA	   2
Lannerus, Jonas Jacobi (1600-NA)	male	   1
Lantier, étienne François De (1734-1826)	ambiguous	   1
Las Cases, Emmanuel-augustin-dieudonné-joseph (1766-1842)	NA	   1
Latocnaye, De Bougrenet De	ambiguous	   1
Laurel, Lars (1705-1793)	NA	   1
Laurelius, Olof (1585-1670)	NA	   3
Lauremberg, Peter (1585-1639)	NA	   1
Laurin, Eric Petter (1766-1828)	ambiguous	   1
Lavater, Johann Caspar (1741-1801)	ambiguous	   2
Lavin, Joseph (1724-1782)	ambiguous	   1
Le Vaillant, François (1753-1824)	NA	   1
Leffler, Niclas (1775-1828)	male	   1
Lefrén, Johan Peter (1784-1862)	ambiguous	   1
Lehnberg, Magnus (1758-1808)	male	   2
Lehndorf-bandels, August Adolph Leopold Von	ambiguous	   1
Leijonmarck, Gustaf Adolph	ambiguous	   1
Lemström, Henric (1740-1771)	male	   1
Lemwijk, Olof Swensson (1640-1677)	NA	   1
Lenaeus, Johannes Canuti (1573-1669)	male	   1
Lenæus, Johannes Canuti (1573-1669)	male	   1
Lenaeus, Knut Nilsson (1688-1776)	male	   1
Lenngren, Anna Maria (1754-1817)	ambiguous	   2
Lenz, Christian David (1720-1798)	ambiguous	   1
Leopold, Carl Gustaf Af (1756-1829)	ambiguous	   3
Leuhusen, Carl (1724-1795)	ambiguous	   2
Levesius, Augustinus	male	   1
Lewenhaupt, Charles Emil (1721-1796)	ambiguous	   1
Lewis, Matthew Gregory (1775-1818)	ambiguous	   1
Lhomond, Charles François	ambiguous	   1
Lidner, Bengt (1757-1793)	NA	   3
Liedbeck, Lars (1707-1762)	NA	   1
Liliestråle, Joachim Wilhelm (1721-1807)	NA	   1
Liljeblad, Samuel (1761-1815)	NA	   3
Liljegren, Johan Gustaf (1791-1837)	ambiguous	   1
Liljencrants, Johan (1730-1815)	ambiguous	   1
Liljensparre, Henrik (1738-1814)	male	   1
Lillieblad, Gustaf Peringer (1651-1710)	male	   1
Lilly, William (1602-1675)	ambiguous	   1
Limnell, Abraham Niclas (1791-1834)	ambiguous	   1
Lindahl, Olof (1762-1832)	NA	   1
Lindberg, Per	NA	   1
Lindblom, Jacob Axelsson (1746-1819)	NA	   1
Lindbom, Olof (1719-1773)	NA	   2
Lindegren, Carl (1770-1815)	ambiguous	   1
Linderot, Lars (1761-1811)	NA	   1
Lindeskog, Peter Eriksson (1766-1821)	male	   1
Lindfors, Anders Otto (1781-1841)	ambiguous	   2
Lindh, Nils Magnus (1775-1835)	male	   3
Lindheim, Simon	ambiguous	   1
Lindhult, Daniel Erik	ambiguous	   1
Lindström, Johan Erik	ambiguous	   1
Ling, Per Henrik (1776-1839)	male	   1
Linné, Carl Von (1707-1778)	ambiguous	   2
Linnerhielm, Jonas Carl (1758-1829)	ambiguous	   1
Liscovius, Salomon (1640-1689)	male	   1
Lissander, Anders (1704-1786)	NA	   3
Lithander, Carl Ludvig (1773-1843)	ambiguous	   1
Lithomannus, Andreas Matthiae (1689-NA)	ambiguous	   1
Lithovius, Isaac (1677-1730)	NA	   1
Livijn, Clas (1781-1844)	NA	   1
Livius, 	male	   2
Loccenius, Johannes (1598-1677)	male	   1
Löfving, Joh An D Aniel	ambiguous	   1
Löfving, Johan Daniel	ambiguous	   1
Lorich, Hans Peter (1712-1798)	NA	   1
Loskiel, Georg Heinrich (1740-1814)	ambiguous	   1
Low, David	ambiguous	   1
Löwegren, Georg (1775-1833)	ambiguous	   1
Löwenhielm, Gustaf (1771-1856)	male	   3
Löwenhielm, Severin (1778-1826)	NA	   1
Löwing, Henric (1708-1768)	male	   1
Lubomirski, Johan Albert	ambiguous	   1
Luderhoff, Andreas Jonae (1695-NA)	ambiguous	   1
Ludovici, Michael	NA	   1
Ludwig, Daniel (1625-1680)	ambiguous	   1
Lund, Christian (1727-1795)	ambiguous	   1
Lund, Olof Benjamin	ambiguous	   2
Lund, Pehr Af (1737-1806)	ambiguous	   1
Lund, Peter	NA	   1
Lundahl, Johannes Laur	male	   1
Lundberg, Peter (1713-1787)	NA	   1
Lundblad, Johan (1753-1820)	ambiguous	   4
Lundblad, Sven (1776-1837)	NA	   1
Lundelius, Anders (1659-1720)	NA	   1
Lundius, Carl (1638-1715)	ambiguous	   1
Lundius, Daniel (1666-1747)	ambiguous	   1
Lundström, Erik (1720-1777)	ambiguous	   1
Lundström, Johan Peter (1783-1868)	ambiguous	   1
Luth, Axel P (1708-1781)	NA	   1
Luther, Martin (1483-1546)	ambiguous	   8
Luttemann, Johan (1752-1828)	ambiguous	   1
Lynar, Heinrich Casimir Gottlob Von (1748-1796)	ambiguous	   1
Lysén, Leonard Gabriel (1775-1844)	ambiguous	   1
Lyth, Henrik (1782-1859)	male	   1
Magnus, Johannes (1488-1544)	male	   1
Mallén, Elias Emanuel (1783-1863)	NA	   2
Mallet Du Pan, Jacques (1749-1800)	ambiguous	   1
Malm, Alexander (1748-1801)	ambiguous	   1
Malmström, Michael (1797-1863)	NA	   1
Manderström, Christopher (1727-1788)	ambiguous	   2
Månsson, Arvid (1590-1649)	NA	   1
Månsson, Johan	ambiguous	   1
Månsson, Måns	NA	   1
Manthey, Johan Daniel Timotheus (1771-1831)	ambiguous	   1
Marabotto, Antonio	NA	   1
Marcadet, Jean	ambiguous	   2
Marcandier, 	NA	   1
Marées, Simon Ludwig Eberhard De (1717-1802)	ambiguous	   1
Marggraff, Johan Georg (1679-1742)	ambiguous	   1
Marini, Giovanni Ambrogio De (1594-1650)	ambiguous	   1
Marquard, Carl Fredrik (1766-1809)	ambiguous	   1
Marsollier Des Vivetières, Benoît Joseph (1750-1817)	ambiguous	   1
Martin, Roland (1726-1788)	NA	   1
Mathesius, Aron (1736-1808)	ambiguous	   1
Maton De La Varenne, Pierre Anne Louis De (1760-1813)	ambiguous	   1
Matthiæ, Johannes (1593-1670)	male	   1
Maupertuis, Pierre Louis Moreau De (1698-1759)	ambiguous	   1
Mayer, Johann Friedrich (1650-1712)	ambiguous	   1
Meerman, J Ohan	male	   1
Meisner, David (1594-1630)	ambiguous	   1
Meissner, August Gottlieb (1753-1807)	ambiguous	   1
Meissner, C W	NA	   1
Melanderhielm, Daniel (1726-1810)	ambiguous	   2
Melin, Eric (1659-1711)	ambiguous	   1
Melkorstadindal, Magnus Andreae (1633-NA)	male	   1
Menabenus, Apollonius (1500-NA)	male	   1
Mennander, Carl Fredrik (1712-1786)	ambiguous	   2
Mentzer, Balthasar (1679-1741)	male	   1
Mentzer, Carl Magnus	ambiguous	   1
Messenius, Johannes (1579-1636)	male	   3
Meyer, Johannes (1600-NA)	male	   1
Michaelson, 	male	   1
Michelessi, Domenico (1735-1773)	NA	   1
Mickel, Johann Friedrich (1680-1752)	ambiguous	   1
Miège, Guy (1644-1718)	ambiguous	   1
Mikael,  (1640-1673)	NA	   1
Miller, Johann Peter (1725-1789)	ambiguous	   1
Milner, Joseph (1744-1797)	ambiguous	   1
Modeer, Adolph (1739-1799)	ambiguous	   1
Molière,  (1622-1673)	NA	   2
Moliz, Johan (1711-1757)	ambiguous	   1
Moller, Arvid	NA	   1
Möller, Eric P	ambiguous	   1
Möller, Johan (1738-1805)	ambiguous	   3
Mollerus, Martin (1547-1606)	ambiguous	   1
Momma, Peter (1711-1772)	NA	   1
Montesquieu, Charles Louis De Secondat (1689-1755)	ambiguous	   1
Morgan,  (1783-1859)	ambiguous	   1
Mörk, Gustaf Fredrik	male	   1
Mörk, Jacob Henrik (1714-1763)	male	   3
Mörner, Adolf Göran (1773-1838)	male	   2
Morström, Anders (1784-1830)	NA	   1
Mörth, N A	NA	   1
Mouhy, Charles De Fieux (1701-1784)	ambiguous	   1
Muhrbeck, Lorentz (1700-1769)	NA	   2
Müller, Carl (1778-1830)	ambiguous	   1
Müller, Gottlieb	male	   1
Müller, Heinrich (1631-1675)	NA	   1
Müller, Johann Gottwerth (1743-1828)	ambiguous	   2
Müller, Johannes Von (1752-1809)	ambiguous	   1
Müller, Laurentius (1500-NA)	NA	   1
Munck, Petrus (1732-1803)	male	   3
Münscher, Wilhelm	NA	   1
Münter, Balthasar (1735-1793)	male	   1
Munthe, Sven Hansson (1718-1790)	NA	   1
Murbeck, Peter (1708-1766)	NA	   2
Murray, Adolph (1751-1803)	ambiguous	   1
Murray, Andreas (1695-1771)	ambiguous	   2
Murray, Gustaf (1747-1825)	male	   2
Næzén, Daniel Eric (1752-1808)	ambiguous	   1
Nathorst, Johan Theophilus (1760-1798)	ambiguous	   1
Naundorff, Aegidius	male	   1
Neipperg, Adam Adalbert Von (1775-1829)	ambiguous	   1
Nelander, Johan (1709-1789)	ambiguous	   1
Nemesios, 	NA	   1
Nettelbladt, Fredrik (1774-1850)	male	   1
Neumann, Jacob (1772-1848)	NA	   1
Nicander, Anders (1707-1781)	NA	   2
Nicander, Henrik (1744-1815)	male	   1
Nicander, Petrus	male	   1
Nicolai, Karl	NA	   1
Nicolai, Laurentius (1540-1622)	NA	   1
Niemeyer, August Hermann (1754-1828)	ambiguous	   1
Nilsson, Tufwe (1785-1855)	male	   1
Nisser, Samuel Conradsson (1760-1814)	NA	   1
Nohrborg, Daniel (1739-1819)	ambiguous	   1
Norberg, Matthias (1747-1826)	male	   2
Nordberg, Jöran Andersson (1677-1744)	male	   2
Nordblad, Carl (1778-1855)	ambiguous	   1
Nordell, Anders Lorentz (1750-1829)	NA	   1
Nordencrantz, Anders (1697-1772)	NA	   5
Nordenflycht, Hedvig Charlotta (1718-1763)	female	   1
Nordforss, Carl Gustaf (1763-1832)	ambiguous	   2
Nordin, Carl Gustaf (1749-1812)	ambiguous	   2
Nordlander, Nils (1796-1874)	male	   1
Nordstedt, Gustaf (1683-1757)	male	   1
Nordström, Henrik Andersson (1772-1837)	male	   4
Norelius, Matthias Rudolph (1741-1799)	male	   1
Norgren, Elias	NA	   1
Norman, Carl (1729-1798)	ambiguous	   1
Norrelius, Andreas (1679-1749)	ambiguous	   1
Norvins, Jacques Marquet De Montbreton (1769-1854)	ambiguous	   1
Nyberg, Carl	ambiguous	   1
Nyberg, Hindric (1771-1847)	male	   1
Nyerup, Rasmus (1759-1829)	NA	   1
Nyrén, Carl (1726-1789)	ambiguous	   1
Odel, Anders (1718-1773)	NA	   1
Odhelius, Ericus Haquini (1620-1666)	male	   1
Odhelius, Johan Lorens (1737-1816)	ambiguous	   1
Odhelius, Thore (1705-1777)	NA	   1
Odhelius, Torerus Erici (1612-1682)	NA	   1
ödmann, Samuel (1750-1829)	NA	   4
Oest, Johann Friedrich (1755-1815)	ambiguous	   1
Olafsen, John (1731-1811)	NA	   1
Olai, Haraldus (1622-NA)	male	   1
Olbers, Levin (1767-1824)	NA	   3
örbom, Anders Gustaf (1753-1794)	male	   1
örneklou, Per (1635-1701)	NA	   1
örnhjälm, Claudius (1627-1695)	NA	   1
Orrelius, Magnus (1717-1794)	male	   1
Osander, Olof (1700-1787)	NA	   1
Osbeck, Carl Gustaf (1766-1841)	ambiguous	   1
östberg, Johan	ambiguous	   3
Outhier, Réginald (1694-1774)	NA	   1
Oxelberg, Pehr (1752-1821)	male	   1
Oxenstierna Af Croneborg, Johan Thuresson	ambiguous	   3
Pachius, Petrus (1579-NA)	male	   4
Påhlman, Otto Fredric (1785-1822)	ambiguous	   1
Palatin, G	NA	   1
Palma, Jonas Germundi (1580-1642)	male	   1
Palmblad, Vilhelm Fredrik (1788-1852)	male	   2
Palmeer, Andreas (1710-1783)	ambiguous	   1
Palmér, Georg	ambiguous	   1
Palmfelt, Gustaf (1680-1744)	male	   1
Palmqvist, Fredrik (1720-1771)	male	   1
Palmqvist, Johan (1668-1716)	ambiguous	   1
Papi, Antonio (1659-1740)	NA	   1
Papke, Carl (1687-1740)	ambiguous	   1
Papst, Johann Georg Friedrich (1754-1821)	ambiguous	   1
Parfait Dubocage St Hermine, L	NA	   1
Parmentier, Antoine Augustin (1737-1813)	ambiguous	   1
Paterson, John (1776-1855)	NA	   1
Patkul, Johan Reinold (1660-1707)	ambiguous	   1
Paulli, Jochum Richard	ambiguous	   1
Pelli, Giuseppe	male	   1
Perin, Abbé	NA	   1
Perronet, Jean Rodolphe	ambiguous	   1
Persson, Knut Pehr	male	   1
Petræus, Ericus (1603-1697)	male	   1
Petré, Axel (1775-1850)	NA	   1
Petri, Olaus (1493-1552)	male	   1
Petrovna, Elizabet (1709-1762)	NA	   1
Pettersson, Abraham (1724-1763)	ambiguous	   2
Pettersson, Daniel (1720-1802)	ambiguous	   1
Pfaff, Christian Heinrich (1773-1852)	ambiguous	   1
Pfeiff, Friedrich (1738-1798)	male	   1
Phaedrus, 	male	   2
Phrygius, Sylvester (1572-1628)	ambiguous	   1
Picquenard, Jean-baptiste (1771-1826)	male	   1
Pihlgren, Gustaf	male	   1
Pincier, Samuel Hermansson (1697-1718)	NA	   1
Pinetti, Giuseppe	male	   1
Piranesi, Francesco (1756-1810)	NA	   1
Plagemann, Johann Joachim Friedrich (1740-1806)	ambiguous	   1
Plenning, Johan (1717-1750)	ambiguous	   1
Plutarchos, 	NA	   1
Polhem, Christopher (1661-1751)	ambiguous	   1
Pons De Castelvi, Fabricio	male	   1
Pontin, Magnus Af (1781-1858)	ambiguous	   1
Pontinus, Magnus (1623-1691)	male	   1
Pope, Alexander (1688-1744)	ambiguous	   1
Poppe, Johann Heinrich Moritz Von (1776-1854)	ambiguous	   1
Porthan, Henrik Gabriel (1739-1804)	ambiguous	   2
Posse, Mauritz (1712-1787)	male	   1
Posselt, Ernst Ludwig (1763-1804)	male	   1
Prahl, Niels (1724-1792)	male	   1
Prätzel, Karl Gottlieb (1785-1861)	male	   1
Propiac, Catherine Joseph Ferdinand Girard De (1759-1822)	ambiguous	   1
Prytz, Johannes Johannis (1598-1632)	male	   1
Psilanderhielm, Nils (1706-1768)	male	   1
Pufendorf, Samuel Von (1632-1694)	ambiguous	   4
Quétant, Antonine François (1733-1823)	NA	   1
Qvirsfeld, Johann (1642-1686)	ambiguous	   1
Rabe, Casten (1770-1836)	NA	   1
Rabener, Gottlieb Wilhelm (1714-1771)	male	   2
Rabenius, Olof (1730-1772)	NA	   1
Rademine, Carl Eric (1771-1823)	ambiguous	   1
Radloff, Fredrik Wilhelm	male	   1
Ragotzky, Karl August (1823-NA)	ambiguous	   1
Rahtken, Albertus (1600-NA)	NA	   1
Rålamb, åke (1651-1718)	NA	   3
Rambach, Johann Jacob (1693-1735)	ambiguous	   3
Ramus, Jonas (1649-1718)	NA	   1
Rappe, Carl (1772-1831)	ambiguous	   1
Rathe, Petrus (NA-1754)	male	   1
Rauthelius, Johannes Danielis (1704-NA)	ambiguous	   1
Regnault-warin, Jean Baptiste Joseph Innocent Philadelphe (1771-1844)	ambiguous	   1
Reinhard, Franz Volkmar (1753-1812)	male	   1
Renhorn, Olof Bidenius (1706-1764)	NA	   1
Restadius, Lars (1752-1832)	NA	   1
Retzius, Anders Jahan (1742-1821)	NA	   4
Retzius, Lorentz Christopher (1745-1818)	ambiguous	   2
Retzius, Magnus Christian (1795-1871)	ambiguous	   1
Reuterdahl, Henrik (1795-1870)	male	   1
Reuterskiöld, Jan Evert	male	   1
Reuterstedt, Johan (1708-1774)	ambiguous	   1
Rhodin, Peter Niclas (1791-1862)	male	   1
Rhyzelius, Andreas Olavi (1677-1761)	ambiguous	   6
Richardson, Jacob (1687-1759)	NA	   1
Richardson, Samuel (1689-1761)	NA	   1
Richer, Adrien (1720-1798)	ambiguous	   1
Richmond, Legh (1772-1827)	male	   1
Richter, August Gottlieb (1742-1812)	ambiguous	   1
Riddermarck, Andreas (1651-1707)	ambiguous	   1
Ridderstolpe, Fredrik Ludvig (1783-1852)	male	   1
Ristell, Carl Fredrik (1710-1787)	ambiguous	   1
Roberg, Lars (1664-1742)	NA	   2
Roche, Regina Maria (1764-1845)	ambiguous	   2
Roempke, Magnus (1756-1828)	male	   2
Rogberg, Carl Georg (1789-1834)	ambiguous	   1
Rohlwes, Johann Nicolaus (1755-1823)	ambiguous	   1
Roland, Erik Von (1675-1754)	ambiguous	   1
Rollin, Charles (1661-1741)	ambiguous	   1
Romagnesi, Jean Antoine (1690-1742)	ambiguous	   1
Romanson, Henrik Wilhelm (1776-1853)	male	   1
Rönbeck, Carl Sonnberg (1765-1841)	ambiguous	   2
Rönbeck, Jöns (1685-1740)	NA	   1
Rondeletius, Jacobus Petri (1580-1662)	NA	   1
Rönnow, Magnus (1665-1735)	male	   5
Roos, Anders (1777-1824)	NA	   1
Roos, Carl Gustaf	ambiguous	   1
Roos, Magnus Friedrich (1727-1803)	male	   1
Roos, O Lof G Ustaf	male	   2
Roos, Petrus (1740-1832)	male	   2
Rosenadler, Johan (1664-1743)	ambiguous	   1
Rosenblad, Eberhard (1714-1796)	NA	   1
Rosenblad, Matthias (1758-1847)	male	   2
Rosenhane, Gustaf (1619-1684)	male	   1
Rosenhane, Schering (1754-1812)	NA	   1
Rosenheim, Wilhelm Fredrik Joachim Von (1755-1822)	ambiguous	   2
Rosenmüller, Johann Georg (1736-1815)	ambiguous	   1
Rosenstein, Carl Von (1766-1836)	ambiguous	   2
Rosenstein, Nils Von (1752-1824)	ambiguous	   1
Rosinus, Richardus Richardi (1676-NA)	male	   1
Rothlieb, Carl Fredrik (1783-1835)	ambiguous	   2
Rothman, Jacob Gabriel (1721-1772)	ambiguous	   1
Rousseau, Jean-jacques (1712-1778)	male	   1
Rudbeck, Johan Olof (1711-1790)	ambiguous	   3
Rudbeck, Olof (1630-1702)	NA	   2
Rudbeck, Olof (1660-1740)	NA	   5
Rudbeck, Thure Gustaf (1714-1786)	male	   4
Rudbeckius, Johannes (1581-1646)	male	   3
Rudbeckius, Petrus Johannis (1578-1629)	male	   1
Rudbeckius, Petrus Johannis (1625-1701)	male	   1
Rudén, Thorsten (1661-1729)	male	   2
Ruder, Gustav (1708-1771)	NA	   1
Rudman, Andreas (1668-1708)	ambiguous	   1
Rudolph, Friedrich Christian	ambiguous	   1
Rulin, Johan	ambiguous	   1
Rumstedt, Samuel (1770-1855)	NA	   1
Runeberg, Edvard Fredric (1721-1802)	male	   1
Runeberg, Ephraim Otto (1722-1770)	ambiguous	   1
Runkrantz, Carl	ambiguous	   2
Russel, John (1792-1878)	NA	   1
Rutström, Anders Carl (1721-1772)	ambiguous	   1
Rydelius, Andreas (1671-1738)	ambiguous	   2
Rydelius, Magnus (1676-1742)	male	   1
Sachs, Michael (1542-1618)	NA	   2
Sagramoso, Michele Enrico (1720-1791)	ambiguous	   1
Salander, Eric (1699-1764)	ambiguous	   1
Saltza, Edvard Fredrik Von (1775-1859)	ambiguous	   2
Salvius, Lars (1706-1773)	NA	   2
Salzmann, Christian Gotthilf (1744-1811)	ambiguous	   1
Samzelius, Abraham (1723-1773)	ambiguous	   1
Sandel, Andreas (1671-1744)	ambiguous	   1
Sandels, Samuel	NA	   1
Santesson, Jöns Bernhard (1727-1809)	male	   1
Santi, Wassili	male	   1
Saurin, Jacques (1677-1730)	ambiguous	   1
Scarin, Algot (1684-1771)	NA	   2
Schantz, Gustaf Von (1775-1847)	ambiguous	   3
Scheffer, Carl Fredrik (1715-1786)	ambiguous	   1
Schefferus, Johannes (1621-1679)	male	   1
Schelling, Friedrich Von (1775-1854)	ambiguous	   1
Scheningensis, Arvidus (1609-1663)	male	   1
Schenmark, Johan (1753-1837)	ambiguous	   2
Schick, Johan (1709-1755)	ambiguous	   1
Schiller, Friedrich Von (1759-1805)	ambiguous	   7
Schilling, Friedrich Gustav (1766-1839)	male	   2
Schlegel, August Wilhelm (1767-1845)	ambiguous	   2
Schlegel, J Ohan F Redrik W Ilhelm	male	   1
Schlemm, Johann	ambiguous	   1
Schoerbing, Carl Magnus (1754-1829)	ambiguous	   2
Schön, Christian	ambiguous	   1
Schonæus, Cornelius (1541-1611)	ambiguous	   1
Schönberg, Anders (1737-1811)	NA	   4
Schopenhauer, Johanna (1766-1838)	NA	   2
Schottenius, Petrus Johannis (1607-1667)	male	   1
Schreiber, Aloys Wilhelm (1761-1841)	NA	   2
Schröder, Eric (1727-1797)	ambiguous	   1
Schröder, Herman (1676-1744)	NA	   1
Schröder, Johan Henrik (1791-1857)	ambiguous	   1
Schröderheim, Elis (1747-1795)	ambiguous	   1
Schroderus, Ericus Johannis (1608-1639)	male	   1
Schuan, Eric	ambiguous	   1
Schubart, Tobias	NA	   2
Schubert, Friedrich Wilhelm Von (1788-1856)	ambiguous	   2
Schubert, Gotthilf Heinrich Von (1780-1860)	ambiguous	   1
Schultén, Nathanael Gerhard Af (1750-1825)	ambiguous	   3
Schultz, Johann Matthias	ambiguous	   1
Schulz, Friedrich (1762-1798)	male	   1
Schulz, Joachim Christoph Friedrich (1762-1798)	male	   1
Schulzenheim, David Von (1732-1823)	ambiguous	   2
Schütz, Johann Jacob (1640-1690)	ambiguous	   1
Schützercrantz, Herman (1713-1802)	NA	   1
Schwab, Konrad Ludwig	male	   1
Schwartz, C G	NA	   1
Scott, Walter (1771-1832)	ambiguous	   5
Scriver, Christian (1629-1693)	ambiguous	   1
Sebaldt, Carl Fredric (1713-1792)	ambiguous	   2
Sebell, Georg Peter (1768-1839)	ambiguous	   1
Sefström, Eric	ambiguous	   1
Segerman, Lars (1765-1853)	NA	   1
Segerstedt, Albrecht Julius (1763-1815)	male	   1
Seidel, J Tobias	NA	   1
Seiler, Georg Friedrich (1733-1807)	ambiguous	   1
Sellander, Magnus (1743-1828)	male	   1
Sellergren, Peter Lorenz (1769-1843)	NA	   1
Serenius, Jacob (1700-1776)	NA	   2
Seseman, Hans Jacob (1751-1819)	NA	   2
Seton, Alexander (1768-1828)	ambiguous	   1
Sévelinges, Charles Louis De (1767-1832)	ambiguous	   1
Shakespeare, William (1564-1616)	ambiguous	   1
Sheridan, John Richard	ambiguous	   1
Sheriffe, Sarah	ambiguous	   1
Siberg, Anders (1724-1794)	NA	   1
Sigorgne, Pierre (1719-1809)	NA	   1
Silfversparre, Gustaf Ulric (1760-1829)	male	   1
Silfversparre, Lars Johan (1700-1754)	ambiguous	   1
Silfversparre, Nils Harald (1722-1796)	male	   1
Silfverstedt, Märta (1740-1795)	NA	   1
Sillén, Georg Axel Af (1772-1858)	ambiguous	   1
Silverstolpe, Axel Gabriel (1762-1816)	ambiguous	   1
Silvius, Elias (1731-1778)	NA	   1
Sind, Johann Von	ambiguous	   1
Sinold Von Schütz, Philipp Balthasar (1657-1742)	male	   2
šiškov, Aleksandr Semenovič (1754-1841)	male	   1
Sivers, Henric Jacob (1709-1758)	male	   2
Sjöbeck, Joh An Carl	ambiguous	   1
Sjöberg, Lorenz Carl (1753-1825)	ambiguous	   1
Sjöbohm, David (1752-1789)	ambiguous	   1
Sjöborg, Nils Henrik (1767-1838)	male	   2
Sjögren, Gustav Olof	NA	   1
Sjögren, Håkan (1727-1815)	NA	   1
Sjöström, Axel Gabriel (1794-1846)	ambiguous	   1
Skjöldebrand, Anders Fredrik (1757-1834)	male	   1
Skjöldebrand, Eric (1722-1814)	ambiguous	   2
Skytte Schroderus, Johan Bengtsson (NA-1645)	ambiguous	   1
Skytte, Lars (1610-1696)	NA	   2
Smith, Hugh	NA	   1
Smollett, Tobias George (1721-1771)	ambiguous	   1
Snell, Johann Peter Ludwig	ambiguous	   1
Snellman, Henric (1780-1835)	male	   1
Socher, Joseph (1755-1834)	ambiguous	   1
Sohm, Peter (1750-1819)	NA	   1
Soilander, Pehr (1716-1792)	male	   1
Soltau, Wilhelm	NA	   1
Sommelius, Gustaf Johan (1726-1800)	ambiguous	   1
Sommelius, Sven Gustaf (1769-1845)	male	   1
Sørensen, Niels (1607-1677)	male	   1
Spak, Olof (1741-1806)	NA	   1
Spaldencreutz, Arvid Johan (1782-1828)	ambiguous	   1
Spalding, Johann Joachim (1714-1804)	ambiguous	   1
Spangenberg, Johann (1484-1550)	ambiguous	   1
Sparre, Carl (1723-1791)	ambiguous	   1
Sparrman, Nils (1668-1722)	male	   1
Sparschuch, Johan (1699-1781)	ambiguous	   1
Spegel, Haquin (1645-1714)	male	   1
Spener, Philipp Jacob (1635-1705)	NA	   1
Sperling, Johann (1603-1658)	ambiguous	   1
Spiess, Christian Heinrich (1755-1799)	ambiguous	   1
Spole, Anders (1630-1699)	NA	   6
Stabeck, Gustaf (1778-1831)	male	   1
Staël Von Holstein, Corfitz Ludvig (1753-1819)	male	   1
Stagnelius, Magnus (1746-1829)	male	   1
Ståhl, Magnus Laurentius (1761-1843)	male	   1
Starinius, Benedictus Magni (1667-NA)	ambiguous	   1
Stauden, Abraham Von (1741-1776)	ambiguous	   1
Steinorth, Hans Joch	male	   1
Stenbock, Magnus (1665-1717)	male	   2
Stenhagen, Peter (1711-1772)	NA	   1
Stenhammar, Matthias (1766-1845)	male	   1
Stenholm, Carl (1752-1783)	ambiguous	   1
Sterne, Laurence (1713-1768)	ambiguous	   1
Steuchius, Matthias (1644-1730)	male	   2
Stierneman, Olof Von (1725-1808)	ambiguous	   1
Stierngranat, Carl Johan (1730-1802)	ambiguous	   1
Stiernhöök, Johan Olofsson (1596-1675)	ambiguous	   2
Stiernman, Anders Anton Von (1695-1765)	ambiguous	   1
Stiernsparre, Axel Magnus (1721-1792)	male	   1
Stjerneld, Adolf Ludvig (1755-1835)	male	   1
Stobæus, Andreas (1642-1714)	ambiguous	   1
Stobaeus, Nils (1694-1754)	male	   1
Stoltz, Matthias (1768-1814)	male	   1
Strand, Olof (1690-1749)	NA	   1
Strandberg, Arfvid Gabriel	ambiguous	   1
Strandberg, Olof (1721-1814)	NA	   1
Strang, Carl Wilhelm (1735-1788)	ambiguous	   1
Strangh, Eric Robert	ambiguous	   1
Strauch, Aegidius (1647-1709)	male	   1
Strauss, Friedrich (1786-1863)	male	   1
Stricker, Johan Christopher (1726-1792)	ambiguous	   2
Stridsberg, Carl (1755-1819)	ambiguous	   1
Sturm, Christoph Christian (1740-1786)	ambiguous	   1
Sundelius, Hans Olof (1764-1821)	NA	   2
Sundevall, Matthias (1763-1847)	male	   1
Sundström, Johan Jacob (1760-1829)	ambiguous	   1
Sunonis, Olavus (1604-1680)	male	   1
Svanholm, Anna Kajsa (NA-1791)	ambiguous	   1
Svebilius, Olof (1624-1700)	NA	   7
Svedelius, Jacob (1693-1763)	NA	   1
Svedelius, Pehr (1732-1805)	male	   1
Svedenstierna, Eric Th Omas	male	   1
Sveno-wivallius, Johannes Svenonis (1600-NA)	male	   1
Svenonius, Enevald (1617-1688)	male	   1
Svensson, Jon	ambiguous	   1
Swartz, Olof (1760-1818)	NA	   1
Swebilius, Georg (1669-1731)	ambiguous	   1
Swedberg, Jesper (1653-1735)	NA	   2
Swedenborg, Emanuel (1688-1772)	NA	   5
Swederus, Magnus (1748-1836)	male	   2
Swederus, Nils Samuel (1751-1833)	male	   1
Swieten, Gottfried Van (1733-1803)	ambiguous	   2
Swift, Jonathan (1667-1745)	NA	   1
Synnerberg, Lars Nilsson (1738-NA)	male	   1
Tammelin, Lars (1669-1733)	NA	   1
Tavaststjerna, Carl Gustaf (1774-1855)	ambiguous	   1
Tegnér, Esaias (1782-1846)	NA	   2
Terserus, Adolphus Elai (1604-1659)	male	   1
Tersmeden, Carl (1715-1797)	ambiguous	   1
Tessin, Carl Gustaf (1695-1770)	ambiguous	   3
Tham, Pehr (1737-1820)	male	   5
Thenstedt, Nathanael (1731-1808)	NA	   1
Thersner, Ulrik (1779-1828)	NA	   1
Thiebaut De Berneaud, Arsenne (1777-1850)	ambiguous	   1
Tholander, Per Wilhelm (1770-1815)	NA	   1
Thomas, Antoine-léonard (1732-1785)	NA	   1
Thomée, Gustaf Henric (1763-1823)	male	   2
Thorild, Thomas (1759-1808)	NA	   2
Thorinus, Jacobus Andreae (1696-NA)	male	   1
Thun, Josef (1661-1721)	male	   1
Thunberg, Carl Peter (1743-1828)	ambiguous	   2
Thunman, Hans (1746-1778)	NA	   1
Tiällmann, Nils (1652-1718)	male	   1
Tibell, Gustaf Wilhelm Af (1772-1832)	ambiguous	   1
Tieck, Ludwig (1773-1853)	male	   1
Tilas, Daniel (1712-1772)	ambiguous	   2
Tilleman, Johan Martin	ambiguous	   1
Tillotson, John (1630-1694)	NA	   2
Tingstadius, Johan Adam (1748-1827)	ambiguous	   1
Tollesson, Pehr (1747-1821)	male	   2
Topp, Peter (1787-1869)	NA	   1
Torén, Olof (1718-1753)	NA	   1
Törn, Erland (1665-1737)	NA	   1
Törneblad, Bengt Johan (1782-1820)	ambiguous	   1
Törner, Fabian (1666-1731)	ambiguous	   3
Törner, Johan Johansson (1712-1790)	ambiguous	   1
Torpadius, Johan Israel (1722-1760)	ambiguous	   1
Townsend, Joseph (1739-1816)	ambiguous	   1
Trafvenfelt, Eric Carl (1774-1835)	ambiguous	   1
Tranefelt, Johan Werner (1730-1806)	ambiguous	   1
Trautzel, Daniel (1660-1712)	ambiguous	   1
Triewald, Mårten (1691-1747)	NA	   2
Troil, Uno Von (1746-1803)	ambiguous	   3
Troilius, Magnus (1704-1762)	male	   1
Troilius, Samuel (1706-1764)	NA	   1
Trozelius, Clas Blechert (1719-1794)	male	   4
Tuderus, Gabriel (1638-1705)	ambiguous	   1
Tullin, Christian Braunmann (1728-1765)	ambiguous	   2
Tullius, Cicero	NA	   1
Tuneld, Eric (1709-1788)	ambiguous	   1
Tybeck, Johan (1752-1831)	ambiguous	   1
Uggla, Carl Fredrik Hillebrandsson (1725-1803)	ambiguous	   1
Uhr, Carl David Af (1770-1849)	ambiguous	   1
Ukert, Friedrich August (1780-1851)	ambiguous	   1
Ullman, Erik Erland (1749-1821)	ambiguous	   1
Ulrich, Friedrich Didrich Daniel (1752-1812)	ambiguous	   2
Ungern-sternberg, Matthias Alexander Von (1689-1763)	ambiguous	   3
Ungius, Nicolaus Theodori (1600-1653)	male	   1
Unzer, Johann August (1727-1799)	ambiguous	   1
Uraelius, Faderus Arvidi (1662-NA)	NA	   1
Utter, Isak (1743-1812)	male	   2
Valerius, Johan David (1776-1852)	ambiguous	   1
Valtinson, Adrian (1721-1801)	ambiguous	   1
Varnhagen Von Ense, Karl August (1785-1858)	ambiguous	   1
Vellingk, Otto (1649-1708)	ambiguous	   1
Vergilius Maro, Publius	male	   6
Vicken, Johan Evert Von	ambiguous	   1
Victorin, Andreas (1715-1784)	ambiguous	   1
Vikingsson, Thorsten	male	   1
Villars, Nicolas De Montfaucon De (1635-1673)	ambiguous	   1
Virgin, Johan Bernhard (1705-1783)	ambiguous	   1
Vogel, Christian (1600-NA)	ambiguous	   1
Voigt, Johann Heinrich (1613-1691)	ambiguous	   2
Voltaire,  (1694-1778)	male	   4
Voltemat, Henric Julius (1722-1765)	male	   2
Vörlund, Henric (1771-1810)	male	   2
Voss, Johann Heinrich (1751-1826)	ambiguous	   2
Vossius, Gerardus Joannis (1577-1649)	male	   2
Wachsmuth, Johann Friedrich	ambiguous	   1
Wadenstierna, Carl Eric (1723-1787)	ambiguous	   2
Wadström, Carl Bernhard (1746-1799)	ambiguous	   1
Wadström, Carl Niclas (1708-1793)	ambiguous	   1
Wadström, Lars Niclas (1740-1794)	male	   1
Waenerberg, Johan (1712-1770)	ambiguous	   1
Waenerberg, Sven	NA	   1
Wagener, Samuel Christoph (1762-1845)	NA	   1
Wahlbom, Johan Gustaf (1724-1808)	ambiguous	   1
Wahlenberg, Göran (1780-1851)	NA	   1
Wåhlin, Christian (1761-1829)	ambiguous	   1
Wåhlin, Otto Christian (1746-1808)	ambiguous	   1
Wahlström, Jonas (1774-1834)	NA	   1
Walberg, Carl Gustaf (1788-1821)	ambiguous	   6
Walbom, Eric Göran (1710-1773)	ambiguous	   1
Waldius, Johan (1710-1781)	ambiguous	   1
Walingius, Nicolaus Olai (1599-1649)	NA	   1
Wallén, Jeremias (1693-1772)	NA	   1
Wallenberg, Marcus (1774-1833)	NA	   1
Wallenius, Anders (1615-1663)	NA	   1
Wallenius, Jacob (1761-1819)	NA	   2
Wallenstråle, Martin Georg (1733-1807)	ambiguous	   2
Waller, Eric (1732-1811)	ambiguous	   1
Wallerius, Johan Gottschalk (1709-1785)	ambiguous	   6
Wallerius, Nicolaus Nicolai (1704-NA)	NA	   1
Wallerius, Nils (1706-1764)	male	   1
Wallin, Georg (1686-1760)	ambiguous	   1
Wallin, Johan Olof (1779-1839)	ambiguous	   5
Wallius, Laurentius Olai (1588-1638)	NA	   3
Wallmark, Peter Adam (1777-1858)	ambiguous	   1
Wallquist, Olof (1755-1800)	NA	   2
Warg, Cajsa (1703-1769)	female	   1
Wargentin, Pehr Wilhelm (1717-1783)	male	   1
Warmholtz, Carl Gustaf (1713-1785)	ambiguous	   1
Warnmark, Peter (1665-1709)	NA	   2
Wassenius, Torsten (1692-1765)	male	   3
Wedel-jarlsberg, Frederik Wilhelm Af	ambiguous	   1
Weidman, Pehr Gottfrid (1743-1821)	male	   1
Weikard, Melchior Adam (1742-1803)	ambiguous	   1
Weisse, Christian Felix (1726-1804)	ambiguous	   1
Weltzin, Carolin (1754-1812)	female	   1
Wennerstedt, Carl Gustaf	ambiguous	   1
Werve, Hermann De	ambiguous	   1
Werving, Johan Gabriel (1675-1715)	ambiguous	   1
Wessel, Johan Herman (1742-1785)	ambiguous	   1
Westbeck, Sacharias (1696-1765)	male	   2
Westelius, Petrus (1708-1783)	male	   1
Westerdahl, Frans (1734-1797)	NA	   2
Westerstedt, Gudmund (1727-1801)	male	   1
Westman, Olof (1750-1811)	NA	   1
Westring, Johan Peter (1753-1833)	ambiguous	   1
Wetterstedt, Eric Af (1736-1822)	ambiguous	   1
Wetterstedt, Gustaf Af (1776-1837)	ambiguous	   1
Wettersten, Bengt (1723-1767)	NA	   1
Wezel, Johann Carl (1747-1819)	ambiguous	   1
White, John	NA	   1
Wiberg, Magnus (1741-1807)	male	   1
Wiborg, Anders (1776-1836)	NA	   2
Wichsell, Jöran	NA	   1
Widegren, Per David (1784-1849)	ambiguous	   1
Widekindi, Johan (1618-1678)	ambiguous	   1
Wieland, Christoph Martin (1733-1813)	ambiguous	   1
Wigelius, S Ven	ambiguous	   1
Wijkström, Anders (1726-1763)	NA	   1
Wilcke, Samuel (1704-1773)	NA	   3
Wimermark, Per Johan (1763-1828)	ambiguous	   1
Winberg, Johan	ambiguous	   1
Wingård, Carl Fredrik Af (1781-1851)	ambiguous	   1
Wingård, Johan Didrik Af (1778-1854)	ambiguous	   1
Winge, Isac Mårten (1793-1857)	male	   1
Wirén, Carl (1799-1850)	ambiguous	   1
Wivallius, Lars (1605-1669)	NA	   4
Wolff, Christian Von (1679-1754)	ambiguous	   1
Wolff, Johan Bernhard (1740-1821)	ambiguous	   1
Wollin, Christian (1731-1798)	ambiguous	   2
Wollstonecraft, Mary (1759-1797)	ambiguous	   1
Wrangel, Henning Gustaf (1780-1833)	male	   1
Wulfila, 	NA	   1
Wurmb, Friedrich Christoph	male	   1
Wurmb, Friedrich Christopher (1730-1788)	ambiguous	   1
Young, Edward (1683-1765)	NA	   1
Zeipel, Carl Von (1793-1849)	ambiguous	   1
Zetterling, Peter (1703-1769)	NA	   1
Zetterstén, Erik (1732-1801)	ambiguous	   1
Zetzell, Pehr (1724-1802)	male	   1
Zieguerer, Christian	ambiguous	   1
Ziervogel, Evald (1728-1765)	NA	   1
Zollikofer, Georg Joachim (1730-1788)	ambiguous	   1
Zschokke, Heinrich (1771-1848)	NA	   1
NA	NA	1847
