author_name	author_birth	author_death	Count
Pachius, Petrus	1579	NA	81
Bjerkander, Clas	NA	NA	41
Cicero, Marcus Tullius	NA	NA	36
Zetherström, Johan Niclas	1738	NA	33
Schubart, Tobias	NA	NA	33
Kiellberg, Eric	NA	1785	28
Vergilius Maro, Publius	NA	NA	28
Nepos, Cornelius	NA	NA	27
Freund, Marcus	1600	NA	26
Walter, Johann Friedrich	NA	NA	22
Horatius Flaccus, Quintus	NA	NA	22
Ovidius Naso, Publius	NA	NA	21
Florén, Gabriel	NA	1705	21
Homeros	NA	NA	19
Tacitus	NA	NA	18
Curtius Rufus, Quintus	NA	NA	18
Dahlman, Carl	1761	NA	17
Bilderbeck, Ludwig Benedict Franz Von	1766	NA	17
Dent, Arthur	1607	NA	16
Werve, Hermann De	NA	NA	15
Euklides	 300	NA	15
Sjöbeck, Johan Carl	NA	1800	15
Oxenstierna Af Croneborg, Johan Thuresson	NA	NA	14
Schwartz, Caspar	1649	NA	14
Crøger, Michael	1714	NA	14
Giese, Albert	1742	NA	14
Tullius, Cicero	NA	NA	13
Phaedrus	NA	NA	13
Groth, Fromholt Torsten	NA	1778	13
Twist, Peter	1709	NA	12
östberg, Johan	NA	NA	12
Månsson, Johan	1659	NA	12
Edman, Johan	NA	1791	12
Hallander, Stephan	NA	1708	11
Sallustius Crispus, Gaius	NA	NA	11
Caesar, Gajus Julius	NA	NA	11
La Jonchère, Charles Chrétien De	NA	NA	11
Maure, Marcus	NA	NA	11
Leijonmarck, Gustaf Adolph	NA	NA	10
Skytte Schroderus, Johan Bengtsson	NA	1645	10
Förtsch, Basilius	1619	NA	10
Lund, Olof Benjamin	NA	NA	10
Bennett	1808	NA	10
Agrell, Nicolaus Petri	1681	NA	10
Eckstein, Regner	NA	NA	10
Ljungh, Sven Ingemar	NA	NA	 9
Lidtgren, Anders	NA	NA	 9
Aurelius, Aegidius Matthiæ	1648	NA	 9
Creiman, Anders	1707	NA	 9
Giremundi, Harald	NA	NA	 9
Möller, Henrik	NA	NA	 9
Andersson, Olof	NA	1802	 9
Forssberg, Jacob Christian	NA	NA	 9
Livius	NA	NA	 9
Thukydides	NA	NA	 9
Boëthius, Jacob Georg	1781	NA	 9
Hagelin, Jonas	NA	NA	 9
Hansson, Joseph	NA	NA	 9
Nordström, Pehr Jacobsson	NA	NA	 9
Möller, Herman Arnold	NA	NA	 9
Fahlberg, Samuel	NA	NA	 8
Chapman, Frederik Henrik Af	NA	NA	 8
Müller, Gottlieb	NA	NA	 8
Anakreon	NA	NA	 8
Plinius	NA	NA	 8
Sofokles	NA	NA	 8
Pindaros	NA	NA	 8
Hoffman, Nicolaus Ingewald	NA	NA	 8
Norman, Erik	NA	1851	 8
Joëlsson, Nathanaël	1775	NA	 8
Naundorff, Egid	NA	NA	 7
Bodinus, Ericus Jonæ	1696	NA	 7
Des Pepliers, J Robert	NA	NA	 7
Nyström, L	NA	NA	 7
Montin, Johan	NA	1756	 7
Lubomirski, Johan Albert	NA	NA	 7
Andersson, Anders	NA	NA	 7
Magnusen, Finn	NA	NA	 6
Hollsten, Jonas	NA	NA	 6
Stengel, Johan Peterson	1600	NA	 6
Donatus, Aelius	NA	NA	 6
Carr, John	NA	NA	 6
Wulf, Anders	NA	NA	 6
Wester, Christian	NA	NA	 6
Ingelberg, Henric	NA	NA	 6
Holm, Margareta Ericsdotter	NA	NA	 6
Jaern, Wilhelm	NA	NA	 6
Pythagoras	NA	NA	 6
Xenofon	NA	NA	 6
Theofrastos	NA	NA	 6
Aisopos	NA	NA	 6
Josephus, Flavius	NA	NA	 6
Graedener, Friedrich Adolph	NA	NA	 6
Morian, Christian Eberhard	NA	1735	 6
Hoefer, Johann Cyriacus	1600	NA	 6
Rüdling, Johann Georg	NA	1742	 6
Reuterskiöld, Jan Evert	NA	NA	 5
Höst, Jens Kragh	NA	NA	 5
Hjortberg, Gustaf Fredrik	NA	NA	 5
Friis, Nicolaus Christian	NA	NA	 5
Fagræus, Jonas Theodor	NA	NA	 5
Bergsten, Nils Johan	NA	NA	 5
Beccatini, Francesco	NA	NA	 5
Arfvedson, Johan August	NA	NA	 5
Ungius, Petrus Johannis	1655	NA	 5
Petri, Thomas	1605	NA	 5
Falk, Ericus Johannis	1641	NA	 5
Arenius, Olaus Magni	1682	NA	 5
Holmgren, Johan Fredric	NA	NA	 5
Törnqvist, Erland	NA	NA	 5
Westrin, Lars	NA	NA	 5
Sheriffe, Sarah	NA	NA	 5
Montalembert, Marie Joséphine De Comarieu De	NA	1832	 5
Richter, C F W	NA	NA	 5
Müller, Gotthelf Friedrich	1814	NA	 5
Aurelius, Marcus	NA	NA	 5
Hoffmann, Johann Adolph	NA	1731	 5
Isokrates	NA	NA	 5
Lönnström, Carl Jacob	NA	NA	 5
Plutarchos	NA	NA	 5
Hardt, Richard Von Der	1714	NA	 5
Eenberg, Johan	1709	NA	 5
Diurman, Peter P	1700	NA	 5
Dahl, Zacharias M	NA	1754	 5
Asklund, Arvid	NA	NA	 5
Lindfors, Eschill	NA	NA	 5
Eklund, Mårten	NA	NA	 5
Andersson, Gustaf	NA	NA	 5
Synnerberg, Lars Nilsson	1738	NA	 5
Graeff, Ernst	NA	NA	 5
Marcadet, Jean	NA	NA	 5
Theyls, Willem	NA	NA	 4
Roos, O Lof G Ustaf	NA	NA	 4
Palin, Nils Gustaf	NA	NA	 4
Baden, Torkel	NA	NA	 4
Lilliestråle, Joachim Wilhelm	NA	NA	 4
Lemström, Henrik	NA	NA	 4
Leijel, Carl	NA	NA	 4
Lancken, Ehrenfried Von Der	NA	NA	 4
Kiellberg, Erik	NA	NA	 4
Iproclis	NA	NA	 4
Götlin, Erik	NA	NA	 4
Brown, John	NA	NA	 4
Bohr, Christian Frederik Gottfried	NA	NA	 4
Bielke, Sten Carl	NA	NA	 4
Sabancorus, Nicolaus Johannis	1621	NA	 4
Ragueau, François	1605	NA	 4
Petrejus, Johannes	1600	NA	 4
Meyer, Johannes	1600	NA	 4
Martini, Lucas	1599	NA	 4
Laurentii, Laurentius	1621	NA	 4
Hortulanus, Henrik Olofsson	1600	NA	 4
Geijger, Matthias	1600	NA	 4
Eenhorn Von Geisz, Antonius	1600	NA	 4
Collinus, Ericus Laurentii	1600	NA	 4
Cato Dionysius	NA	NA	 4
Benedicti, Haquinus	1600	NA	 4
Arosiandrinus, Andreas Johannis	1600	NA	 4
Schaeffer, Abraham Ottman Hermann	NA	1835	 4
Seipell, Johan Reinhold	NA	NA	 4
Stenborg, Pehr	NA	NA	 4
Bock, Johan Hindric	1742	NA	 4
Apuleius	 125	NA	 4
Carelberg, Carl Georg	NA	NA	 4
De Britaine, William	NA	NA	 4
Hagen, Lorentz	NA	NA	 4
Jacobi, Catharina	NA	NA	 4
Bergbo, Skogekär	NA	NA	 4
Greggelund, Jonas	NA	NA	 4
Båld, Eric	NA	NA	 4
Augustinus, Aurelius	NA	NA	 4
Raffn, Albert	NA	NA	 4
Lejonhartin, Maria Elisabet	NA	NA	 4
Wolimhaus, Johannes Simonis	1600	NA	 4
Barenius, Georgius	1600	NA	 4
Ziegler, Th	NA	NA	 4
Roland, Armande	NA	NA	 4
Pihlström, Carl	NA	NA	 4
Forslund, Samuel	NA	NA	 4
Lebh, Jehuda	NA	NA	 4
Seneca, Lucius Annaeus	NA	NA	 4
Hesiodos	 700	NA	 4
Pihlgren, Gustaf	NA	NA	 4
Lehzen, Joachim Friedrich	NA	1800	 4
Frediani, Carl Gustaf	NA	NA	 4
Malmström, Johan	NA	NA	 4
Kutscher, Franz Jacob	1821	NA	 4
Salamnius, Matthias	NA	1691	 4
Rathe, Petrus	NA	1754	 4
Schwab, Konrad Ludwig	NA	NA	 4
Molin, B	NA	NA	 4
örn, Adam	NA	NA	 4
Wessing, Johan Magnus	NA	NA	 4
Ersson, Hindrich	NA	NA	 4
Reftelius, Carl	1758	NA	 4
Löwe, Christian Petter	1700	NA	 4
Gercken, Hartwig	NA	NA	 4
Schneider, Benjamin Gottlieb	NA	1738	 4
Gans, H	NA	NA	 4
Werner, Johan Heinrich	NA	1735	 4
Justander, D	NA	NA	 4
Radziejowski, Michael	NA	1706	 4
Wellingk, Eric Adolph	NA	NA	 4
Trägård, Elias	NA	NA	 3
Sperling, Otto	NA	NA	 3
Skorawiec, Wojciech	NA	NA	 3
Silfversparre, G Ustaf U Lric	NA	NA	 3
Schlegel, J Ohan F Rederik W Ilhelm	NA	NA	 3
Reichard, Heinrich August Otto	NA	NA	 3
Philippart, John	NA	NA	 3
Palmquist, Fredric	NA	NA	 3
Nordell, Anders	NA	NA	 3
Murray, Johan Anders	NA	NA	 3
Michaelson	NA	NA	 3
Marshall, Joseph	NA	NA	 3
Manderfelt, Carl Johan	NA	NA	 3
Lövenörn, Paul De	NA	NA	 3
Artaud De Montor, Alexis François	NA	NA	 3
Lindbergsson, August	NA	NA	 3
Leufgrén, Per	NA	NA	 3
Kosegarten, Ludwig Theobul	NA	NA	 3
Junbeck, Petter Jonas	NA	NA	 3
Vardi, Ibn	NA	NA	 3
Holmqvist, D E	NA	NA	 3
Heurlin, Elias	NA	NA	 3
Hambæus, Johan	NA	NA	 3
Godwin, Mary Wollstonecraft	NA	NA	 3
Gerdes, Fredrik	NA	NA	 3
Geist, Anders	NA	NA	 3
Gartz, Clas	NA	NA	 3
Fryxell, Fredrik	NA	NA	 3
Frigelius, Anders	NA	NA	 3
Forster, Johan Reinhold	NA	NA	 3
Ehrenmalm, Arvid	NA	NA	 3
Eck, Johann Georg	NA	NA	 3
Drevon, Johan Frederik Hendrik De	NA	NA	 3
Brunckman, Carl	NA	NA	 3
Blefken, Dithmar	NA	NA	 3
Wallin, Joseph Petter	1695	NA	 3
Valeriani, Carolus	1600	NA	 3
Tragen, Matthaeus	NA	NA	 3
Terentius	NA	NA	 3
Sveno-wivallius, Johannes Svenonis	1600	NA	 3
Storch, Ambernus Andreae	1600	NA	 3
Reuter, Samuel	1679	NA	 3
Petrides, Martinus	1600	NA	 3
Petri, Jacobus	1588	NA	 3
Niurenius, Nicolaus Petri	1625	NA	 3
Månsson Magni, Arvid	NA	NA	 3
Müller, Laurentius	1500	NA	 3
Lagus, Gabriel Josephi	1709	NA	 3
Kuuth, Johannes Petri	1600	NA	 3
Kexlerus, Andreas Simonis	1600	NA	 3
Humerus, Zacharias Laurentii	1650	NA	 3
Hermann, Martin Friedrich	1698	NA	 3
Henckell, Balthasar	1643	NA	 3
Heinl, Johannes	1600	NA	 3
Gutermuth, Coelestin Friedrich	1702	NA	 3
Grimsten, Jonas Simonis	1717	NA	 3
Fischer, Dionysius	1642	NA	 3
Felgenhauer, Paul	1600	NA	 3
Eschilli, Petrus	1651	NA	 3
Chronander, Jacobus Petri	1694	NA	 3
Carolstadius, Laurentius Johannis	1600	NA	 3
Carolstadius, Johannes Jonae	1671	NA	 3
Bergius, Olaus Nicolai	1670	NA	 3
Benedicti, Ericus	1600	NA	 3
Arctander, Niels Lauridssen	1616	NA	 3
Andreæ, Petrus	1600	NA	 3
Am Wald, Georg	1500	NA	 3
Consett, Matthew	NA	NA	 3
Horner, Brigitta Catharina	NA	NA	 3
Strangh, Eric Robert	NA	NA	 3
Kebes	 400	NA	 3
Carstenius, Petrus	NA	1710	 3
Brayer De Saint-léon, Louise Marguerite Jeanne Madelaine	1765	NA	 3
Biörsson, Carl	NA	NA	 3
Biörckman, Carl	NA	NA	 3
Barton, C W	NA	NA	 3
Alleman, Adam Gabriel	NA	1743	 3
Bergman, J P	NA	NA	 3
Blomborg, Thyris Måns	NA	NA	 3
Borger, Carl Fredrik	NA	NA	 3
Lindeman, Philip Casper Von	NA	NA	 3
Darnay, François Alexandre Rouïlle	NA	NA	 3
Roos, Olof Gustaf	NA	NA	 3
Hagelberg, Herman	NA	NA	 3
Kirchring, Johan Andreas	NA	1755	 3
Falck, Carl Gustaf	NA	1792	 3
Månsson, Måns	NA	NA	 3
Fahlén, Olof	1918	NA	 3
Snell, Johann Peter Ludwig	NA	NA	 3
Andersson, Anders	1786	NA	 3
Bayly, Lewis	1631	NA	 3
Boutet, Claude	NA	NA	 3
Broberg, Pehr	NA	NA	 3
Cundicius, Johannes	1600	NA	 3
Jordan, Raymond	NA	NA	 3
Flatås, Johan Andersson	NA	1824	 3
Schmid, Lebrecht Christian Gottlob	1760	NA	 3
Möllerberg, J P	NA	NA	 3
Cyprianus	NA	NA	 3
Fichtelius, Joachim Johann	NA	1722	 3
Ekblad, Carl P	NA	NA	 3
Romberg, Friedrich	NA	NA	 3
Dilschmann, Immanuel	NA	NA	 3
Haase, F E	NA	NA	 3
Frere, Benjamin	NA	NA	 3
Collin De Plancy, Clotilde Marie	1790	NA	 3
Macdonald, James	NA	NA	 3
Seeligmann, Christian Gottlieb	NA	NA	 3
Willig, Carl Gottlieb	NA	NA	 3
Sintenis, Christian Friedrich	NA	NA	 3
Turnbull, John	NA	NA	 3
Lichtfang, Leopold Elias	NA	NA	 3
Pehrson, John	NA	NA	 3
Beynon, Elias	1600	NA	 3
Hast, Herman Henrik	NA	1749	 3
Gräns, Johan	NA	NA	 3
Ljungenstjerna, Sven Benjamin	NA	1763	 3
Königstedt, C W Von	NA	NA	 3
Justinus, Marcus Junianus	NA	NA	 3
Eutropius	NA	NA	 3
Demosthenes	NA	NA	 3
Quintilianus	NA	NA	 3
Lukianos	NA	NA	 3
Klein, Carl Ernest	NA	1761	 3
Mittag, Johann Gottfried	1705	NA	 3
Björklund, Christian	1727	NA	 3
Bergen, Joachim Christian	NA	NA	 3
Hellbom, Johan	NA	1753	 3
Degenkolb, Carl Friedrich	NA	NA	 3
Gries, Andreas	NA	NA	 3
Sind, Johann Von	NA	NA	 3
Mentzer, Magnus	1727	NA	 3
Dalman, G T	1700	NA	 3
Schön, Peter Hinrich	NA	NA	 3
Poll, Carl Otto Von	1700	NA	 3
åström, Simon	1700	NA	 3
Kurberg, Jöns	NA	NA	 3
Wachsmuth, Johann Friedrich	NA	NA	 3
Lühman, Bernhard Gustaf Von	NA	NA	 3
Spöring, Eberhard Christian	NA	1753	 3
Könsberg, Carl Magnus	NA	NA	 3
Ohlsson, Sven	NA	NA	 3
Olsson, Pehr	NA	NA	 3
Larsson, Anders	NA	NA	 3
Svensson, Bengt	1866	NA	 3
Norberg, Jonas Olofsson	NA	NA	 3
Seidel, J Tobias	NA	NA	 3
Grefing, Lorentz Ludvig	NA	1769	 3
Levesius, Augustinus	NA	NA	 3
Allart, Ludwig Nicolaus Von	NA	NA	 3
Meijer, Jacob Heinrich	NA	1760	 3
Langlois, Charles Alexandre	NA	NA	 3
Petri, Johannes Holmius	NA	NA	 2
Groth, Margareta Beata	NA	NA	 2
Hermannides, Rutgerus	1680	NA	 2
Oleati, Felice	NA	NA	 2
Zschackwitz, Johann Ehrenfried	NA	NA	 2
Wraxall, N Athaniel	NA	NA	 2
Wollin, Christ Ian	NA	NA	 2
Williams, John	1777	NA	 2
Wigand, Johannes	NA	NA	 2
Venus	NA	NA	 2
Weinrich, Ludwig Alexander Teodor	NA	NA	 2
Wahlberg, Olof	NA	NA	 2
Typotius, Jakob	NA	NA	 2
Tschiffeli, Johan Rudolf	NA	NA	 2
Tollstedt, Johan Samuel	NA	NA	 2
Tiburtius, Tiburtius E	NA	NA	 2
Thomas, Daniel Heinrich	NA	NA	 2
Themptander, Sven	NA	NA	 2
Swinton, Andrew	NA	NA	 2
Stuhr, P Eter F Eddersen	NA	NA	 2
Strebel, Johann Georg	NA	NA	 2
Neubur, Georg Philipp Anton	NA	NA	 2
Sjölag, Carl Xi:s	NA	NA	 2
Silvius, Sebastian	NA	NA	 2
Sibly, Manoah	NA	NA	 2
Seton, Alexander	NA	NA	 2
Schwarz, Albrecht Georg Von	NA	NA	 2
Schultze, S Amuel T Homasson	NA	NA	 2
Schuh, M	NA	NA	 2
Schmid, Johannes	NA	NA	 2
Rothstein, Carl Clemens	NA	NA	 2
Rothe, Tyge Jesper	NA	NA	 2
Rochonville, Charles De	NA	NA	 2
Rist, Jonas	NA	NA	 2
Rinman, Sven	NA	NA	 2
Rietz, Carl Friedrich August	NA	NA	 2
Schlegel, Johan Fredrik Wilhelm	NA	NA	 2
Przebendowski, Piotr Henryk	NA	NA	 2
Proud, J Oseph	NA	NA	 2
Porter, Robert Ker	NA	NA	 2
Platon	NA	NA	 2
Paulli, Jochum Richard	NA	NA	 2
Norlindh, C M	NA	NA	 2
Nelkenbrecher, J Ohann C Hristian	NA	NA	 2
Montin, Lars	NA	NA	 2
Molitor, H Erman H Enrik	NA	NA	 2
Munthe, Lars Peter	NA	NA	 2
Menabenus, Apollonius	1500	NA	 2
Loescher, Valentin Ernst	NA	NA	 2
Löfving, Joh An D Aniel	NA	NA	 2
Luth, Peter	NA	NA	 2
Lüders, Philip Ernst	NA	NA	 2
Loboda Silveira, Joaquim José Antonio	NA	NA	 2
Södermark, Andreas	NA	NA	 2
Lindroth, Pehr Gustaf	NA	NA	 2
Lindfors, Jonas	NA	NA	 2
Lindbom, Gustaf Aron	NA	NA	 2
Lemoine, Johan	NA	NA	 2
Leijonmarck, Gustaf Adolf	NA	NA	 2
Lehnberg, Pehr	NA	NA	 2
Laurin, Erik Petter	NA	NA	 2
Lauræus, Gabriel	NA	NA	 2
Lagerheim, Carl Erik	NA	NA	 2
König, John Gerhard	NA	NA	 2
Kölpin, Alexander Bernhard	NA	NA	 2
Kurz, Franz	NA	NA	 2
Kleffel, Johann Christoph	NA	NA	 2
Kilander, Anders	NA	NA	 2
Justander, J G	NA	NA	 2
James, John Thomas	NA	NA	 2
Imbert, Sulpice	NA	NA	 2
Holmbom, Henric	NA	NA	 2
Hess, Heinrich Ludwig Von	NA	NA	 2
Henneberg, Knud	NA	NA	 2
Hedin, Gustaf	NA	NA	 2
Hausmann, Johann Friedrich Ludwig	NA	NA	 2
Hausen, Carl Renatus	NA	NA	 2
Hastfer, Fredrik Vilhelm	NA	NA	 2
Hasselqwist, Andreas Benedicti	NA	NA	 2
Harst, De	NA	NA	 2
Hahn, Petter	NA	NA	 2
Göransson, Johan	NA	1769	 2
Gripenschiöld, Johan Gustaf	NA	NA	 2
Gmelin, Christian Gottlob	NA	NA	 2
Frosterus, Joh	NA	NA	 2
Friedrich Ii, Konung Av Preussen	NA	NA	 2
Fredrik Ii, Konung Af Würtemberg	NA	NA	 2
Forsberg, Carl Peter	NA	NA	 2
Fischerström, P J	NA	NA	 2
Faggot, Isak	NA	NA	 2
Estrup, Hector Frederik Janson	NA	NA	 2
Erwast, Isak	NA	NA	 2
Eliander, Claes	NA	NA	 2
Ehrhart, I G D	NA	NA	 2
Edman, Eric	NA	NA	 2
Jahn, Ferdinand Henrik	NA	NA	 2
Durdent, Jean René	NA	NA	 2
De La Gardie, Eva	NA	NA	 2
Cron-lieb, Ehrenhold	NA	NA	 2
Cleanthes	NA	NA	 2
Christiernin, Adolph Adolphsson	NA	NA	 2
Chapman, Frederick Henrik Af	NA	NA	 2
Carlsson, Johan Gustaf Von	NA	NA	 2
Candid	NA	NA	 2
Bülow, Adam Dietrich Heinrich Von	NA	NA	 2
Brenner, Carl De	NA	NA	 2
Bredsdorff, Jakob Hornemann	NA	NA	 2
Borremans, Antonius	NA	NA	 2
Bonde, Gustaf F	NA	1764	 2
Bonde, Gustaf -	NA	NA	 2
Bilang, Jacob Johan Von	NA	NA	 2
Bellerive, Jules-alexis-bernard	1770	NA	 2
Pfeiffer, Johann Georg	NA	NA	 2
Aspelin, Carl Fredric	NA	NA	 2
Almquist, Sven Johan	NA	NA	 2
Adlerheim, Pehr	NA	NA	 2
Argillander, Abraham	NA	NA	 2
Wanochius, Andreas Jacobi	1700	NA	 2
Wallander, Sigvardus Olai	1600	NA	 2
Walgesten, Thomas Rasmussen	1600	NA	 2
Vogel, Christian	1600	NA	 2
Ulvichius, Johannes Jonae	1600	NA	 2
Ulfsparre, Christer Ivarsson	1633	NA	 2
Ublenius, Petrus Nicolai	1600	NA	 2
Trottonius, Petrus	1600	NA	 2
Tribauer, Esaias	1500	NA	 2
Trautman, Wolfgang Christian	1600	NA	 2
Titelbach, Johannes	1600	NA	 2
Thorinus, Andreas Nicolai	1670	NA	 2
Terserus, Daniel Petri	1600	NA	 2
Swanwall, Andreas Magni	1600	NA	 2
Stephanus, Stephanus Johannis	NA	1650	 2
Simonius, Isaacus Roslagius	1600	NA	 2
Simmingh, Petrus	1683	NA	 2
Seybold, Johann Georg	1680	NA	 2
Scheiding, Hans Christoffer Von	1669	NA	 2
Salé, Romble	1600	NA	 2
Rösselius, Paulus	1600	NA	 2
Rålamb, Erik Brodersson	1635	NA	 2
Rothovius, Gudmundus Jacobi	1691	NA	 2
Reinhardt, Samuel	1600	NA	 2
Reicceus, Johannes	1600	NA	 2
Ramzius, Nicolaus Joannis	1671	NA	 2
Pourel De Hatrize, Bartholomeus	1600	NA	 2
Poirier, Hélie	1600	NA	 2
Petri, Laurentius	NA	1573	 2
Petri, Johannes	1500	NA	 2
Palaifatos	NA	NA	 2
Pacatus Drepanius, Latinus	NA	NA	 2
Olofsson, Hans	1600	NA	 2
Oljeqvist, Johan Johansson	1637	NA	 2
Olai, Haraldus	1622	NA	 2
Nicolai, Johannes	1600	NA	 2
Nicander, Matthias	1600	NA	 2
Neander, Elias	1600	NA	 2
Mylius, Christianus Andreæ	1600	NA	 2
Moltichius, Stephanus	1654	NA	 2
Mollet, André	1665	NA	 2
Michael	1500	NA	 2
Meyer, Joachim	1600	NA	 2
Menschewer, Adolphus Adolphi	1600	NA	 2
Melartopaeus, Johannes Christierni	1679	NA	 2
Meinfreund, Theophilus	NA	NA	 2
Meerbott, Heinrich	NA	1643	 2
Maius, Ditlevus	1670	NA	 2
Lykosander, Jacobus Johannis	1600	NA	 2
Luderhoff, Andreas Jonae	1695	NA	 2
Lilietinus, Johannes Danielis	1600	NA	 2
Lidenius, Petrus Svenonis	1600	NA	 2
Laurentii, Magnus	1600	NA	 2
Laurentii, Andreas	NA	1688	 2
Lagerfelt Fortelius, Israel Israelis	NA	1684	 2
Laelius, Laurentius Johannis	1603	NA	 2
Kylander, Haquinus Andreae	1669	NA	 2
Koskull, Andreas	1600	NA	 2
Kemner Chemnerus, Heinricus Martini	NA	NA	 2
Kellingius, Johannes Petri	1679	NA	 2
Keckonius, Andreas Johannis	1675	NA	 2
Karl	1200	NA	 2
Julenius, Jacobus Zachariae	1600	NA	 2
Jonae, Sveno	NA	1642	 2
Jacobi, Leonhardus	1570	NA	 2
Insulaeus, Olaus Nicolai H	1660	NA	 2
Ilsbodinus, Georgius Matthiae	1600	NA	 2
Humerus, Johannes Laurentii	1673	NA	 2
Hoppener, Johannes	1600	NA	 2
Hiärne, Erlandus Erlandi	1687	NA	 2
Hinricsonius Henrichsson, Jonas	NA	NA	 2
Himselius, Gebhardus	1676	NA	 2
Hildebrand, Wolfgang	1600	NA	 2
Henrici, Hemmingus	1619	NA	 2
Heidenrich, Christian	1600	NA	 2
Hasselgren, Elias Petri	1600	NA	 2
Halmaeus, Franciscus Davidis	1600	NA	 2
Hagelsten, Sven Magni	1670	NA	 2
Gyllenstierna, Catharina	1683	NA	 2
Granberg, Lars Bengtson	1600	NA	 2
Gottlieb, Ernestus	1600	NA	 2
Glaser, Petrus	1500	NA	 2
Gertner, Christophorus	1689	NA	 2
Gammal, Martinus Matthaei	1669	NA	 2
Gallius, Stephanus	1647	NA	 2
Frediani, Ambrosio	1670	NA	 2
Fitinghoff, Erik Von	1655	NA	 2
Erici, Ericus	1615	NA	 2
Enebergh, Salomon L	NA	1667	 2
Enaeus, Andreas Nicolai	1694	NA	 2
Dalinus, Samuel Danielis	1674	NA	 2
Crucelius, Nicolaus	1717	NA	 2
Cordinsulanus, Henricus Olai	1600	NA	 2
Chærberus, Josephus Svenonis	1651	NA	 2
Catonius, Sveno Holgeri	1648	NA	 2
Cato, Marcus Porcius	NA	NA	 2
Brandtlicht, Berent	1600	NA	 2
Bock, Petrus Jonæ	1654	NA	 2
Bock, Michael	1500	NA	 2
Binningius, Ericus Johannis	1600	NA	 2
Becker, Eberhard	1600	NA	 2
Asp, Magnus Samuelis	1668	NA	 2
Arrianos	NA	NA	 2
Argillander, Andreas Andreæ	1639	NA	 2
Afthonios	NA	NA	 2
Antipapius, Theophilus	1600	NA	 2
Andreæ, Gabriel	1645	NA	 2
Andreae, Christianus	1600	NA	 2
Alsinius, Christiernus Henrici	1659	NA	 2
Alsbeckius, Matthias Andreæ	1642	NA	 2
Acrel, Johan	NA	NA	 2
Beeken, Jens Lorenz	NA	NA	 2
Wallman, Johan Olof	NA	NA	 2
Hero, Gustaf	NA	NA	 2
Nybohm, Lars Erichsson	NA	NA	 2
Bergman, Christian	NA	NA	 2
Horner, Gerhard	NA	NA	 2
Månsson, Anders	NA	NA	 2
Fredmark, J P	NA	NA	 2
Low, David	NA	NA	 2
Persson, Eric	1896	NA	 2
Carlbom, Reinholdt	NA	NA	 2
Bonisev, J T	NA	NA	 2
Boberg, Gustaf	NA	NA	 2
Björkström, Nils	NA	NA	 2
Lundahl, M	NA	NA	 2
Bergsten, Joh	NA	NA	 2
Bergh, Carl	NA	NA	 2
Bellemare, Jean François	NA	1842	 2
Beckman, Johan	1745	NA	 2
Beck, Jacob	NA	NA	 2
Bange, Anders	NA	1749	 2
Beye, Johann Hinrich	NA	NA	 2
Kierrulf, Carl Andreas	1755	NA	 2
Arfwedson, Abraham	NA	NA	 2
Molén, Lars	1700	NA	 2
Steinorth, Hans Joch	NA	NA	 2
Kamp, åke	NA	NA	 2
Wahlborg, Jonas	NA	1777	 2
Xylander, Johann Jacob	NA	NA	 2
Högberg, Birger	NA	NA	 2
Heidenstrauch, Johan	NA	1721	 2
Hammar, Ericus	NA	1711	 2
Folkern, Anna	NA	1742	 2
Meiting, Johann	NA	NA	 2
Holmdalius, Andreas	NA	1721	 2
Monthelius, E	NA	NA	 2
Ekeblad, Petrus	NA	1736	 2
Lehmann, Benjamin	NA	NA	 2
Sleiin, C	NA	NA	 2
Lundh, Isaac	NA	NA	 2
Cromén, Carl Jonas	1766	NA	 2
Persson, Knut Pehr	NA	NA	 2
Lindström, Sven Josef	1774	NA	 2
Lundberg, Salomon	NA	NA	 2
Sellstedt, Peter	NA	NA	 2
Schilling, Olof	NA	NA	 2
Larsson, Jacob	NA	1774	 2
Swartz, Olof Andreas	NA	NA	 2
Melander, Pehr Samuelsson	NA	NA	 2
Lidenius, Johan	NA	1768	 2
Lemoine, Louis	NA	1847	 2
Correa, J A	NA	NA	 2
Ekelöf, Carl Ulric	1770	NA	 2
Soldin, Eliakim Jacob	NA	NA	 2
Hinnel, Daniel Christopher	NA	NA	 2
Mört, A C	NA	NA	 2
Ihlström, Johannes	NA	NA	 2
Hagman, Gabriel Håkansson	NA	NA	 2
Valabrègue, P De	NA	NA	 2
öhrberg, Carl Anders	NA	NA	 2
Strandberg, Arfvid Gabriel	NA	NA	 2
Feilitzen, Carl Fredrik Johan Von	NA	NA	 2
Berger, Johannes	NA	NA	 2
Wagnitz, Heinrich Balthasar	NA	NA	 2
Boecler, Johann Wolfgang	1717	NA	 2
Bromley, Thomas	NA	1691	 2
Burchward, Johann	1694	NA	 2
Beck, Peder Nielsen	1600	NA	 2
Bousquet, Jean François	1766	NA	 2
Rosenthal, Christian	NA	NA	 2
Dranckmeister, Albertus	NA	NA	 2
Kloth, Olof	NA	1788	 2
Ekman, Olof Jonae	NA	1754	 2
Chrysostomos, Johannes	NA	NA	 2
Cranz, Daniel Albrecht	NA	1806	 2
Starke, Johann Georg	NA	NA	 2
Weinlig, Christian Gottlob	NA	NA	 2
Hardt, Adrian	NA	NA	 2
Terserus, J	NA	NA	 2
Strömbom, Josef	1759	NA	 2
Ritter, Christoph Gerhard Wilhelm	NA	NA	 2
Hamrén, Olof	1744	NA	 2
Wurm, Albert	NA	NA	 2
Enander, Georg	NA	NA	 2
Rishaub, J A	1800	NA	 2
Poëtevin, François Louis	NA	NA	 2
Kreye, N C	NA	NA	 2
Stettner, Johann Friedrich	NA	NA	 2
Ludwig, Christine Sophie	NA	1815	 2
Quantin, Joseph	NA	NA	 2
Mämpel, Johann Christian	NA	NA	 2
Lejeune, Augustin	NA	NA	 2
Le Maistre, John Gustavus	NA	1840	 2
Fuller, Anne	NA	1790	 2
White, John	NA	1832	 2
Russell, John	1885	NA	 2
Gonzague, Elisabetta Rangoni	1780	NA	 2
Ragotzky, Karl August	1823	NA	 2
Perrin, Pierre	NA	NA	 2
Lemaire, Henri	NA	NA	 2
Norris, Robert	NA	1791	 2
Dahlstrand, Jacob	NA	NA	 2
Hammar, Gustaf	NA	NA	 2
åbom, J	NA	NA	 2
Gordon, Thomas	1750	NA	 2
Backman, Johan	NA	NA	 2
Hallenberg, Nils	NA	NA	 2
Rowland, Alexander	NA	NA	 2
Abrahamson, Meyer	1764	NA	 2
Hagel, Carl	1800	NA	 2
Neumann, Friedrich	NA	NA	 2
Victorin, Eric	1755	NA	 2
Smith, John	NA	NA	 2
Stahre, Georg Albrekt	NA	NA	 2
Gerelius, A	NA	NA	 2
Pinetti, Giuseppe	NA	NA	 2
Kaltenborn, Rudolph Wilhelm Von	NA	NA	 2
Arbiter, Petronius	  66	NA	 2
Lucanus	NA	NA	 2
Manilius, Marcus	   0	NA	 2
Ekenberg, Elsa Barbro	NA	NA	 2
Hoburg, Philipp	1600	NA	 2
Jouhaud, Pierre	NA	NA	 2
Werwing, Jonas	1697	NA	 2
Theveneau De Morande, Charles	1748	NA	 2
Perin, Abbé	NA	NA	 2
Niemeyer, Johann Anton	NA	NA	 2
Borgman, Gustaf	1797	NA	 2
Julinus, Petrus Andreae	1600	NA	 2
Westman, Petrus	NA	1713	 2
Linderberg, Carl	NA	NA	 2
Lobo Da Silveira, Joaquim José Antonio De Oriola	NA	NA	 2
Kihlberg, Arvid	NA	NA	 2
Fröberg, Carl Otto	NA	NA	 2
Bremen, Adam	1000	NA	 2
C'̀elebi, Mus t afa	NA	NA	 2
åkerblad, Samuel	NA	NA	 2
Egerin, Susanna	NA	NA	 2
Setanti, Joaquim	1500	NA	 2
Lindström, Johan Erik	NA	1827	 2
Cederfellt, Sten	NA	NA	 2
Funke, F C	NA	NA	 2
Törneman, Johan E	NA	NA	 2
Elzberg, Maria	NA	NA	 2
Ek, David	NA	NA	 2
Falck, Jacob	NA	NA	 2
Winberg, Johan	NA	NA	 2
Svensson, Sven	NA	NA	 2
Külbel, Johann Adam	NA	NA	 2
Hochheimer, Carl Friedrich August	1749	NA	 2
Cartoni, Francesco	NA	NA	 2
Walcke, Sven Henric	NA	NA	 2
Keber, G W	NA	NA	 2
Zadeck, Martin	NA	NA	 2
Kopp, Anders	NA	NA	 2
Castorius, Henrik	NA	NA	 2
Buscher, Niklas N	NA	NA	 2
Wijkberg, Andreas	NA	1732	 2
Berg, Herman	NA	NA	 2
Vestrin, Nils	NA	1776	 2
Norcross, John	1688	NA	 2
Jung, Johan Laurentii	NA	1745	 2
Sprenger, Johann Theodor	NA	NA	 2
Lichtenstern, Christian Habbaeus Von	NA	1680	 2
Kiellman	NA	NA	 2
Zjöberg, Magnus	NA	1772	 2
Bockberg, Adolph Carl	1743	NA	 2
Lund, Anders	NA	NA	 2
Hvalström, Nils Reinhold	NA	NA	 2
Bon, élisabeth De	NA	NA	 2
Andersson, Anders	1810	NA	 2
Pehrsson, Pehr	NA	NA	 2
Olofsson, Anders	NA	NA	 2
Carlsson, Jonas	NA	NA	 2
Håkansson, Sven	NA	NA	 2
Larsson, Olof	NA	NA	 2
Lindelööf, Carl Adolf	1718	NA	 2
Mattsson, Anders	NA	NA	 2
Wahrenberg, Conrad	NA	NA	 2
Arnell, Israel	NA	1733	 2
Höjer, Johan	NA	1738	 2
Almqvist, Anders	NA	NA	 2
Palatin, G	NA	NA	 2
Heil, Christian Wilhelm	NA	NA	 2
Palm, Carl Magnus	NA	1716	 2
Ehrenzon, M	NA	NA	 2
Ericsson, Abr	NA	NA	 2
Jonson, J F	NA	NA	 2
Ratzky, J F N	NA	NA	 2
Rehnland, H A	NA	NA	 2
Hammarin, Johan Petter	NA	NA	 2
Marquard	NA	NA	 2
Russworm, Johan Henrik	NA	1731	 2
Hägg, Gustava El	NA	NA	 2
Nyberg, Carl	NA	NA	 2
Hippokrates	NA	NA	 2
Bianchini, Jean	NA	NA	 2
Gerey, Mohammed	NA	NA	 2
Beeren, Von	NA	NA	 2
Rousseaux	NA	NA	 2
Fenouillot De Falbaire De Quingey, Charles Georges	NA	NA	 2
Sandberg, D	NA	NA	 2
Winter, Peter	NA	NA	 2
Graglia, Giuspanio	NA	NA	 1
Theyssens, S	NA	NA	 1
Heinecken, Karl-heinrich Von	NA	NA	 1
Steenbloch, Cornelius	NA	NA	 1
Limiers, Henri Philippe De	1725	NA	 1
Schöne, Karl	NA	NA	 1
Engelholmius, Nicolaus	1693	NA	 1
Bruzæus, Benedictus Andreæ	NA	NA	 1
Grubb, Petrus	1686	NA	 1
Friesen, Heinrich Von	1578	NA	 1
Nicolai, Sven	NA	NA	 1
Schedius, Balthasar	NA	NA	 1
Limiers, H P De	NA	NA	 1
Torinius, Petrus Jonae	1682	NA	 1
Collin, Peter	NA	NA	 1
Werner, Fredrik	NA	NA	 1
Schwarz, Georg Leonh Ard	NA	NA	 1
Wohlgemuth, Friedrich	NA	NA	 1
Soderini, Franciscus	NA	NA	 1
Törnsten, Immanuel	NA	NA	 1
Matthsson, Per Ernst	NA	NA	 1
Bartels, Carl Fredrik	NA	NA	 1
Mallet, Paul Henri	NA	NA	 1
Ryman, O	NA	NA	 1
Spelin, Nicolaus	NA	NA	 1
Frost,petrus	NA	NA	 1
Farina, Antonio	NA	NA	 1
Trozelius, Lars B	NA	NA	 1
Svenska	NA	NA	 1
Kayserin, Margareta Susanna	NA	NA	 1
Sköldebrand, Anders Fredric	NA	NA	 1
Rhodios, Apollonios	 295	NA	 1
Hammarinus, Samuel Benedicti	1665	NA	 1
Montbron, Joseph-chěrade	NA	NA	 1
Kjellberg, Eric	NA	NA	 1
Saint-geniés, Léonce De	NA	NA	 1
Lind, Hans Detloffsson	1600	NA	 1
Berti, Domenico	NA	NA	 1
Carrera Y Santos, Francisco De La	NA	NA	 1
Lindenau, Carl Friedrich Von	NA	NA	 1
Schaum, Matthias	NA	NA	 1
Clowes, J	NA	NA	 1
Villeneuve, Pierre Charles Jean Baptiste Silvestre	NA	NA	 1
Wijkar, Jacob	NA	NA	 1
Invariatus, Pileus	NA	NA	 1
Moberg, Olof	1600	NA	 1
Almqvist, Anders S	NA	NA	 1
Söderling, M b	NA	NA	 1
örnsköld, Carl	NA	NA	 1
öhman, M	NA	NA	 1
Oehler	NA	NA	 1
ödmann, E Rik S Amuel	NA	NA	 1
öberg, P Er Erik Waldemar	NA	NA	 1
åbrandt, Lars	NA	NA	 1
åberg, Ulrik Johan	NA	NA	 1
Zöllner, J Ohann F Riedrich	NA	NA	 1
Ziemssen, Theodor	NA	NA	 1
Zetherström, Johan Nils	NA	NA	 1
Zeising, Henning Paul	NA	NA	 1
Zegollström, Johan Gustaf	NA	NA	 1
Zannowich, Stephano	NA	NA	 1
Wäsström, Peter	NA	NA	 1
Wurmb, Friedrich Christoph	NA	NA	 1
Wraxall, N Athaniel William	NA	NA	 1
Wraxall, Nathaniel William	NA	NA	 1
Wrangel, Henning Reinhold	NA	NA	 1
Voss, C D	NA	NA	 1
Voss, C Hristian D Aniel	NA	NA	 1
Wortberg, Lambert Ignatius	NA	NA	 1
Wolff, Zacharias Von	NA	NA	 1
Vogel, Peter	NA	NA	 1
Wirgman, P	NA	NA	 1
Winter, Anders Johan	NA	NA	 1
Vinstrup, Peder Pedersen	NA	NA	 1
Winslow, Petrus	NA	NA	 1
Winge, Anders	NA	NA	 1
Wilse, Jacob Nicolai	NA	NA	 1
Williams, J Ohn	NA	NA	 1
Wilson, William Rae	NA	NA	 1
Wille, Hans Jacob	NA	NA	 1
Vigier De Saint-junien, Cher	NA	NA	 1
Wigelius, S Ven	NA	NA	 1
Wiesenhuetten, Friederike Henriette	NA	NA	 1
Wiese, Bernhard	NA	NA	 1
Wiegand, A E	NA	NA	 1
Widmark, Conrad	NA	NA	 1
Wickelius, Andreas	NA	NA	 1
Wichmann, C Arl F Rederik	NA	NA	 1
Vhael, Barthold G	NA	NA	 1
Wettersteen, Peter	NA	NA	 1
Wetterhoff, Otto Fred Ric	NA	NA	 1
Wetterhoff, Otto Fr Ederic	NA	NA	 1
Wetterberg, Petr Us	NA	NA	 1
Westermark, Olof	NA	NA	 1
Westerling, J	NA	NA	 1
Westerlind, Fredrik	NA	NA	 1
Wester, Eric	NA	NA	 1
Westenrieder, Lorenz	NA	NA	 1
Westberg, Johan Hacob	NA	NA	 1
Versus	NA	NA	 1
Wennerberg, Johan	NA	NA	 1
Wennberg, E	NA	NA	 1
Weissenburg, Wolffgang	NA	NA	 1
Wegelius, Jacob	NA	NA	 1
Wedel-jarlsberg, Frederik Wilhelm Af	NA	NA	 1
Weber, Jens Jakob	NA	NA	 1
Watky, Daniel Jochim	NA	NA	 1
Vatky, Daniel Jochim	NA	NA	 1
Warolin, G	NA	NA	 1
Waring	NA	NA	 1
Bedemar, Vargas	NA	NA	 1
Varennius, Johannes	NA	NA	 1
Wannquist, Olof	NA	NA	 1
Wallqvist, Olof	NA	NA	 1
Wallmo, Gustaf	NA	NA	 1
Wallin, Joh	NA	NA	 1
Wallenstein, Albrecht Wenzel Eusebius Von	NA	NA	 1
Valle, Guglielmo Della	NA	NA	 1
Aminoff, Gustaf	1876	NA	 1
Walcke, Christ Ian Wilh Elm	NA	NA	 1
Wagner, Daniel Ernst	NA	NA	 1
Wagner, C Arl	NA	NA	 1
Wagevier, C I	NA	NA	 1
Wafer, Lion El	NA	NA	 1
Wadman, N Ils A Dolf	NA	NA	 1
Wacklin, M	NA	NA	 1
Wachtmeister, H Ans G Abriel Trolle	NA	NA	 1
Wachtmeister, Claës Adam	NA	NA	 1
Wachsmuth, J Ohann F Riedrich	NA	NA	 1
Ullgrund, Sven	NA	NA	 1
Uggla, Leonh Ard Magnus	NA	NA	 1
Törngren, Joh An	NA	NA	 1
Törner, Johan	NA	NA	 1
Törneblad, Fredrik Adolf	NA	NA	 1
Tyrtaios	 650	NA	 1
Typotius, Jacobus	NA	NA	 1
Tweddell, John	NA	NA	 1
Tunaeus, Hans Jonss On	NA	NA	 1
Tullin, Christ Ian Br Aunmann	NA	NA	 1
Tullberg, Erik Nicolaus	NA	NA	 1
Trägårdh, Sven	NA	NA	 1
Trägård, Sven	NA	NA	 1
Ekeberg, Peter Gustaf	NA	NA	 1
Tryfiodoros	NA	NA	 1
Tronçon, Jean	1600	NA	 1
Trojel, T Homas	NA	NA	 1
Trap, Cordt	NA	NA	 1
Torbjörnsson, Lars	NA	NA	 1
Toll, G Ustaf Philip Adam	NA	NA	 1
Tolpo, Nils M	NA	NA	 1
Tillaeus, Olof P	NA	NA	 1
Tidén, Johan Petrus	NA	NA	 1
Ticcander, Michail	NA	NA	 1
Tiburtius, Tiburtz	NA	NA	 1
Thaarup, F Riderik	NA	NA	 1
Thaarup, Frederik	NA	NA	 1
Thorlacius, S Kulo Th Ordsen	NA	NA	 1
Groth, Erik Gustaf	NA	NA	 1
Thingvall, Fredric	NA	NA	 1
Theognis	NA	NA	 1
Tripolites, Theodosius	NA	NA	 1
Hådén, Eric Magnus	NA	NA	 1
Theokritos	NA	NA	 1
Tetens, Stephan	NA	NA	 1
Interveniens, Tertius	NA	NA	 1
Tench, Watkin	NA	NA	 1
Tegnér, Esaias	NA	NA	 1
Tegman, Petrus	NA	NA	 1
Tavaststjerna, C Arl G Ustaf P:son	NA	NA	 1
Tarmini, Almerthé	NA	NA	 1
Rangel, Olof Jakob	NA	NA	 1
Talén, A M	NA	NA	 1
Sönnerberg, Jac Ob	NA	NA	 1
Södermark, Petrus	NA	NA	 1
Söderberg, Olof	NA	NA	 1
Söderberg, Jonas Peter	NA	NA	 1
Syrén, P H	NA	NA	 1
Synnerberg, L N	NA	NA	 1
Lundblad, Sveno	NA	NA	 1
Svedman, Carl Wilhelm	NA	NA	 1
Svedenstierna, Eric Th Omas	NA	NA	 1
Swedenstierna, Erik T Homas	NA	NA	 1
Surville, Jean François De	NA	NA	 1
Sundius, J	NA	NA	 1
Sumarokoff, Paul	NA	NA	 1
Suell, Israel	NA	NA	 1
Stålström, H Ans C Hristopher	NA	NA	 1
Stålhammar, Otto Fred Rik	NA	NA	 1
Ståhlberg, Georg	NA	NA	 1
Sturtzenbecher, M årten	NA	NA	 1
Sturtz, Christoph Von	NA	NA	 1
Strömvall, Sven Gudmund	NA	NA	 1
Ström, Christian Michaëlsson	NA	NA	 1
Stridbeck, Johann	NA	NA	 1
Stralenheim, Henning Von	NA	NA	 1
Storm, Edvard	NA	NA	 1
Stobæus, Niklas	NA	NA	 1
Stobæus, Niclas	NA	NA	 1
Stobaeus, Magnus	NA	NA	 1
Stjernswärd, Rudolph Haddar Ahlberg	NA	NA	 1
Stiernström, Karl Magnus Didrik Mårtensson	NA	NA	 1
Stevenson, John	NA	NA	 1
Sterly, Andreas	NA	NA	 1
Stenhagen, Per	NA	NA	 1
Stenfelt, Johan	NA	NA	 1
Stenberg, Jan Gustaf	NA	NA	 1
Stecksén, Jonas	NA	NA	 1
Stauden, Abrah Am Von	NA	NA	 1
Starke, Mariana	NA	NA	 1
Stapelmohr, Carl Vilhelm	NA	NA	 1
Starck, Laurentius	NA	NA	 1
Stabell, Fredrik Wilhelm Bruenech	NA	NA	 1
Stabeck, G Ustaf	NA	NA	 1
Sprinchorn, Gustaf Ernst	NA	NA	 1
Speth, Johann Friedrich	NA	NA	 1
Sparschuch, Lars	NA	NA	 1
Spalding, Johan Joachim	NA	NA	 1
Sorterup, Jörgen Jörgensen	NA	NA	 1
Sorbon, Jöns Henr Ik	NA	NA	 1
Sonntag, Karl Gottlob	NA	NA	 1
Soncini, Virginio	NA	NA	 1
Sommerer, Johann Matthäus	NA	NA	 1
Soldin, S	NA	NA	 1
Snellman, Johan Johansson	NA	NA	 1
Snell, J F A	NA	NA	 1
Soltau, Wilhelm	NA	NA	 1
Rothof, Lorens Wolter	NA	NA	 1
Qwist, Benct Andersson	NA	NA	 1
Posselt, Ernest Louis	NA	NA	 1
Philanthropus	NA	NA	 1
Paban, Louis François	NA	NA	 1
Olivier, Théodore	NA	NA	 1
Niemeyer, Johann Christian Ludwig	NA	NA	 1
Nathan, Joël	NA	NA	 1
Moraenius, Eric Er Icsson	NA	NA	 1
Meijerfeldt, Carl Fredric	NA	NA	 1
Lundborg, Johannes	NA	NA	 1
Lund, And	NA	NA	 1
Ludovici, Michael	NA	NA	 1
Smedberg, N Ils	NA	NA	 1
Skrzetuski, Wincenty	NA	NA	 1
Skive, J	NA	NA	 1
Sjögren, Gustav Olof	NA	NA	 1
Sjöborg, Gustav	NA	NA	 1
Sjöberg, Mikael	NA	NA	 1
Sjöberg, Adolf	NA	NA	 1
Sjöbeck, Joh An Carl	NA	NA	 1
Siöbeck, Johan Carl	NA	NA	 1
Sinclair, John	NA	NA	 1
Christianus, Simplex	NA	NA	 1
Simoneta, Alessandro	NA	NA	 1
Italicus, Silius	NA	NA	 1
Silfwercrantz, Johan	NA	NA	 1
Sigogne, Pierre	NA	NA	 1
Sheridan, John Richard	NA	NA	 1
Sheldon, Gilbert	NA	NA	 1
Sheldon, Carl	NA	NA	 1
Seume, J Ohann G Ottfried	NA	NA	 1
Serpilius, Ge Org	NA	NA	 1
Senebier, Jean	NA	NA	 1
Semple, Robert	NA	NA	 1
Selander, A L	NA	NA	 1
Seidelius, Johann Christian	NA	NA	 1
Segrell, Zacharias	NA	NA	 1
Sefström, Erik	NA	NA	 1
Scultetus, Christoph	NA	NA	 1
Scopoli, Gio Vanni Antonio	NA	NA	 1
Schöning, Gerhard	NA	NA	 1
Schön, Pet Er H Inrik	NA	NA	 1
Schön, Pet Er Hinr Ik	NA	NA	 1
Schön, Christian	NA	NA	 1
Schäffer, Jacob Christian	NA	NA	 1
Schæffer, Abraham Ottman H Ermann	NA	NA	 1
Schåre, Olof R	NA	NA	 1
Schwartz, C G	NA	NA	 1
Schütze, Gottfried	NA	NA	 1
Schütz, Wilhelm Ignatius	NA	NA	 1
Schulze, Johann	NA	NA	 1
Schultz, Johann Matthias	NA	NA	 1
Schubert, A J	NA	NA	 1
Schubart, Joh Christian	NA	NA	 1
Schuan, Erico	NA	NA	 1
Schwab, Konrad Ludvig	NA	NA	 1
Schroeckh, Johann Matthias	NA	NA	 1
Ascheraden, Schoultz	NA	NA	 1
Schreiber, Carl Adam	NA	NA	 1
Schmidt-d'avenstein, Georges Louis	NA	NA	 1
Schmidt, Samuel Heinrich	NA	NA	 1
Schmidt, Johann Christian	NA	NA	 1
Schmidt, Johan Albrekt	NA	NA	 1
Schlegel, Theophil	NA	NA	 1
Schlegel, J Ohan F Redrik W Ilhelm	NA	NA	 1
Schlegel, Ernst Friedrich	NA	NA	 1
Schinmeier, Johan Adolph	NA	NA	 1
Schildener, Carl	NA	NA	 1
Scherelle, Jeremias	NA	NA	 1
Schenk, Peter	NA	NA	 1
Schenberg, Peter	NA	NA	 1
Scheller, Joh Ann Gerhard	NA	NA	 1
Scheffel, Clas Friedrich	NA	NA	 1
Schedvin, Daniel Magnus	NA	NA	 1
Scharffenberg, Gustaf Henrik	NA	NA	 1
Schiller, Fred	NA	NA	 1
Scheller, Imm Joh Gerh	NA	NA	 1
Grammaticus, Saxo	1204	NA	 1
Savarij, Johan Gabriel	NA	NA	 1
Santi, Wassili	NA	NA	 1
Santhoff, Kasper	NA	NA	 1
Sannio, Lepidus Philalethes	NA	NA	 1
Sandel, Claes G	NA	NA	 1
Sandberg, M Agnus	NA	NA	 1
Sandberg, G Ustaf A Dolf	NA	NA	 1
Samsöe, O Le J Ohan	NA	NA	 1
Salzmann, Chr Istian Gotth Ilf	NA	NA	 1
Salviati, Jacopo	NA	NA	 1
Salmon, Thomas	NA	NA	 1
Saint-non, Jean Claude Richard De	NA	NA	 1
Sainovics, Johann	NA	NA	 1
Sainctyon, De	NA	NA	 1
Salis, Johann Gaudenz Von	NA	NA	 1
Saint-morys, Etienne Bourgelin V De	NA	NA	 1
Sahlstedt, Jac	NA	NA	 1
Röök, Carl Fredrik Von	NA	NA	 1
Rönne, B F	NA	NA	 1
Råfelt, Johannes	NA	NA	 1
Ryberg, Johan Eric	NA	NA	 1
Rutström, A Nders C Arl	NA	NA	 1
Rutström, And Ers Carl	NA	NA	 1
Ryman, Gabriel Olai	NA	NA	 1
Ryman, Anders	NA	NA	 1
Runnevall, Anders	NA	NA	 1
Rühlmannen, Gottfried	NA	NA	 1
Rühlmann, Gottfried	NA	NA	 1
Rudolphi, Carl Asmund	NA	NA	 1
Rudberg, J	NA	NA	 1
Rubenius, Petrus	NA	NA	 1
Rudberg, F	NA	NA	 1
Rothman, Th W	NA	NA	 1
Rothman, J Acob G Abriel	NA	NA	 1
Rothe, Tyge	NA	NA	 1
Roth, Johann Michael	NA	NA	 1
Rossi, Frans Josef Anton	NA	NA	 1
Rossi, Joseph	NA	NA	 1
Rose, Christian Gottfried	NA	NA	 1
Rosander-rosenheim, Johan Erik	NA	NA	 1
Roos, Elias	NA	NA	 1
Roos, Christian	NA	NA	 1
Odelius, Thore L	NA	NA	 1
Roman, Jean Joseph Thérèse	NA	NA	 1
Roggert, Poul	NA	NA	 1
Rochow, Friedrich Eberhard Von	NA	NA	 1
Robsahm, O A	NA	NA	 1
Robsahm, O Lof A Braham	NA	NA	 1
Roberge, Michel	NA	NA	 1
Ritter, Johann Daniel	NA	NA	 1
Rist, Johann Ernst	1696	NA	 1
Richter, Otto Friedrich Von	NA	NA	 1
Riber, Joachim	NA	NA	 1
Rhyzelius, Anders Ol Ofsson	NA	NA	 1
Linderstedt, Eric	NA	NA	 1
Lemwig, Olof Svensson	NA	NA	 1
Lancken, E Von Der	NA	NA	 1
Köhler, Fredrik Von	NA	NA	 1
Kunckel, Carl Fredrik	NA	NA	 1
Krafft, Georg Wolffgang	NA	NA	 1
Kniberg, Adolph Fred	NA	NA	 1
Kristmacher, Georg Nathanael	NA	NA	 1
Jetze, Franz Christoph	NA	NA	 1
Iriarte, Thomás De	NA	NA	 1
Hwarfner, Anders Theodor	NA	NA	 1
Hundeshagen, Bernhard	NA	NA	 1
Horrn, Johan Laurent	NA	NA	 1
Hoffmann, Johan Georg	NA	NA	 1
Hellman, Johan	NA	NA	 1
Hammargren, A	NA	NA	 1
Hagemeister, Johann Gottfried	NA	NA	 1
Guidi, Carlo Alessandro	NA	NA	 1
Gelzelius, Johannes D ä	NA	NA	 1
Gehren, Karl Christian	NA	NA	 1
Geerkens, Simon Dieterich	NA	NA	 1
Ganader, Christfrid	NA	NA	 1
Een, Axel Adrian	NA	NA	 1
Dyke, Moritz Von	NA	NA	 1
Delolme, J L	NA	NA	 1
Cnattingius, Anders Jacob D	NA	NA	 1
Brygger, Nils	NA	NA	 1
Brander, Nicolas Gustaf	NA	NA	 1
Boheman, Johan	NA	NA	 1
Blomstrand, Johannes	NA	NA	 1
Björkman, A	NA	NA	 1
Billing, Johan Garbiel	NA	NA	 1
Bignon, François	NA	NA	 1
Betham, William	NA	NA	 1
Norberg, J E	NA	NA	 1
Bariffe, William	NA	NA	 1
Additions-, M m Tabula	NA	NA	 1
Alanus, Abraham	NA	NA	 1
Grisè, Peter	NA	NA	 1
Emmertz, Johan Fredrik	NA	NA	 1
Baignoux, Pierre Philippe	NA	NA	 1
Reuterholm, Gust Af Gottf Rid	NA	NA	 1
Reuterholm, Axel G Ottlieb	NA	NA	 1
Reuss, Franz Ambros	NA	NA	 1
Reuss, C Hristian F Riedrich	NA	NA	 1
Rese, J Ohann Karl August	NA	NA	 1
Renvall, Gustaf	NA	NA	 1
Reinius, Israel M Attsson	NA	NA	 1
Regius, Alexander	NA	NA	 1
Rees, Thomas	NA	NA	 1
Reedtz, H C	NA	NA	 1
Real	NA	NA	 1
Raymundus, Johannes Franciscus	NA	NA	 1
Rauscher, Johan Martin	NA	NA	 1
Rasmussen, J Ens L Assen	NA	NA	 1
Rapin Thoyras, Paul De	NA	NA	 1
Ranie, Magnus	NA	NA	 1
Rango, Friedrich Ludwig Von	1794	NA	 1
Randulf, Enevold Nielsen	NA	NA	 1
Rancken, Engelbrecht	NA	NA	 1
Radloff, Fredrik Wilhelm	NA	NA	 1
Raab, N M	NA	NA	 1
Qviding, Pehr	NA	NA	 1
Quennerstedt, Lars	NA	NA	 1
Queckfeldt, Reinhold	NA	NA	 1
Qvanten, Carl Von	NA	NA	 1
Pålman, Otto Fredrik	NA	NA	 1
Pütter, Johann Stephan	NA	NA	 1
Purdy, John	NA	NA	 1
Prysz, Anders	NA	NA	 1
Proclus	NA	NA	 1
Primon, Carl F Riedrich	NA	NA	 1
Posselt, Ernst Ludv	NA	NA	 1
Poniatovski, Stanislaus	NA	NA	 1
Poniatowski, Stanisław	NA	NA	 1
Poivre, Pierre	NA	NA	 1
Platou, Ludvig Stoud	NA	NA	 1
Plater, Stanislas	NA	NA	 1
Pisarski, Albrecht Johan	NA	NA	 1
Piper, Theophil Cælestin	NA	NA	 1
Pinkerton, John	NA	NA	 1
Pinello, Julius	NA	NA	 1
Waenerberg, Sven	NA	NA	 1
Erling, Johan Peter	NA	NA	 1
Pousette, Carolus	NA	NA	 1
Ruus, Nils	NA	NA	 1
Forslind, Carl	NA	NA	 1
Pfefferkorn, Georg Michael	NA	NA	 1
Pfaff, Johann Wilhelm Andreas	NA	NA	 1
Petersson, Jacob	NA	NA	 1
Perronet, Jean Rodolphe	NA	NA	 1
Perrier, François	NA	NA	 1
Pelli, Giuseppe	NA	NA	 1
Peleus, Julien	NA	1625	 1
Paulsen, P Aul D Etlev Christian	NA	NA	 1
Pauli, Matthias	NA	NA	 1
Pauli, Carl Chr	NA	NA	 1
Patrioten, Fartyget	NA	NA	 1
Passén, Anders Wilhelm	NA	NA	 1
Paqualin, Gust	NA	NA	 1
Panckoucke, Joseph	NA	NA	 1
Palm, C Arl Magn Us	NA	NA	 1
Oxholm, Peter Lotharius	NA	NA	 1
Overkamp, Christian Wilhelm	NA	NA	 1
Otto, B C	NA	NA	 1
Orre, Lars	NA	NA	 1
Olufsen, Christian	NA	NA	 1
Olander, Hans Peter	NA	NA	 1
ólafsson, Magnús	NA	NA	 1
Nyström, Barth Old	NA	NA	 1
Nyrén, Carl P	NA	NA	 1
Nyberg, Hindr Ic	NA	NA	 1
Norrman, Lars	NA	NA	 1
Nordgren, Jacob	NA	NA	 1
Nordfors, Erik Ulrik	NA	NA	 1
Nordensköld, August	NA	NA	 1
Nordenskjöld, August	NA	NA	 1
Nordén, Anders	NA	NA	 1
Noltenius, Johann Friedrich	NA	NA	 1
Nörregaard, Laurits	NA	NA	 1
Nirico, Gaetano	NA	NA	 1
Nigrinus, Martin	NA	NA	 1
Nieroth, Carl	NA	NA	 1
Jonsen, Niels	1379	NA	 1
Nicolai, Karl	NA	NA	 1
Nibelius, Sven Dieteric	NA	NA	 1
Neumann, Jo Hann Georg	NA	NA	 1
Nemesios	NA	NA	 1
Neergaard, T önnes C Hristian Bruun	NA	NA	 1
Neander, H åkan	NA	NA	 1
Naumann, Gottlob	NA	NA	 1
Nauclér, Olof	NA	NA	 1
Nansen, Hans	NA	NA	 1
Nackreij, Olof Von	NA	NA	 1
Nabholz, Hans Ulrich	NA	NA	 1
Mörk, C Arl J	NA	NA	 1
Möllerstierna, J D	NA	NA	 1
Möller, Joh Ann Georg Pet E R	NA	NA	 1
Möller, Jens	1886	NA	 1
Möller, Eric P	NA	NA	 1
Møinichen, Jacob Baerent	NA	NA	 1
Moebius, Georg	NA	NA	 1
Myrin, Erik	NA	NA	 1
Mussinan, Joseph Anton Von	NA	NA	 1
Murray, Johan Philip	NA	NA	 1
Munster, Johan	NA	NA	 1
Munster, Johan Bernhard	NA	NA	 1
Muncheberg, Frederik Carl	NA	NA	 1
Munch, Johan Storm	NA	NA	 1
Müller, Johann Bernhard	NA	NA	 1
Müller, Joachim Hartwig	NA	NA	 1
Muhrbeck, Joh An Christoph Er	NA	NA	 1
Muhrbeck, Johan Christopher	NA	NA	 1
Muhrbeck, Joh An Chr Istopher	NA	NA	 1
Morian, Nils Bernt	NA	NA	 1
Moore, John Hamilton	NA	NA	 1
Montin, Johan Johansson	NA	NA	 1
Moller, Daniel Vil Helm	NA	NA	 1
Molander, Anders Jonas	NA	NA	 1
Mjödh, Bror Abraham	NA	NA	 1
Mittag, Lorens Gustaf	NA	NA	 1
Millot, C Laude F Rançois X Avier	NA	NA	 1
Miller, Jacob	NA	NA	 1
Milander, Daniel Peter	NA	NA	 1
Mierzewski, Andrzej	NA	NA	 1
Michelsen, Andreas Ludwig Jacob	NA	NA	 1
Monro, Robert	NA	NA	 1
Meurling, Magnus Georg	NA	NA	 1
Menander, Carl Fredrik	NA	NA	 1
Juringius, Zacharias	NA	NA	 1
Meissner, J Ohann B Enjamin	NA	NA	 1
Meiners, C Hristoph	NA	NA	 1
Meijer, Gerhard	NA	NA	 1
Mejer, Gerhard	NA	NA	 1
Meidinger, C Von	NA	NA	 1
Meerman, J Ohan	NA	NA	 1
Meerman, Johan Von	NA	NA	 1
Medinger, Joh Ann Val Entin	NA	NA	 1
Mecklin, J Ohan A Dolf	NA	NA	 1
Matérn, Carl Gustaf Von	NA	NA	 1
Massas, Ch Arles	NA	NA	 1
Martini, Martino	NA	NA	 1
Marracci, Hippolito	NA	NA	 1
Clausdotter, Margareta	1486	NA	 1
Marabotto, Antonio	NA	NA	 1
Manthey, Johann Daniel Timotheus	NA	NA	 1
Mangelsdorff, K Arl E Hregott	NA	NA	 1
Manderfeldt, Carl Johan	NA	NA	 1
Malmström, Mich	NA	NA	 1
Malmström, A	NA	NA	 1
Magnelius, Gabriel	NA	NA	 1
Meydell, Jacob Gerhard	NA	NA	 1
Maboth	NA	NA	 1
Löwenstein, Friedrich	NA	NA	 1
Lönnström, C Arl J Acob	NA	NA	 1
Loefling, Pehr	NA	NA	 1
Låstbom, Herman Af	NA	NA	 1
Lynar, Rochus Friedrich	NA	NA	 1
Lundström, Niclas	NA	NA	 1
Lundström, C A	NA	NA	 1
Lundquist, Bernhard Anders	NA	NA	 1
Lundborg, Ing Ad	NA	NA	 1
Lundblad, Jo Nas	NA	NA	 1
Lundahl, Magnus	NA	NA	 1
Lundahl, Johannes Laur	NA	NA	 1
Lund, Michel Caspar	NA	NA	 1
Lund, J	NA	NA	 1
Lund, Georg Henric	NA	NA	 1
Ascanius, Peder	NA	NA	 1
Friberger, Per Gustaf	NA	NA	 1
Friberg, Olof	NA	NA	 1
Artemidorus Botnicus, Olaus	NA	NA	 1
Arosien, Gustaf	NA	NA	 1
Bagge, Christian	NA	NA	 1
Baer, Frédéric Charles	NA	NA	 1
Lubersac De Livron, Charles François De	NA	NA	 1
Low, Johan	NA	NA	 1
Lorini, Jean De	NA	NA	 1
Baden, Gustaf Ludviq	NA	NA	 1
L'orange, Carl A	NA	NA	 1
Luqmān	NA	NA	 1
Lohman, Diedrich Johannes	NA	NA	 1
Ljungh, Swen Ingemar	NA	NA	 1
Lizell, Johan Fredrik	NA	NA	 1
Livin, C M	NA	NA	 1
Linperch, Pieter	NA	NA	 1
Lindwall, Johan	NA	NA	 1
Lundqvist, Johan Henric	NA	NA	 1
Lindquist, Johan Henrik	NA	NA	 1
Lindhult, Daniel Erik	NA	NA	 1
Lindheim, Simon	NA	NA	 1
Lindh, G	NA	NA	 1
Lindberg, P	NA	NA	 1
Lindberg, Nikolas	NA	NA	 1
Liljenroth, Pehr Isac	NA	NA	 1
Lilljestråle, Joachim Wilhelm	NA	NA	 1
Lilljestråle, Joachim Vilhelm	NA	NA	 1
Lilljestråle, Joachim Wilhelm Bröms	NA	NA	 1
Liljestråle, Gustaf	NA	NA	 1
Lillienstråle, Joachim Wilhelm	NA	NA	 1
Lilliehöök, Nils	NA	NA	 1
Lilius, Henrik G	NA	NA	 1
Lidell, Johan Martin	NA	NA	 1
Lévis, Pierre Marc Gaston De	NA	NA	 1
Lidbeck, Andreas	NA	NA	 1
Levaillant, François	NA	NA	 1
Leuthmark, L g	NA	NA	 1
Less, Gottfrid	NA	NA	 1
Le Scène Desmaisons, Jacques	NA	NA	 1
Léonhardi, Johann Gottfried	NA	NA	 1
Leonhardi, Johann Gottfried	NA	NA	 1
Lenander, Johannes J	NA	NA	 1
Le Long, Isaak	NA	NA	 1
Leksell, Karl Magnus	NA	NA	 1
Lehndorf-bandels, August Adolph Leopold Von	NA	NA	 1
Lehndorf-bandels, A A Von	NA	NA	 1
Clerc, Le	NA	NA	 1
Lautier, J B	NA	NA	 1
Salle, La	NA	NA	 1
Latocnaye, De Bougrenet De	NA	NA	 1
Larsson, Täpp Matts	NA	NA	 1
Lantingshausen, Jakob Albrecht Von	NA	NA	 1
Langle, Jean Marie Jérome Fleuriot Marquis De	NA	NA	 1
Lange, Lorenz	NA	NA	 1
Lange, Nikolaus Bendix	NA	NA	 1
Landtmanson, Johan Petter	NA	NA	 1
Lamér, Magnus	NA	NA	 1
Lanærus, Anders	NA	NA	 1
Lamotraye, Aubry De	NA	NA	 1
Laloüé De Mont-louis, Nicolas	NA	NA	 1
Lagerwall, Magnus	NA	NA	 1
Lagerstråle, Pehr Gustaf	NA	NA	 1
Lagercrona, Anders	NA	NA	 1
Lackmann, Adam Heinrich	NA	NA	 1
Köpf, Daniel Von	NA	NA	 1
Königsberg, Carl Magnus	NA	NA	 1
Königstedt, C W	NA	NA	 1
Königsfeldt, Mathias	NA	NA	 1
König, Pehr	NA	NA	 1
König, Johan Gerhard	NA	NA	 1
Kölmark, Peter	NA	NA	 1
Kullander, Nicolaus	NA	NA	 1
Kühl, J L	NA	NA	 1
Krzewski, Abraham	NA	NA	 1
Kruskopf, Jonas	NA	NA	 1
Krusenstjerna, Philipp Crusius Von	NA	NA	 1
Kruse, Nils Rudolf	NA	NA	 1
Kruse, Ernst Christian	NA	NA	 1
Kreander, Johannes	NA	NA	 1
Kopetz, Martin Adolph	NA	NA	 1
Kolomodin, Olof D y	NA	NA	 1
Kohl Von Hirschwald, J G	NA	NA	 1
Kock, Johan F	NA	NA	 1
Knidstedt, Johan Nils	NA	NA	 1
Kniberg, A F Astron Observator	NA	NA	 1
Klingvall, Jacob Gustaf	NA	NA	 1
Klingberg, Carl	NA	NA	 1
Klinckowström, Gustaf Von	NA	NA	 1
Klewerström, Simon Henrik	NA	NA	 1
Klein, Carl Ernst	NA	NA	 1
Kjerrulf, Martin	NA	NA	 1
Klüwer, Lorenz Diderich	NA	NA	 1
Lamotte, A	NA	NA	 1
Kjellin, Erik Adolf	NA	NA	 1
Kirchhoff	NA	NA	 1
Kiszka, Stanislaw	NA	NA	 1
King, Löjtnant	NA	NA	 1
Kihlström, Erik	NA	NA	 1
Kihlström, E	NA	NA	 1
Kihlstedt, Carl Olof	NA	NA	 1
Kempe, Johan	NA	1806	 1
Kemnitius, Johannes	NA	NA	 1
Katterfeld, Herman Ehrenfest	NA	NA	 1
Karlström, Olof Johansson	NA	NA	 1
Kalm, Matthias	NA	NA	 1
Kahl, Achatius Johan	NA	NA	 1
Jörling, Carl A	NA	NA	 1
Juringius, Edmund	NA	NA	 1
Jungschultz Von Roebern, Johann Sigmund	NA	NA	 1
Junebeck, Erland	NA	NA	 1
Journal För Handel, Slöjd Och Konst	NA	NA	 1
Johansson, Johan	NA	NA	 1
Jenisch, Daniel	NA	NA	 1
Janzon, Laurentius	NA	NA	 1
Jahn, Cajetan August	NA	NA	 1
Jacobi, Johann Georg Friedrich	NA	NA	 1
Jacobsen, Friedrich Johann	NA	NA	 1
Izarn, Joseph	NA	NA	 1
Iser, Johannes D y Kyrkoherde F	NA	1737	 1
Innocentius Viii, Påve	NA	NA	 1
Ilström, Johan	NA	NA	 1
Illiger, Johan Carl Wilhelm	NA	NA	 1
Ignatius, Bengt Jakob	NA	NA	 1
Idman, Nils	NA	NA	 1
Hörnigk, Ludwig Von	NA	NA	 1
Hörnick, Adam Gottfried	NA	NA	 1
Höök, Pet Schv	NA	NA	 1
Hoegh, Hans Jörgen Christian	NA	NA	 1
Hägg Petersson, Carl Gustaf	NA	NA	 1
Hårleman, Paco	NA	NA	 1
Kjellberg, Johan Peder	NA	NA	 1
Hyckert, Johan Fredrik	NA	NA	 1
Huss, Haquin	NA	NA	 1
Husberg, Nils	NA	NA	 1
Hunter, William	NA	NA	 1
Hummel, Johann Christoph Friedemann	NA	NA	 1
Hügel, F Freiherr Von	NA	NA	 1
Hougberg, Wilhelm	NA	NA	 1
Horner, Birgitta Catharina	NA	NA	 1
Horn, Carl Fredrik	NA	NA	 1
Hommel, Carl Ferdinand	NA	NA	 1
Holtzkamp, Joan	NA	NA	 1
Holmström, Johan Olof	NA	NA	 1
Holmgrén, Wilhelm Fabian	NA	NA	 1
Holmgren, O Brukspatron	NA	NA	 1
Holmén, Bengt P	NA	NA	 1
Holmdahl, Salomon	NA	NA	 1
Holmberger, Peter	NA	NA	 1
Holmberger, Pehr	NA	NA	 1
Holmberg, Michael	NA	NA	 1
Holmberg, And	NA	NA	 1
Holm, E G	NA	NA	 1
Hohenhausen, Michael Silvius Von	NA	NA	 1
Hohburg, Philipp	NA	NA	 1
Hoare, Richard Colt	NA	NA	 1
Hierta, Johan Gustaf	NA	NA	 1
Hierta, Fredrik Georg	NA	NA	 1
Hjerta, Fredrik Georg Larsson	NA	NA	 1
Hjerpe, Samuel	NA	NA	 1
Hindmarsh, Robert	NA	NA	 1
Hindbeck, Olof	NA	NA	 1
Hillman, Isac E	NA	NA	 1
Hickes, George	NA	NA	 1
Heylmann, Philip Ludwig	NA	NA	 1
Heurlin, Samuel	NA	NA	 1
Heublein, Carl Jacob	NA	NA	 1
Hesslén, Nils	NA	NA	 1
Herveghr, Daniel	NA	NA	 1
Herodotos	NA	NA	 1
Hermann, G F	NA	NA	 1
Hérault De Séchelles, Marie Jean	NA	NA	 1
Henricpetri, Adam	NA	NA	 1
Henninges, Hieronymus	NA	NA	 1
Hennings, August Adolph Friedrich	NA	NA	 1
Henley, John	NA	NA	 1
Henderson, Andrew	NA	NA	 1
Henckel, Balthasar	NA	NA	 1
Helwig, Hans Friederich	NA	NA	 1
Hellström, Anders	NA	NA	 1
Hellenius, Pehr Olofsson	NA	NA	 1
Helledaij, Johan Hinz	NA	NA	 1
Heinricius, Gabriel	NA	NA	 1
Heide, Lars Larsen	NA	NA	 1
Hegewisch, Dietrich Herrmann	NA	NA	 1
Hedman, Abraham	NA	NA	 1
Hedler, Johann Christian	NA	NA	 1
Hederstjerna, Erland	NA	NA	 1
Hedenström, Johan	NA	NA	 1
Hebbe, John Gustaf	NA	NA	 1
Hasselberg, Johan Danielsson	NA	NA	 1
Hartmann, Johann Adolph	NA	NA	 1
Harmens, Gustav	NA	NA	 1
Hanzely, Carl Joseph	NA	NA	 1
Hanson, Peter Treschow	NA	NA	 1
Hansen, A C	NA	NA	 1
Hammar, A J	NA	NA	 1
Hamilton, George	1868	NA	 1
Hales, Stephan	NA	NA	 1
Hagström, Maria C	NA	NA	 1
Haggren, Lars Christ	NA	NA	 1
Haggren, Lars Chr	NA	NA	 1
Hagerup, Mathias	NA	NA	 1
Hagenow, Friedrich Von	NA	NA	 1
Hagen, Lorenz	NA	NA	 1
Hagemeister, Emanuel Frederic	NA	NA	 1
Hagelgans, Johann Georg	NA	NA	 1
Hadley, Johan	NA	NA	 1
Haafner, Jacob	NA	NA	 1
Götlin, Lars Erik	NA	NA	 1
Görges, C W	NA	NA	 1
Gödel, Johann Wilhelm Von	NA	NA	 1
Gyllensvan, Friedrich	NA	NA	 1
Gyllenspetz, Franz Fredric	NA	NA	 1
Gvadányi, József	NA	NA	 1
Guts Muths, Johann Christoph Friedrich	NA	NA	 1
Gustafsson, Martin	NA	NA	 1
Gunnerus, Johan Ernst	NA	NA	 1
Gullander, Pehr	NA	NA	 1
Guldbrand, Gabriel	1788	NA	 1
Guldberg, Ove Emmerich Höegh	NA	NA	 1
Gude, Gottlob Friedrich	NA	NA	 1
Grönbergh, Andreas Nicolaus	NA	NA	 1
Gräve, H Gottlob	NA	NA	 1
Graedener, Friederich Adolph	NA	NA	 1
Grote, Thomas Von	NA	NA	 1
Grubbens, Michael Af	NA	NA	 1
Grubb, Michael	NA	NA	 1
Groth, Fromhold Torsten	NA	NA	 1
Grill, Claes	NA	NA	 1
Gripenberg, Johan Ulrik Sebastian	NA	NA	 1
Greiffe	NA	NA	 1
Greiff, Johan Ludvig Von	NA	NA	 1
Green, George	NA	NA	 1
Grauer, B	NA	NA	 1
Grant, W	NA	NA	 1
Gralath, Daniel	NA	NA	 1
Graglia, C	NA	NA	 1
Goujet, Claude Pierre	NA	NA	 1
Gottmark, Johan	NA	NA	 1
Gottmarck, Jahan	NA	NA	 1
Gomes Silva Leao, Antonio	NA	NA	 1
Goes, Damiao De	NA	NA	 1
Goeteeris, Anthonis	NA	NA	 1
Goës, Axel Fredrik	NA	NA	 1
Glafey, Adam Friedrich	NA	NA	 1
Gjers, Carl Robert	NA	NA	 1
Giesebrecht, Ludwig	NA	NA	 1
Gierdrum, Ole	NA	NA	 1
Gestynsky, Andrzej	NA	NA	 1
Gestrin, Samuel	NA	NA	 1
Gestrich, Jonas Samuel	NA	NA	 1
Gerbier, Balthazar	NA	NA	 1
Gerschau, Peter Von	NA	NA	 1
Gerdes, Joh	NA	NA	 1
Genberg, Olof	NA	NA	 1
Gelieu, Jonas De	NA	NA	 1
Geisler, Erik	NA	NA	 1
Geete, Carl Johan	NA	NA	 1
Geete, Adolf Sebastian	NA	NA	 1
Gedda, Anders	NA	NA	 1
Gebhardi, Carl August	NA	NA	 1
Gaupp, Johann	NA	NA	 1
Gaslander, Johan	NA	NA	 1
Gartman, Eric	NA	NA	 1
Galster, Georg	NA	NA	 1
Gagarin, Paul Gawilowitsch	NA	NA	 1
Gahn, Carl Pontus	NA	NA	 1
Fröling, Magnus Samuel	NA	NA	 1
Frölich, öfverstelöjtnant	NA	NA	 1
Frosterus, Johan	NA	NA	 1
Frosterus, Eric	NA	NA	 1
Fristedt, Andreas S	NA	NA	 1
Fritz, Isak	NA	NA	 1
Fritz, Anton Günter	NA	NA	 1
Frisi, Paolo	NA	NA	 1
Frigelius, Peter	NA	NA	 1
Friis, Jörgen	NA	NA	 1
Friesendorff, Fredrik Von	NA	NA	 1
Friesendorff, Adolf Ludvig Von	NA	NA	 1
Friedrich	NA	NA	 1
Friedrich Ii, Konung Af Preussen	NA	NA	 1
Freudenthal, G	NA	NA	 1
Fredrik	NA	NA	 1
Fougué, Freidrich Heinrich Karl De La Motte	NA	NA	 1
Fortis, Giovanni Battista	NA	NA	 1
Fortia De Piles, Alphonse Toussaint Joseph Andre Marie Marseille	NA	NA	 1
Fortelius, Petrus Gabrielsson	NA	NA	 1
Forstmann, Johann Gangholf Wilhelm	NA	NA	 1
Forssenius, Anders Håkansson	NA	NA	 1
Forsander, Johan	NA	NA	 1
Forgeot, Nicolas Jules	NA	NA	 1
Forelius, Lars	NA	NA	 1
Fontell, August Gideon	NA	NA	 1
Flygare, Gustaf	NA	NA	 1
Floræus, Jonas	NA	NA	 1
Flensburg, Wilhelm	NA	NA	 1
Fleming, Gustaf Adolf	NA	NA	 1
Fjellström, Per	NA	NA	 1
Fiskerström, Ander J	NA	NA	 1
Fischerström, Per Johan	NA	NA	 1
Ferrières-sauveboeuf, Louis François Comte De	NA	NA	 1
Fischer, Jacob Benjamin	NA	NA	 1
Fenouillot De Falbaire, De Quingey	NA	NA	 1
Fast, Carl Johan	NA	NA	 1
Fant, Johan Mikael	NA	NA	 1
Fant, Georg Fredrik	NA	NA	 1
Fant, Carl Johan	NA	NA	 1
Hiöring, Anders Matthisen	NA	NA	 1
Falck, Jacob Gustaf	NA	NA	 1
Falck, Anton Reinhard	NA	NA	 1
Fahlberg, Algot	NA	NA	 1
Fabricius, Johann Christian	NA	NA	 1
Evelius, Jonas	NA	NA	 1
Etienne, Charles Guillaume	NA	NA	 1
Karl Johann, Kronprinz	NA	NA	 1
Estlund, Olof	NA	NA	 1
Essbjörnsson, Jeremias	NA	NA	 1
Ernst, Lantgreve Av Hessen-rheinfels	NA	NA	 1
Erman, Jean Pierre	NA	NA	 1
Epicharmos	NA	NA	 1
Epremesnil, Jacques Duval D'	NA	NA	 1
Engelbrecht, Herman Heinrich	NA	NA	 1
Engelbrecht, Herman Heinrich Von	NA	NA	 1
Engel, Johann Jakob	NA	NA	 1
Elofson, Sven	NA	NA	 1
Elmén, Pehr	NA	NA	 1
Ellis, John	NA	NA	 1
Eliander, Claes Håkansson	NA	NA	 1
Elg, Simon Christoffer	NA	NA	 1
Elfvendahl, Petrus	NA	NA	 1
Elffors, Matthias	NA	NA	 1
Ekmark, Lars	NA	NA	 1
Ekman, Anders S	NA	NA	 1
Ekelund, Peter P	NA	NA	 1
Ekelund, P P	NA	NA	 1
Ekeblom, Olof Andreae F	NA	1784	 1
Ekbæck, And	NA	NA	 1
Einarsson, Halfdán	NA	NA	 1
Ehrström, Erik Gustaf	NA	NA	 1
Ehrenswärd, Gustaf Johan	NA	NA	 1
Ehrenreich, Johann Eberhard Ludwig	NA	NA	 1
Ehrenmalm, Georg	NA	NA	 1
Ehrengranat, Aron Leuchovius	NA	NA	 1
Eggertz, Gustaf	NA	NA	 1
Eger, Johann Gottfried	NA	NA	 1
Edenhjelm, Gillis	NA	NA	 1
Edelfeldt, Johan Gustaf	NA	NA	 1
Edelcrona, Isaac Askegren	NA	NA	 1
Horst, Georg Conrad	NA	NA	 1
Karl	NA	NA	 1
Jones, George Matthew	NA	NA	 1
Haverkamp, J	NA	NA	 1
Hansen, J	NA	NA	 1
Forsselles, J h Af	NA	NA	 1
Eben, Frederic	NA	NA	 1
Duval-pyrau, L'abbé	NA	NA	 1
Duvaerus, Jacob	NA	NA	 1
Duve, Joh H	NA	NA	 1
Dusén, Carl Johan	NA	NA	 1
Duport-dutertre, François Joachim	NA	NA	 1
Du Ponceau, Peter S	NA	NA	 1
Du Paty, Charles Marguerite Jean Baptiste Mercier	NA	NA	 1
Dunér, Nils	NA	NA	 1
Du Cros, Joseph Auguste	NA	NA	 1
Dufresne De Francheville, André	NA	NA	 1
Du Coudray, Alexandre Jacques	NA	NA	 1
Düben, Carl Wilhelm Von	NA	NA	 1
Dryander, J	NA	NA	 1
Drufva, Gerhard Störning	NA	NA	 1
Drotty, Friedrich	NA	NA	 1
Dreyer, Johann Carl Heinrich	NA	NA	 1
Drangel, Emanuel	NA	NA	 1
Dorow, Wilhelm	NA	NA	 1
D'ohsson, Ignatius Mouradgea	NA	NA	 1
D'ohsson, Abraham Canstantin Mouradgea	NA	NA	 1
Cretensis, Dictys	NA	NA	 1
Desforges, Pierre Jean Baptiste Choudard Dit	NA	NA	 1
De Lisle, Guillaume	NA	NA	 1
Delambre, Jean Baptiste Joseph	NA	NA	 1
Deckberg, Olaus	NA	NA	 1
Darin, Lars Johan	NA	NA	 1
Danielsson, Håkan	NA	NA	 1
Dandenelle, Noach Georg	NA	NA	 1
Dalman	NA	NA	 1
Dal, Nils Hufvudsson	NA	NA	 1
Dahl, Pehr	NA	NA	 1
Dabelow, Christoph Christian	NA	NA	 1
Crysologus, Pseud	NA	NA	 1
Crusius, Christopher	NA	NA	 1
Cronstedt, Olof Leonard	NA	NA	 1
Croke, Alexander	NA	NA	 1
Cristiernin, Harald Af	NA	NA	 1
Crælius, Magnus Gabriel	NA	NA	 1
Coupé De Saint-donat, Alexandre Auguste Donat Magloire	NA	NA	 1
Costigan, Arthur William	NA	NA	 1
Corvin, Johan	NA	NA	 1
Coninck, Louis Charles Fredrik De	NA	NA	 1
Comazzi, Giambattista	NA	NA	 1
Collin, Jonas	NA	NA	 1
Colldén, Olof Jonas	NA	NA	 1
Clemens, J A	NA	NA	 1
Christiernin, Johannes	NA	NA	 1
Christenson, Bengt	NA	NA	 1
Chaves, H C	NA	NA	 1
Chaussard, Pierre Jean Baptiste Publicola	NA	NA	 1
Charpentier-cossigny, Joseph François	NA	NA	 1
Charlier, Bengt Fabian De	NA	NA	 1
Chapman, Frederik Henric Af	NA	NA	 1
Chalecki De Chalec, Adam	NA	NA	 1
Castens, Carl Fredrik	NA	NA	 1
Pons De Castelvi, Fabricio	NA	NA	 1
Cassiodorus	NA	NA	 1
Cassan	NA	NA	 1
Wälment, Casper	NA	NA	 1
Casström, Samuel Niclas	NA	NA	 1
Casström, Jacob Anders	NA	NA	 1
Cassini, Jaques	NA	NA	 1
Carr, William	1600	NA	 1
Carp, Jacob Arndt	NA	NA	 1
Carlsson, John Gustaf Von	NA	NA	 1
Caroc, Georg Adolph	NA	NA	 1
Carlsson, Anders Johan	NA	1829	 1
Kallimachos	NA	NA	 1
Calvisius, Seth Henrik	NA	NA	 1
Cadet De Vaux, Antoine Alexis	NA	NA	 1
Båld, Anders A	NA	NA	 1
Buschendorf, Karl Friedrich	NA	NA	 1
Burmester, Johan Henric	NA	NA	 1
Burenstam, Fredrik	1782	NA	 1
Burenskiöld, Fale Henrik	NA	NA	 1
Burchard, Johann Friedrich Theodor	NA	NA	 1
Burchard, Ernestus Fridericus	NA	NA	 1
Bunsen, Christian	NA	NA	 1
Bundy, Carl Henric	NA	NA	 1
Brydolf, Erik Gustaf	NA	NA	 1
Bruncrona, Nils Abraham	NA	NA	 1
Brumbey, Carl Wilhelm	NA	NA	 1
Brinkman, Karl Gustaf Von	NA	NA	 1
Brereton, Henry	NA	NA	 1
Breitholdtz, Claes Josef	NA	NA	 1
Bredsdorff, Jacob Hornemann	NA	NA	 1
Braun, Johannes	NA	NA	 1
Bratt, Benjamin H	NA	NA	 1
Brant, P	NA	NA	 1
Brandt, Johan Alexander	NA	NA	 1
Brandt, Christian H	NA	NA	 1
Boyer, Abel	NA	NA	 1
Boy, Johan Fredric	NA	NA	 1
Bougeant, Guillaume Hyacinthe	NA	NA	 1
Boudier De Villermet, Pierre Joseph	NA	NA	 1
Bouck, Carl Fredrik	NA	NA	 1
Bossi, Louis	NA	NA	 1
Bose, Georg Matthias	NA	NA	 1
Born, Ignatz Von	NA	NA	 1
Borgo, Pietro Battista	1649	NA	 1
Borggren, Frans A	NA	NA	 1
Bonsdorff, Pehr Adolf Von	NA	NA	 1
Bonnet, Charles	NA	NA	 1
Bonaparte	NA	NA	 1
Boling, Petrus	NA	NA	 1
Boye, Ludvig	NA	NA	 1
Bohsack, Berndt J	NA	NA	 1
Bohsack, Berendt Joch	NA	NA	 1
Blomberg, Carl Johann	NA	NA	 1
Blomqvist, Gustaf	NA	NA	 1
Blomberg, Karl Johann Von	1700	NA	 1
Block, Magnus Gabriel	NA	NA	 1
Blix, Magnus	NA	NA	 1
Bliberg, Petrus	NA	NA	 1
Blad, Anders	NA	NA	 1
Björkman, Samuel Christ	NA	NA	 1
Björkman, Samuel Chris	NA	NA	 1
Björkman, Fredrik Adolf	NA	NA	 1
Björkman, Carl Fredrik	NA	NA	 1
Björck, Erik Tobiæ	NA	NA	 1
Björck, Elias Daniel	NA	NA	 1
Bjelke, Nils Adam	NA	NA	 1
Bisterfeld, Johann Heinrich	NA	NA	 1
Bischof, Carl August	NA	NA	 1
Bildt, Daniel Fredric	NA	NA	 1
Biederstedt, Diedrich Hermann	NA	NA	 1
Bethe, Johann Christian Jacob	NA	NA	 1
Bessing, Magnus Peter	NA	NA	 1
Bertholdi, Johann	NA	NA	 1
Berndtson, Edward	NA	NA	 1
Berkenmeijer, B N	NA	NA	 1
Bergh, Mathias Munk	NA	NA	 1
Champigny, Jean Charles De	NA	NA	 1
Seitz, Johann Christian	1735	NA	 1
Berger, H A M	NA	NA	 1
Bergenstråhle, Axel Wilhelm	NA	NA	 1
Bergelin, Johan	NA	NA	 1
Bergami, Bartolomeo	NA	NA	 1
Berg, Jens Christian	NA	NA	 1
Bergström, Erik	NA	NA	 1
Begsten, Carl	NA	NA	 1
Begtrup, Gregers Otto Bruun	NA	NA	 1
Beenfesdt, H G	NA	NA	 1
Bech, Frederik Julius	NA	NA	 1
Baumeister, Friedrich Christian	NA	NA	 1
Bastide, Jean-françois De	NA	NA	 1
Bartoli, Giuseppe	NA	NA	 1
Barker, James N	NA	NA	 1
Sommelius, Andreas Brenner	NA	NA	 1
Bardilli, J W	NA	NA	 1
Bellin De La Liborliére, Louise François Marie	NA	NA	 1
Běljaev, Osip	NA	NA	 1
Belanger, Louis	NA	NA	 1
Bellander, O A	NA	NA	 1
Balthasar, Augustinus	NA	NA	 1
Aurelius, Andreas Petri	NA	NA	 1
Askelöf, Johan	NA	NA	 1
Antraigues, Emmanuel Louis Henri De Launay	NA	NA	 1
Antillon, Isodore De	NA	NA	 1
Almquist, Johan Magnus	NA	NA	 1
Almqvist, Joh	NA	NA	 1
Algren, Sven	NA	NA	 1
Alegren, Johan	NA	NA	 1
Adelheim, Johan	NA	NA	 1
Adler, Fr Chr	NA	NA	 1
Aikin, John	NA	NA	 1
Ahlbory, Levin P	NA	NA	 1
Agricola	NA	NA	 1
Agardth, Carl Adolf	NA	NA	 1
Agapetus, Påve	NA	NA	 1
Aejmelæus, Johannes	NA	NA	 1
Bruzelius, Johan	NA	NA	 1
Bruzelius, Arvid Sture	NA	NA	 1
Bruun, Martin	NA	NA	 1
Brusenius, Pehr	NA	NA	 1
Arfvidsson, Christian	NA	NA	 1
Aretin, Johann Christoph Von	NA	NA	 1
Ziervogel, Johan Martin	NA	1701	 1
Sithon, David	NA	NA	 1
Kylander, Joel Jonae	1610	NA	 1
Christelius, Johannes	1600	NA	 1
Bysing, Carl Von	1600	NA	 1
Boldman, Petter	1600	NA	 1
Andstedius, Ericus Johannis	1600	NA	 1
örnevinge, Johan Gustafsson	1686	NA	 1
Zynthus, Henricus Henrici	1600	NA	 1
Zotherus, Andreas Andreae	1600	NA	 1
Zimmermann, Ernestus	1600	NA	 1
Zadhelerus, Marcus Pauli	1600	NA	 1
Zader, Hans Christoff Von	1600	NA	 1
Wäst, Georgius Michaelis	1678	NA	 1
Wollimhaus, Simon	1658	NA	 1
Witfoot, Johannes Joachimi	1600	NA	 1
Wismenius, Jonas Laurentii	1652	NA	 1
Wilstadius, Jacobus	1600	NA	 1
Widman, Johan	1600	NA	 1
Wickenberg, Jonas Petri	1600	NA	 1
Wichaeus, Mathias	1694	NA	 1
Wibergius, Ericus Erici	1600	NA	 1
Andreæ, Magnus	1658	NA	 1
Westhius, Johannes Magni	1647	NA	 1
Westhius, Johannes Johannis	1600	NA	 1
Westhius, Jacobus Magni	1634	NA	 1
Wennaerus, Magnus Svenonis	1642	NA	 1
Wendalius, Nicolaus Erici	1661	NA	 1
Welper, Eberhard	1600	NA	 1
Wegelin, Josua	1640	NA	 1
Watz, Anthonius	1600	NA	 1
Wattrang, Michael Johannis	1657	NA	 1
Wassonius, Johannes Johannis	1600	NA	 1
Wargius, Martinus Andreae	1600	NA	 1
Wargh, Johannes Laurentii	1600	NA	 1
Wargentin, Henricus Joachimi	NA	NA	 1
Wallius, Andreas Erici	1600	NA	 1
Wallerius, Nicolaus Nicolai	1704	NA	 1
Wallerius, Laurentius Erici	1662	NA	 1
Walenius, Achatius Samuelis	1600	NA	 1
Vinebergerus, Johannes Christophorus	1600	NA	 1
Vigius, Laurentius Jonae	1694	NA	 1
Vigelius, Laurentius Olai	1672	NA	 1
Vigaeus, Magnus	1634	NA	 1
Vellerius, Jacobus Bergeri	1683	NA	 1
Vallander, Petrus Johannis	1690	NA	 1
Valdalin, Terkel Christenson	NA	NA	 1
Uraelius, Faderus Arvidi	1662	NA	 1
Ungius, Olaus Simonis	1600	NA	 1
Ulstadius, Andreas Andreae	1668	NA	 1
Ulmerus, Petrus Nicolai	1652	NA	 1
Wulfila	NA	NA	 1
Törning, Lars Danielsson	1685	NA	 1
Türingh, Christophorus Laurentii	1600	NA	 1
Tyblaeus, Jacobus Andreæ	1600	NA	 1
Turdinus, Jonas Jonae	1600	NA	 1
Turdinus, Axelius Nicolai	1600	NA	 1
Tunius, Ericus Erici	1694	NA	 1
Tunius, Andreas Erici	1600	NA	 1
Tränckner, Johann Heinrich	1600	NA	 1
Trifolin, Haqvinus Petri	1600	NA	 1
Treuderus, Abel Larsson	1600	NA	 1
Tremulander, Andreas Andreae	1669	NA	 1
Tranander, Ericus Benedicti	1661	NA	 1
Tranaeus, Johan Gottskalck	1718	NA	 1
Torschen, Ericus Claudii	1600	NA	 1
Tolle, Johannes Gilij	1600	NA	 1
Thylort, John	1600	NA	 1
Thuronius, Johannes	1701	NA	 1
Thunander, Jonas Petri	1600	NA	 1
Vikingsson, Thorsten	NA	NA	 1
Thorinus, Jacobus Andreae	1696	NA	 1
Thomae, Ericus	1620	NA	 1
Thomae, Ericus	1600	NA	 1
Thelning, Olof Eriksson	1600	NA	 1
Tesauro Thesaurus, Emanuele	NA	1678	 1
Teppati, Blasius Ludovicus	1676	NA	 1
Teeth, Iwarus Iwari	1600	NA	 1
Tammelinus, Matthias Isaci	1722	NA	 1
Sörensen, Jacobus Nicolai	1600	NA	 1
Sylvius, Nicolaus Johannis	1651	NA	 1
Sylvius, Georgius Canuti	1666	NA	 1
Sylva Y Sousa, Antonio Da	1600	NA	 1
Swart, Sveno Jacobi	1600	NA	 1
Svanehielm, Johan	1689	NA	 1
Sunthius, Gustavus Erici	1651	NA	 1
Sundius, Abraham L	1600	NA	 1
Sunder, Hendrich Friedrich Von	1600	NA	 1
Sundelius, Andreas	1600	NA	 1
Severus, Sulpicius	NA	NA	 1
Ståhlfoot, Andreas Benedicti	1676	NA	 1
Styla, Adam	1600	NA	 1
Stiernborg, Erik	1700	NA	 1
Stephani, Laurentius	1600	NA	 1
Stenius, Hemmingius Laurentii	1600	NA	 1
Steen, Magnus Magni	1697	NA	 1
Starinius, Benedictus Magni	1667	NA	 1
Starchelius, Petrus Birgeri	1713	NA	 1
Stamm, Johan Wilhelm	1600	NA	 1
Staffander, Johannes Stephani	1600	NA	 1
Stachaeus, Olaus Zachariae	1680	NA	 1
Stachaeus, Laurentius Zachariae	1696	NA	 1
Spormand, Albertus	1600	NA	 1
Spinckius, Jonas Pauli	1600	NA	 1
Sparrman, Nicolaus Erici	1684	NA	 1
Solbergh, Laurentius Petri	1600	NA	 1
Smetander, Ingemarus Petri	1678	NA	 1
Slettherus, Simon Haquini	1694	NA	 1
Skytte, Håkan	1650	NA	 1
Barletius, Marinus	NA	NA	 1
Sinius, Laurentius Erici	1600	NA	 1
Silnecker, Olaus	1692	NA	 1
Silenus, Johannes Canuti	1600	NA	 1
Siegroth, Hans Fredrik Von	1702	NA	 1
Serlachius, Johannes Johannis	1729	NA	 1
Sellius, Joachimus	1691	NA	 1
Seiler, Joachim	1617	NA	 1
Schütz, Johannes Johannis	1600	NA	 1
Schütz, Andreas Georg	1718	NA	 1
Schroderus, Abrahamus Johannis	1647	NA	 1
Schrebergius, Benedictus Jonae	1600	NA	 1
Schouten, Jobst	1600	NA	 1
Schomerus, Ericus Andreæ	1654	NA	 1
Schmaltzius, Petrus Abelis	1600	NA	 1
Schildt, Georg	1704	NA	 1
Scherdinger, Andreas	1600	NA	 1
Schenberg, Johannes Petri	1730	NA	 1
Scharff Scharfius, Johann	NA	1600	 1
Schaefer, Johannes Henrici	1682	NA	 1
Scarinius, Laurentius Amberni	1600	NA	 1
Scalin, Ericus Laurentii	1600	NA	 1
Sandman, Johannes æstani	1600	NA	 1
Samson V Samson-himmelstierna, Hermann	NA	1643	 1
Salmenius, Johannes Gregorii	1683	NA	 1
Salenius, Ericus Matthiæ	1600	NA	 1
Sahlmonius, Isacus Petri	1694	NA	 1
Sagittarius, Johannes Christfried	1722	NA	 1
Röchman, Johannes Matthiae	1679	NA	 1
Rålamb, Anders Brodersson	1643	NA	 1
Ryttanus, Ericus Thomae	1600	NA	 1
Ryander, Jonas Gothonis	1600	NA	 1
Ruvius, Georgius	NA	NA	 1
Ruth, Abraham	1693	NA	 1
Rutenfelt, Johannes	1650	NA	 1
Rundelius, Andreas Andreae	1670	NA	 1
Ruberus, Carolus Jonae	1600	NA	 1
Rothovius, Benedictus Petri	1600	NA	 1
Rosinus, Sveno Svenonis	1600	NA	 1
Rosinus, Richardus Richardi	1676	NA	 1
Rolott, Johan	1688	NA	 1
Rivelius, Laurentius L	1600	NA	 1
Ringius, Magnus Nicolai	1600	NA	 1
Rimbert	 888	NA	 1
Riaelius, Andreas Petri	1679	NA	 1
Rhezelius, Petrus Haquini	1600	NA	 1
Rhan, Casparus	1600	NA	 1
Ravn Rafn, Corvinus	NA	1625	 1
Rauthelius, Johannes Danielis	1704	NA	 1
Rajalenius, Barthollus	1703	NA	 1
Rahtken, Albertus	1600	NA	 1
Ragvaldi, Nicolaus	1448	NA	 1
Raam, Peder Nilsson	1600	NA	 1
Purmerus, Johannes Johannis	1600	NA	 1
Prytz, Petrus Andreae	1668	NA	 1
Printzius, Ambernus Haquini	1600	NA	 1
Praestorphius, Andreas Theodori	1600	NA	 1
Pozzo, Jacopo Dal	1600	NA	 1
Portulinus, Carolus Erici	1656	NA	 1
Porthanus, Michael Gustavi	1600	NA	 1
Porat, Didrik Von	1703	NA	 1
Podolinus, Johannes Olai	1640	NA	 1
Planck, Jonas Olai	1682	NA	 1
Petri, Petrus	1661	NA	 1
Petri, Nicolaus	1600	NA	 1
Nericius, Jonas	1611	NA	 1
Petri, Johannes	1600	NA	 1
Petrejus, Gutmundus	1619	NA	 1
Petre, Alexander Sanderi	1673	NA	 1
Petrander, Petrus Petri	1600	NA	 1
Petræus, Ericus Erici	1685	NA	 1
Paulinus, Josephus	1600	NA	 1
Palumbus, Samuel Nicolai	1654	NA	 1
Palma, Ambrosius E	1600	NA	 1
Palm, Anundus Nicolai	NA	1655	 1
Pacianus, Fulvius	1600	NA	 1
Pacchalenius, Thomas Michaelis	1679	NA	 1
Pacchalenius, Benjamin Andreæ	1707	NA	 1
Osaengius, Petrus Georgius	1600	NA	 1
Opsopaeus, Steno Joachimi	1600	NA	 1
Ollonberg, Andreas	1694	NA	 1
Asteropherus, Magnus Olai	1647	NA	 1
Olai, Laurentius	1600	NA	 1
Olai, Jonas	1653	NA	 1
Olai, Ahasverus	1600	NA	 1
Ogilvie, Jakobus	1681	NA	 1
Obsequens, Julius	 400	NA	 1
Nyzelius, Ericus Olai	1600	NA	 1
Nylander, Olaus Jonae	1600	NA	 1
Nortman, Martinus Magni	1656	NA	 1
Norrman, Johannes Johannis	1600	NA	 1
Nicolai, Thomas	1600	NA	 1
Nicolai, Petrus	1600	NA	 1
Nicolai, Joachimus	1671	NA	 1
Nicander, Petrus Magni	1701	NA	 1
Nicander, Jonas Magni	1690	NA	 1
Nevelius, Petrus Andreae	1689	NA	 1
Nerbelius, Petrus Laurentii	1677	NA	 1
Nerbelius, Ericus Laurentii	1699	NA	 1
Nassenius, Claudius Israelis	1600	NA	 1
Naesenius, Esaias Gregorii	1707	NA	 1
Mörck, Gustaf Johan	1600	NA	 1
Mörck, Elias Nicolai	1647	NA	 1
Myricius, Ericus Christophori	1679	NA	 1
Myrich, Johannes Andreae	1600	NA	 1
Muritanus, Johannes A	1600	NA	 1
Muraeus, Ambernus Laurentii	1600	NA	 1
Munselius, Jacobus Josephi	1600	NA	 1
Mulhusinus, Ludovicus	NA	NA	 1
Morscheidt, Cyriacus	1600	NA	 1
Moraeus, Christophorus Jonae	1710	NA	 1
Monthuchet, De	1600	NA	 1
Molinus, Jonas Christophori	1682	NA	 1
Moderus, Sveno Jonae	1600	NA	 1
Michaelis, Olaus	1600	NA	 1
Mellin, Carolus Magnus	1724	NA	 1
Melkorstadindal, Magnus Andreae	1633	NA	 1
Melijn, Johan Hemmingson	1600	NA	 1
Melander, Olaus Johannis	1600	NA	 1
Medolerus, Ericus Thomae	1630	NA	 1
Medenius, Benedictus Johannis	1600	NA	 1
Medeen, Erich	1600	NA	 1
Mauritius, Ambrosius	1600	NA	 1
Matthiae, Ericus	NA	1652	 1
Mattheis, Rombout	1600	NA	 1
Martini, Canutus	1600	NA	 1
Mariaestadius, Magnus Laurentii	1600	NA	 1
Malbeckius, Jacobus Petri	1600	NA	 1
Makeléer, Jakob	1663	NA	 1
Majus, Henricus	1600	NA	 1
Magni, Laurentius	1600	NA	 1
Magni, Andreas	1659	NA	 1
Magnelius, Olavus Magni	1652	NA	 1
Magirus, Georgius Von Hattingen	1600	NA	 1
Magander, Simon Bartoli	1600	NA	 1
Löfgren, Ericus Simonius	1688	NA	 1
Långebro, Oluff Nilszon	1600	NA	 1
Lythraeus, Georgius Andreae	1600	NA	 1
Lyserus, Wilhelmus	1600	NA	 1
Lyre, Abel Benedicti	1600	NA	 1
Lundelius, Benedictus Matthiæ	1693	NA	 1
Luculander, Petrus Magni	1600	NA	 1
Lubovinus, Tobias	1600	NA	 1
Lovisin, Erik	1693	NA	 1
Loperus, Christianus	1600	NA	 1
Lohrman, Bernhard Gertsson	1673	NA	 1
Lohman, Bernhardus Svenonis	1600	NA	 1
Lohm, Petrus Torstani	1671	NA	 1
Liungh, Petrus Erici	1679	NA	 1
Litzenius, Nicolaus Arvidi	1600	NA	 1
Lithomannus, Andreas Matthiae	1689	NA	 1
Linnerius, Petrus Jonae	1656	NA	 1
Lindner, Michael	1500	NA	 1
Lindh, Carl	1600	NA	 1
Lind, Andreas Petri	1600	NA	 1
Limacius, Andreas Johannis	1600	NA	 1
Lilonius, Andreas Erici	1600	NA	 1
Lilljestolpe, Lars	1706	NA	 1
Lidenius, Matthias Erici	1693	NA	 1
Lidenius, Haquinus Benedicti	1600	NA	 1
Levander, Olaus Johannis	1600	NA	 1
Lerbeckius, Ericus Petri	1670	NA	 1
Leander, Gabriel Erici	1691	NA	 1
Laxenius, Jacobus Martini	1687	NA	 1
Lauterbach, Matthias Christophori	1600	NA	 1
Laurinus, Laurentius Johannis	1691	NA	 1
Lauringer, Eucharius	1600	NA	 1
Laurentii, Uddo	1638	NA	 1
Laurbecchius, Benedictus Laurentii	1688	NA	 1
Lauræus, Olaus Olai	1690	NA	 1
Lantzenfelt, Henrik	1673	NA	 1
Lantzbergh, Johannes	1600	NA	 1
Lannerus, Petrus Arvidi	1665	NA	 1
Lannerus, Jonas Jacobi	1600	NA	 1
Landtman, Thore	1679	NA	 1
Landelius, Petrus T	NA	NA	 1
Lallærus, Magnus Magni	1600	NA	 1
Laechlin, Matthias Matthiae	1600	NA	 1
Lader, Daniel	1600	NA	 1
Lactantius	NA	NA	 1
Körling, Jonas Petri	1679	NA	 1
Kyander, Andreas Georgii	1691	NA	 1
Kråkefoot, Olaus Johannis	1600	NA	 1
Kråkefoot, Nicolaus Johannis	1600	NA	 1
Kruus, Christoff	1628	NA	 1
Kronaltzius, Johannes Andreae	1674	NA	 1
Krok, Laurentius Petri	1600	NA	 1
Krok, Israel Jonae	1653	NA	 1
Kringius, Ericus Nicolavi	1600	NA	 1
Korn, Valentin	1684	NA	 1
Kollanius, Abrahamus Abrahami	1667	NA	 1
Kock Coccius, Oluf Jensen	NA	1619	 1
Klint, Johannes Nicolai	1712	NA	 1
Kindius, Petrus Olai	1600	NA	 1
Kilander, Petrus Brynolphi	1600	NA	 1
Kilander, Laurentius Laurentii	1669	NA	 1
Kilander, Laurentius Georgii	1667	NA	 1
Kiellinus, Laurentius Brynolphi	1694	NA	 1
Ketarenius, Ericus Pauli	1664	NA	 1
Kellingius, Petrus Caroli	1600	NA	 1
Keding, Johannes	1600	NA	 1
Katt, Jonas Nicolai	1694	NA	 1
Jägerhorn, Henrik	1691	NA	 1
Justander, Samuel Erici	1700	NA	 1
Julinus, Ericus Andreae	1654	NA	 1
Julinus, Andreas Andreae Jr	NA	NA	 1
Jordis, Hendrik	1600	NA	 1
Jonae, Petrus	1664	NA	 1
Jonae, Petrus	NA	1667	 1
Jonae, Magnus	1604	NA	 1
Jonae, Laurentius	1598	NA	 1
Johansdotter, Sara	1600	NA	 1
Johannis, Torstenius	1600	NA	 1
Gelovius, Pappus Johannis	1657	NA	 1
Johannis, Michael	1600	NA	 1
Jheringius, Joachimus	1657	NA	 1
Jersnaerus, Sueno Johannis	1657	NA	 1
Jenisch, Christian	1600	NA	 1
Jacobson, Gisle	1600	NA	 1
Iwanowitz, Andreij	NA	NA	 1
Iversen, Boethius	NA	NA	 1
Itter, Antonius	1600	NA	 1
Israelsson, Johan	1600	NA	 1
Ingebrechtson, Carl	1600	NA	 1
Igelström, Benedictus Haraldi	1600	NA	 1
Höök, Andreas Andreae	1710	NA	 1
Hygridius, Arvidus Laurentii	1701	NA	 1
Hyginus, Gajus Julius	NA	NA	 1
Hutzingius, Enoch	1600	NA	 1
Hunterus, Jacobus Petri	NA	NA	 1
Hungvidius, Nicolaus Magni	1657	NA	 1
Humble, Petrus Haquini	1697	NA	 1
Hult, Elias Andreae	1600	NA	 1
Houtuyn, Adrian	1600	NA	 1
Hosselius, Olaus Jonae	1692	NA	 1
Hornius, Arvidus Haqvini	1652	NA	 1
Hornick, Martinus Johannis	1600	NA	 1
Hornick, Georgius Johannis	1661	NA	 1
Holmius, Jacobus Eliæ	1697	NA	 1
Holmenius, Andreas Laurentii	1674	NA	 1
Holm, Edvardus Johannis	1619	NA	 1
Holyk, Georgius	1685	NA	 1
Hogengård, Petrus Matthiæ	1600	NA	 1
Hoffrenius, Henricus Johannis	1710	NA	 1
Hochgrefferus, Henricus	1600	NA	 1
Hiller, Nicolaus	1600	NA	 1
Hierzelius, Henricus Martini	1600	NA	 1
Hierpe, Petrus Laurentii Laurentinus	1693	NA	 1
Hiebner, Israel	NA	NA	 1
Hesling, Johannes Johannis	1690	NA	 1
Herkepaeus, Ericus Andreae	1693	NA	 1
Herborth, Johannes Jacobus	1691	NA	 1
Heraeus, Christian	1691	NA	 1
Hennings, Ambrosius	1600	NA	 1
Helsingius, Marcus Henrici	1609	NA	 1
Helsingius, Marcus Georgii	1678	NA	 1
Hellenius, Bothvidus Jonae	1670	NA	 1
Heinsius, J B	1600	NA	 1
Haveman, Georgius Henrici	1717	NA	 1
Hausmannus, Engelbertus	1600	NA	 1
Hastadius, Laurentius Estonis	1600	NA	 1
Hasselgren, Henricus Petri	1698	NA	 1
Hasselblad, Isaacus Svenonis	1682	NA	 1
Hartman, Olaus Samuelis	1695	NA	 1
Hand, Knut	1614	NA	 1
Hammarinus, Ericus Laurentii	1600	NA	 1
Hamelius, Olaus Johannis	1678	NA	 1
Hake, Axelius Nicolai	1659	NA	 1
Hagman, Magnus Petri	1710	NA	 1
Haglinus, Jonas Leonhardi	1712	NA	 1
Haberegger, Vitus	NA	NA	 1
Gyllengrip, Gabriel Andreæ	1685	NA	 1
Gyldenstolpe, Carl	1710	NA	 1
Gunnærus, Michael Samuelis	1600	NA	 1
Gudmundi, Petrus	1672	NA	 1
Gröningh, Carolus Nicolai	1600	NA	 1
Grundelius, Arvidus Johannis	1658	NA	 1
Nazianzos, Gregorios	NA	NA	 1
Green, Ericus Danielis	1692	NA	 1
Greek, Simon Caroli	1691	NA	 1
Greek, Jacobus Johannis	1600	NA	 1
Granius, Nicolaus Andreae	1631	NA	 1
Granberg, Wilhelmus Petri	1694	NA	 1
Goldenau, Nathanael	1705	NA	 1
Gnospelius, Jacobus	1703	NA	 1
Gladerus, Johannes Henrici	1600	NA	 1
Gizæus, Petrus Petri	1600	NA	 1
Gizaeus, Petrus Gislesson	1640	NA	 1
Girs, Petrus Petri	1600	NA	 1
Gerdt, Johannes L	1600	NA	 1
Georgii, Haraldus	1600	NA	 1
Gartzius, Johannes	1682	NA	 1
Gangius, Olaus Laurentii	1600	NA	 1
Gangius, Elias Martini	1600	NA	 1
Gallenius, Andreas Swenonis	1600	NA	 1
Galenos	NA	NA	 1
Galdenblad, Johan	1736	NA	 1
Gadd, Johannes Andreae	1600	NA	 1
Frymolinus, Daniel Svenonis	1693	NA	 1
Frisius, Samuel Nicolai	1669	NA	 1
Frisius, Magnus Andreae	1600	NA	 1
Friederich, Mattheus	1600	NA	 1
Friedelius, Laurentius Suenonis	1600	NA	 1
Freyschmidt, Paul	1600	NA	 1
Forsselius, Olaus	1600	NA	 1
Folkernius, Petrus Erici	1648	NA	 1
Folchovius, Andreas Petri	1600	NA	 1
Fogelberg, Petrus Svenonis	1712	NA	 1
Flygge, Johannes Petri	1682	NA	 1
Florus	NA	NA	 1
Florinus, Thomas Martini	1703	NA	 1
Florinus, Thomas	1648	NA	 1
Florinus, Ericus Matthiæ	1600	NA	 1
Florenius, Paulus Svenonis	1665	NA	 1
Fischovius, Johannes Benedicti	NA	NA	 1
Fischbach, Petrus Conrad Von	1600	NA	 1
Fernander, Olaus Laurentii	1600	NA	 1
Fedt, Daniel	1600	NA	 1
Faxelius, Martinus Nicolai	1651	NA	 1
Farlingius, Magnus Laurentii Westadius	1600	NA	 1
Falck, Petrus Simonsson	1622	NA	 1
Falk, Petrus Andreae	1692	NA	 1
Falk, Johannes Erici	1600	NA	 1
Fahlman, Nicolaus Svenonis	1600	NA	 1
Fabrinus, Sveno Trottonis	1600	NA	 1
Fabricius, Johannes	1600	NA	 1
Fabricius, Eschillus Svenonis	1692	NA	 1
Fabricius, Ericus	1636	NA	 1
Eurymachæra, Casparus	1600	NA	 1
Euripides	NA	NA	 1
Espingh, Petrus Magni	1600	NA	 1
Erici, Laurentius	1600	NA	 1
Erici, Benedictus	1600	NA	 1
Epiktetos	NA	NA	 1
Enslin, Johannes Theodoricus	1600	NA	 1
Emporagrius, Israel Nicolai	1657	NA	 1
Elledurt, Johannes	1600	NA	 1
Eliae, Elias	1600	NA	 1
Elers, Anthon	1600	NA	 1
Ekenius, Laurentius Nicolai	1691	NA	 1
Eichler, Michael	1500	NA	 1
Egardus, Paulus	1600	NA	 1
Dych, Haraldus Johannis	1711	NA	 1
Duncanus, Olaus	1659	NA	 1
Dryander, Jonas Erici	1650	NA	 1
Dreyer, Johann Arnold	1600	NA	 1
Donrätl, Ferdinand	1600	NA	 1
Dimbodius, Andreas Svenonis	1675	NA	 1
Demosch, Matthias	1600	NA	 1
Demophilus	NA	NA	 1
Delwich, Johannes Von	1600	NA	 1
De La Chapelle, Julius Richart	1672	NA	 1
Davidsson, Wilhelmus	1600	NA	 1
Danielis, Daniel	1600	NA	 1
Dalenius, Petrus Svenonis	1706	NA	 1
Dahlberg, Erik Jönsson	NA	1703	 1
Daffy, Anthony	1680	NA	 1
Curnovius, Johannes Henrici	1600	NA	 1
Cuprimontanus, Henricus Abrahami	1600	NA	 1
Cujacius, Isaacus	1664	NA	 1
Crüger, Johann	1617	NA	 1
Crantzberg, Johann August Von	1600	NA	 1
Cramer, Nicodemus	1500	NA	 1
Crail, Georg Günther	1641	NA	 1
Cornelia	 150	NA	 1
Constantius, Johannes Josua	1698	NA	 1
Columbus, Jacobus Petri	NA	1655	 1
Collinus, Johannes Nicolai	1600	NA	 1
Collenius, Sveno L	1600	NA	 1
Collander, Samuel Thomae	NA	1727	 1
Colerus, Fridericus Werner	1600	NA	 1
Cloverus, Johannes Erici	1685	NA	 1
Clingel, Rudolph	1600	NA	 1
Claudius, Alertus	1600	NA	 1
Clarmannus, Isacus Petri	1600	NA	 1
Cirrhaeus, Sveno Laurentii	1632	NA	 1
Chytraeus, Wolfgangus Matthaeus	1600	NA	 1
Chruzelius, Boetius Birgeri	1653	NA	 1
Catonius, Nicolaus Holgeri	1655	NA	 1
Carolstadius, Johannes Thomae	1627	NA	 1
Carolstadius, Christophorus Erici	1677	NA	 1
Carolstadius, Andreas Matthiae	1600	NA	 1
Carlmannus, Canutus Jacobi	1655	NA	 1
Carlinus, Andreas Nicolai	1660	NA	 1
Carling, Petrus Petri	NA	NA	 1
Carlhjelm, Gustaf Gustafsson	1692	NA	 1
Carelius, Andreas Josephi	1600	NA	 1
Campanius, Johannes Jonae	1683	NA	 1
Callières, Jacques De	1697	NA	 1
Callenius, Stephanus Nicolai	1600	NA	 1
Böker, Laurentius Svenonis	1696	NA	 1
Byringius, Olaus Nicolai	NA	1670	 1
Buskagrius, Petrus	1600	NA	 1
Bullernaesius, Petrus Nicolai	1632	NA	 1
Bulder, Dietricus Heinrici	1600	NA	 1
Brühlens, Johann	NA	NA	 1
Brunstedt, Lars	1703	NA	 1
Brunati, Antonio	1600	NA	 1
Brodinus, Olavus	1600	NA	 1
Brockenius, Zacharias	1713	NA	 1
Brobergh, Gustavus Erici	1600	NA	 1
Bringius, Johannes Nicolai	1668	NA	 1
Bringius, Daniel Nicolai	1655	NA	 1
Brandt, Ludovicus Ludovici	1600	NA	 1
Brandius, Daniel Nicolai	1600	NA	 1
Brander, Carolus Caroli	1600	NA	 1
Brandenburg, Albert	1600	NA	 1
Bornaeus, Johannes Svenonis	1600	NA	 1
Boldnæsius, Nicolaus Olai	1600	NA	 1
Bohm, Andreas Petri	1600	NA	 1
Bodinus, Elaus Laurentii	1655	NA	 1
Bock, Berendt Friedrich Von	1600	NA	 1
Björn, Petrus Olai	1600	NA	 1
Bjur, Henricus Laurentii	NA	1660	 1
Bilsten, Johannes	1600	NA	 1
Biesenthal, Heinrich	1600	NA	 1
Bex, Abraham	1690	NA	 1
Betulander, Jonas Benedicti	1670	NA	 1
Berlin, Joachim	1600	NA	 1
Bergh, Ericus Benedicti	1600	NA	 1
Berg, Johan Olai	NA	NA	 1
Beltherus, Daniel Johannis	1600	NA	 1
Belingius, Petrus Johannis	1669	NA	 1
Belingius, Johannes Johannis	1667	NA	 1
Becker, Petrus	1623	NA	 1
Becherer, Johannes Tobias	1600	NA	 1
Bechælius, Jonas Henrici	1600	NA	 1
Becchius, Nicolaus Magni	1629	NA	 1
Barschamps, Ivo	1600	NA	 1
Balk, Nicolaus	1610	NA	 1
Backman, Philippus Mathiæ	1691	NA	 1
Baazius, Benedictus Johannis	1600	NA	 1
Axelius, Isaak	1692	NA	 1
Avianus, Christianus	1626	NA	 1
Aurivillius, Johannes Olai	1689	NA	 1
Aulinus, Petrus Erici	1687	NA	 1
Ascaneus, Martinus	NA	NA	 1
Attorpius, Olaus Michælis	1600	NA	 1
Ethicus, Arnobius	1600	NA	 1
Arnerus, Laurentius Olavi	1600	NA	 1
Aristides, Aelius	NA	NA	 1
Aridlander, Johannes Henrici	1600	NA	 1
Argillander, Claudius Olai	1688	NA	 1
Arenius, Thomas Olai	1692	NA	 1
Arenius, Andreas Nicolai	1689	NA	 1
Appelbom, Arvidus Andreæ	1600	NA	 1
Apelroot, Benedictus Johannis	NA	1679	 1
Anglenius, Simon Caroli	1600	NA	 1
Andreæ, Olaus	1649	NA	 1
Rehn, Nicolaus Andreae	1628	NA	 1
Andreæ, Ericus	1600	NA	 1
Ancker, Henricus Martini	1723	NA	 1
Anberg, Johannes Broderi	1600	NA	 1
Alzhovius, Haraldus Petri	NA	1678	 1
Almaenius, Ericus Johannis	1660	NA	 1
Allengren, Johannes Jonae	1600	NA	 1
Alhemius, Martinus Johannis	1600	NA	 1
Numenius, Alexander	NA	NA	 1
Alegren, Elias Andreæ	1600	NA	 1
Albanus, Franciscus	1639	NA	 1
Alander, Andreas Johannes	NA	1671	 1
Alanus, Carolus Nicolai	1600	NA	 1
Alander, Christiernus Caroli	1704	NA	 1
Agricola, Christianus Christiani	1600	NA	 1
Agesilaos	NA	NA	 1
Aelianus, Claudius	NA	NA	 1
Abrahami, Abrahamus	1675	NA	 1
Jäderlund, Laurentius	NA	NA	 1
Funck, Gustaf Fredrik Af	NA	NA	 1
Funck, Gustaf Johan Af	NA	NA	 1
Enckel, Nils	NA	NA	 1
Enewall, Johannes	NA	NA	 1
Enelius, Anders N	NA	NA	 1
Enderberg, Adam	NA	NA	 1
Enckell, Henrik	NA	NA	 1
Enander, Adolf Daniel	NA	NA	 1
Coquerel, Charles Augustin	NA	NA	 1
Cerdan, Jean-paul De	NA	NA	 1
Cederström, Olof	NA	NA	 1
Cederström, Jacques	NA	NA	 1
Cederström, Anders	NA	NA	 1
Cederlöf, Matthias	NA	NA	 1
Cederholm, M	1749	NA	 1
Cederhielm, Johan	NA	NA	 1
Cederhielm, Adam Josias	NA	NA	 1
Cederhjelm, Adam Germund	NA	NA	 1
Broomé, Gustaf	1786	NA	 1
Broman, Fredric Conrad	NA	NA	 1
Broman, Fredrik Conrad	NA	NA	 1
Brohm, Karl Friedrich August	NA	NA	 1
Broberg, Axel Ehrenreich Gustaf	NA	NA	 1
Brockenhuus, Oluff	NA	NA	 1
Brock, Mattihas	NA	NA	 1
Barth, Johann Nathanael	NA	NA	 1
Arnkiel, Friedrich	NA	NA	 1
Arbouin, James	NA	NA	 1
Angvilin, Samuel	NA	NA	 1
Andreae, Gevaliensis	NA	NA	 1
Andreae, Nicolaus	NA	NA	 1
Broomé, Carl Fredrik	NA	NA	 1
Schimmelmann, Jacob	NA	NA	 1
Abildgaard, Sören	NA	NA	 1
Björnstjärna, Magnus Fredrik Ferdinand	NA	NA	 1
Archenholz, Johann Wilhelm Von	NA	NA	 1
Carnot, M	NA	NA	 1
Boisgelin, Louis De	NA	NA	 1
Paulin, Arvid	NA	NA	 1
Norrman, Carl Er	NA	NA	 1
Kindahl, Petrus	NA	NA	 1
Ennes, B S	NA	NA	 1
Saint-donat, Coupé	NA	NA	 1
Anckarsvärd, Carl Hindrick	NA	NA	 1
Aspelin, David	NA	NA	 1
Eck, Johann Georg Filius	NA	NA	 1
Aguila, C	NA	NA	 1
Stenius, Olof	NA	NA	 1
Neander, Carl Von	NA	NA	 1
Goulon, Louis	1640	NA	 1
Grundell, Daniel	1716	NA	 1
Sahlstedt, Adolph	NA	NA	 1
Thim, Henrik	NA	NA	 1
österman, Bengt	NA	NA	 1
Hedengran, Petter	NA	1769	 1
Moses, Gedaliae	NA	NA	 1
Fahlberg, Joh Jonass	NA	NA	 1
Ahlberg, Bengt	NA	NA	 1
Sundblad, Anders Abraham	NA	NA	 1
Duve, Johan H	NA	NA	 1
Dryselius, Maria Christina	1835	NA	 1
åkerwall, Jonas	NA	NA	 1
Forslind, H	NA	NA	 1
Malmström, Anders	NA	NA	 1
Wagner, Carl	NA	NA	 1
Comstedt, Eva Christina	1763	NA	 1
Vaucrosson	NA	NA	 1
Hagberg, Jöns	NA	NA	 1
Orava, Mårten	NA	NA	 1
Nilsson, Sven	NA	1883	 1
Tilleman, Johan Martin	NA	NA	 1
Jerlin, Lorens Gustaf	1711	NA	 1
Wagner, Jacob	NA	NA	 1
Edman, Eric Gabriel	NA	NA	 1
Vougt, Georg Friedrich	NA	NA	 1
Löfström, Petter	NA	NA	 1
Catalde, De	NA	NA	 1
Castens, Carl Fredr	NA	NA	 1
Carlqvist, Carl Johan	NA	NA	 1
Carlén, Nils	NA	NA	 1
Carl, Friderich Christian	NA	NA	 1
Caré, Andreas	NA	NA	 1
Canderholm, Carl	NA	1755	 1
Bäkman, Olof	NA	NA	 1
Bäckman, Johan Fredrik	NA	NA	 1
Bäck, Gustaf	NA	NA	 1
Bång, Carl Gustaf	1749	NA	 1
Buschman, Johan Georg	NA	NA	 1
Burtz	NA	NA	 1
Bure, Fale Axel	1757	NA	 1
Buhrman, Eric Pettersson	NA	NA	 1
Brument, -t	NA	NA	 1
Brehmer, Johan Pet	NA	NA	 1
Brécy, Adélaïde Isabelle Jeanne De	NA	NA	 1
Breant, Isaac	NA	1759	 1
Brave, Rudolph Gustaf	NA	NA	 1
Brauner, M H	NA	NA	 1
Brandt, Adiel	NA	NA	 1
Brand, H C G	NA	NA	 1
Boethius, Anicius Manlius Severinus	NA	NA	 1
Bleichrodt, Wilhelm Günther	NA	NA	 1
Tengblad, Ella Christina	NA	NA	 1
Mörk, Gustaf Fredrik	NA	NA	 1
Björkelund, Nils	1763	NA	 1
Wallin	NA	NA	 1
Biugge	NA	NA	 1
Beyschlag, Johann Balthasar	NA	NA	 1
Berggren, Johan Erik	NA	NA	 1
Berg, F	NA	NA	 1
Bellman, Johan Martin	1725	NA	 1
Barrie, Alexander	NA	NA	 1
Asp, Eric N	1735	NA	 1
Becker, Gotthelf Wilhelm Rupert	NA	1823	 1
Bauer, Johann Philipp	NA	NA	 1
Barthollin, Jacob	NA	NA	 1
Askelund, Jonas	NA	NA	 1
Avelin, G E	NA	NA	 1
Aubin, Penelope	1700	NA	 1
Asplund, Anders	NA	NA	 1
Aristofanes	NA	NA	 1
Ariès, Joseph Louis D'	NA	NA	 1
Arhusius, Pehr	NA	NA	 1
Argences, D'	NA	NA	 1
Arendt, Hans Heinrich Wilhelm	NA	NA	 1
Appelroht, Christ Peter	NA	NA	 1
Andersson, Ola	NA	NA	 1
Aguila, C J E H D'	NA	1815	 1
Almqvist	NA	NA	 1
Alard, Matthias Andreas	NA	NA	 1
Ahlgrén, Catharina	1734	NA	 1
Adler, Friedrich Christian	NA	NA	 1
Adams, Robert	NA	NA	 1
Ackerman, Olof	1731	NA	 1
Thun, P D	NA	NA	 1
Kühnemann, J G	NA	NA	 1
Bonnecreutz, Johan Peter Von	1757	NA	 1
Becker, Otto Heinrich	NA	NA	 1
Broen, Jan De	NA	NA	 1
Bergström, Nils	NA	NA	 1
Paterzen, W	NA	NA	 1
Kyckling, Erik	NA	NA	 1
Wångelin, Carl	NA	NA	 1
Andersson, Måns	NA	NA	 1
Ersson, Jan	NA	NA	 1
Wikström, Eric	NA	NA	 1
Borgström, J F	NA	NA	 1
Liljegren, Knut	NA	NA	 1
Söllner, Franz Joseph	NA	NA	 1
Seelmann, Christian Martin	NA	NA	 1
Bergsten, Anders	NA	NA	 1
Bardt, Hans	NA	NA	 1
Hana	NA	NA	 1
Hummel, Johann Friedrich	1700	NA	 1
Hillen, Olof	NA	NA	 1
Cella, Agustino	NA	NA	 1
Wassenius, S	NA	NA	 1
Lohman, Johan Albrecht	1723	NA	 1
Rulin, Johan	NA	NA	 1
Patkull, Sophia Johanna	NA	NA	 1
Meuller, H	NA	NA	 1
Pape, Ludvig Ferdinand	NA	NA	 1
Skraggenschiöldh, Carl Gustaf	NA	NA	 1
Kyronius, Petrus	NA	1737	 1
Redeken, Henrik Gustaf Von	NA	NA	 1
Glandin, Jonas	NA	1710	 1
Kjerrstedt, Anders	NA	NA	 1
Kliesz, Johann Joachim	NA	NA	 1
Ersson, Lars	NA	NA	 1
Linde, Anna Christina Von Der	1746	NA	 1
Modin, Carl Pehrsson	NA	NA	 1
Trus, Johannes	NA	NA	 1
Stenhoff, Samuel	NA	NA	 1
Pincier, Aegidius	NA	NA	 1
Naundorff, Aegidius	NA	NA	 1
Merckell, Henric Christopher	NA	1730	 1
Flachsén, Johan Peter	NA	1732	 1
Diedrichson, Johann Friedrich	NA	NA	 1
Christlieb, Wilhelm	NA	NA	 1
Siegton, Carl	NA	NA	 1
Frondberg, J	NA	NA	 1
Kling, Jacob	NA	NA	 1
Neuman, Christian August	NA	NA	 1
Fincke, Johann Christoph	NA	NA	 1
Staf, Carl Christerson	NA	NA	 1
Schaeffer, Georg Hartmann	NA	NA	 1
Fråstensson, Johan	NA	1724	 1
Winckler, Maria Elisabeth De	NA	1722	 1
Choemnuitz, A	NA	NA	 1
Jonsson, Olof	1821	NA	 1
Kjellbergh, Carl	NA	NA	 1
Duschnis, Herrman	1787	NA	 1
Metz, Anna Dorothea	NA	NA	 1
Grambtzow, Christan Hinrich	NA	NA	 1
Djurberg, Johan	NA	NA	 1
Wagner, Johan Michael	NA	NA	 1
Flodin, J E	NA	NA	 1
Edenmark, J	NA	NA	 1
Dubb, Brita M	NA	NA	 1
Dahlberg, Bengt	NA	1726	 1
Forsman, Johannes	NA	1749	 1
Aleteja	NA	NA	 1
Haglin, Jonas	NA	NA	 1
Erman, Paul	NA	NA	 1
Edman, J	NA	NA	 1
Changuion, François Nicolas	NA	NA	 1
Jones, Edward Thomas	NA	NA	 1
Volgenau, Gotthardt	NA	NA	 1
Teckenberg, Johanna Carolina	NA	NA	 1
Roth, Michael	NA	NA	 1
Rudolph, Friedrich Christian	NA	NA	 1
Reiss, Carl	NA	NA	 1
Pontin, Magnus Gabrielis	1690	NA	 1
Pfeffern, Paul	NA	NA	 1
Person, Tepp Lars	NA	NA	 1
Olsson, Christian	NA	NA	 1
König, Peter	NA	NA	 1
Jansson, S	NA	NA	 1
Högström, Johan	NA	NA	 1
Hollenhagen	NA	NA	 1
Göransson, Peter	NA	NA	 1
öfwersteen, Bengt	NA	NA	 1
Karman, Eric	NA	NA	 1
Gullin, J P	NA	NA	 1
Luthström, Carl Johan	NA	NA	 1
Lundahl, Johan	NA	NA	 1
Hök, Hedwig Eleonora	1778	NA	 1
Lundqvist, O	NA	NA	 1
Tjdellenborg, L	NA	NA	 1
Pape, Ludwig Ferdinand	NA	NA	 1
Reimersson, Diedrich	NA	NA	 1
Hall, Jonas	NA	1776	 1
Pihlgren, Magnus	1727	NA	 1
Simming, Daniel	1726	NA	 1
Ross, Jacob Wilhelm	NA	1784	 1
Mandell, Johan Christian	NA	NA	 1
Rahm, Carl Johan	NA	NA	 1
Pforthus, Christian Heinrich	NA	NA	 1
Hamel, Christian	NA	NA	 1
Susemihl, Joachim	NA	NA	 1
Schyrer, Johan	NA	NA	 1
Hedberg, L P	NA	NA	 1
Wångberg, Isac	NA	NA	 1
Königk, P	NA	NA	 1
Jansson, Georg	NA	NA	 1
öhman, Andr	NA	NA	 1
Zelander, Pehr	NA	1792	 1
De La Myle, Agatha Lovise	NA	1787	 1
Lundstedt, Gustaf Eric	NA	1813	 1
Hartman, Jonas	NA	NA	 1
Sundia, Lisa	NA	NA	 1
Schaeij, Peter	1725	NA	 1
Schulemann, Zacharias David	NA	NA	 1
Fürloh, Michael	NA	NA	 1
Palmborg, Johan	NA	1741	 1
Morian, Anna Sidonia	NA	NA	 1
Sundler, Lars Carlsson	1724	NA	 1
Sterenius, Johan Jacob	NA	1781	 1
Weste, Johan	1716	NA	 1
Gripenhielm, Edmund	NA	NA	 1
Rydell, P	NA	NA	 1
Terleander, Lars	NA	1718	 1
Sparrman, Israel	NA	NA	 1
Hockstedt, Anton	NA	NA	 1
Mörth, N A	NA	NA	 1
Michaelson, Magnus	NA	NA	 1
Meander, Olof	NA	NA	 1
Lundberg, J P	NA	NA	 1
Lindström, Magnus	NA	NA	 1
Höjers, Johan Christian	NA	NA	 1
Tengroth, Matthias	1799	NA	 1
Sandmark, Carl	NA	NA	 1
Leander	NA	NA	 1
Wahlgren, Emanuel	NA	1805	 1
Palmberg, Eva	NA	NA	 1
Holmlund, Nils	NA	NA	 1
Folkiern, Germund	NA	NA	 1
Finke, J P	NA	NA	 1
Erikson, Jean	NA	NA	 1
Bergdahl, Christer	NA	NA	 1
Ehrenspetz, Carl Henric	NA	1747	 1
Tottorphius, Hans	NA	NA	 1
Saint-maunie, Madame De	NA	NA	 1
Zink, Phil Nik	NA	NA	 1
Thieme, Moritz	NA	NA	 1
Schulze, Carl Ludvig	NA	NA	 1
Mallès De Beaulieu, Madame	NA	1825	 1
Hahn, Carl	1773	NA	 1
Ziegesar, Carl Siegmund Von	NA	NA	 1
Wilkes, Wetenhall	NA	1751	 1
Niemeyer, Georg Friedrich	NA	NA	 1
Sjöberg, A	NA	NA	 1
Grossheim, C F V	NA	NA	 1
Taute, Rudolph Heinrich	NA	NA	 1
Hofmann, Karl Friedrich	NA	NA	 1
Dalen, Petter J	NA	NA	 1
Säfström, Anders	NA	NA	 1
Rappoldt, R H B	NA	NA	 1
Hansen, Jørgen	NA	NA	 1
Gasser, Christian Henric	NA	NA	 1
Tschirpe, Johann Christopher	NA	1806	 1
Read, Al Phil	NA	NA	 1
Giädda, Hans	NA	NA	 1
Brasch, Georg	NA	NA	 1
Bazin, Aîné	NA	NA	 1
Bald, Robert	NA	NA	 1
Hein, David	NA	NA	 1
Ben Jochai, Simeon	NA	NA	 1
Anderson, Aeneas	NA	NA	 1
Campbell, Archibald	1787	NA	 1
Schmidt, Johann Jobst	NA	NA	 1
Schlemm, Johann	NA	NA	 1
Norgren, E	NA	NA	 1
Kloo, Johan	NA	NA	 1
Jost, Joh Jac	NA	NA	 1
Holmén, Olof	NA	NA	 1
Schwartz, Henric	NA	NA	 1
Rusch, Jacob Jacobsson	NA	1734	 1
Wahrendorff, David Otto	NA	NA	 1
Ulber, Christian Emmanuel	NA	1785	 1
Thuesen, Thorkil	NA	1668	 1
Hörning, Johann Christian	NA	1802	 1
Johannes	NA	1635	 1
Wöniger, August Wilhelm Albrecht	NA	1818	 1
Vougt, Georg	NA	NA	 1
Wollberg, Reinhold	NA	1771	 1
Winge, D	NA	NA	 1
Viereck, Carl Christopher	NA	1772	 1
Metzger, Jacob	NA	NA	 1
Thunberg, Per Gustaf	NA	NA	 1
Dahlström, Anders L	NA	NA	 1
Jonas, Moses	NA	NA	 1
Hammarin, Israel	NA	1722	 1
Modeer, Lars A	NA	NA	 1
Karp, Johan Fredric	NA	NA	 1
Netsch, Fredrik Wilhelm	NA	NA	 1
Matignicourt, Pesme De	NA	NA	 1
Gredelius, N	NA	NA	 1
Haegerstedt, Eric	NA	NA	 1
Ludwig, Johannes	NA	1801	 1
Herold, Jacob Martin	NA	NA	 1
Rink, Christopher Friedrich	NA	NA	 1
Langberg, Peter	NA	NA	 1
Witting, Johann Carl Friedrich	1823	NA	 1
Krafft, Isaac	NA	NA	 1
Steineck, Christian Gottfried	NA	NA	 1
Zieguerer, Christian	NA	NA	 1
Herslöf, Christen Powelsen	NA	1691	 1
Tacke, Friederich Peter	NA	NA	 1
Cramer, Johann Christoph	NA	NA	 1
Müller, Adam Lebrecht	NA	1770	 1
Råberg, Andreas	NA	NA	 1
Leijonmarck, Fredric	NA	NA	 1
Klein, Friedrich August	NA	NA	 1
Springer, Anton	NA	NA	 1
Simon, Johann Chr	NA	NA	 1
Siemens, Frans Ernst	NA	NA	 1
Hughes, E	NA	NA	 1
Knox, William	NA	NA	 1
Holmberg, J W	NA	NA	 1
Vandermonde, Charles Augustus	NA	NA	 1
Gewalt, Christ	NA	NA	 1
Lithauer, M S	NA	NA	 1
Kingsbury, Benjamin	NA	NA	 1
Elglund, Bengt	NA	NA	 1
Wenersten, G	NA	NA	 1
Sundgren, J	NA	NA	 1
Hölterhoff, Georg Wilhelm	NA	NA	 1
Herrmans, Anders	NA	NA	 1
Engelbrecht, Johann Christian	1771	NA	 1
Lübner, H	NA	NA	 1
Palmér, Georg	NA	NA	 1
Säf, C M	NA	NA	 1
Sundell, Carl	NA	NA	 1
Plain, J	NA	NA	 1
Dornhof, H A Von	NA	NA	 1
Ulff, Samuel Crispin	NA	1752	 1
Pfaler,johan August Von	1789	NA	 1
Peck, Gottlieb Friedrich	NA	NA	 1
Treutiger, Israel	NA	1748	 1
Wellingk	NA	NA	 1
Nicolas, F D	NA	NA	 1
Marion	NA	NA	 1
Laloué De Mont-louis, Nicolas	NA	NA	 1
Charlès, Gaspard	NA	NA	 1
Scheibe Von Eckardsberga, Johann Bernhard	NA	NA	 1
Mably, Gabriel De	NA	NA	 1
Wigand, Eugen Anton	NA	1843	 1
Goodluck, W R Jun	NA	NA	 1
King, John	NA	NA	 1
Chesterfould, Edward	NA	NA	 1
Kruse, Johan Chr	NA	NA	 1
Sheridan, William	1700	NA	 1
Ludecus, Johanne Caroline Amalie	NA	NA	 1
Gottis, Augustine	NA	NA	 1
Brandon, Isaac	NA	NA	 1
Wahlström, L S	NA	NA	 1
Germar, Ludwig Von	1800	NA	 1
Cletcher, Robbert Victor	NA	NA	 1
Dreutzer, Olof Mårten	NA	1862	 1
Hacker, David Friedrich	NA	NA	 1
Schmidt, N P	NA	NA	 1
Meissner, C W	NA	NA	 1
Venturini, Karoline Auguste	NA	NA	 1
Toulongeon, émilie	NA	NA	 1
Sickelmore, Richard	NA	NA	 1
Morgenstern, W Von	NA	NA	 1
Moreau, F J	NA	NA	 1
Kraus, Wilhelm	NA	NA	 1
Kirsten, Johann Adam Gotthard	1744	NA	 1
Jünger, Ernst Theodor	NA	NA	 1
Hwass, Christian	NA	NA	 1
Reinhold, Constantia	NA	NA	 1
Goldman, H F	NA	NA	 1
Delille	NA	NA	 1
Beuvius, Adam	NA	NA	 1
Rosny, Antoine Joseph Nicolas De	NA	NA	 1
Lebastier, Ch B	NA	NA	 1
Tony, Fournier	NA	NA	 1
Cotard	NA	NA	 1
Richard, Carl	1800	NA	 1
Poncet, Charles Jacques	NA	1706	 1
Lempriere, William	1834	NA	 1
Sumarokov, Pavel Ivanovič	NA	1846	 1
Lezay-marnézia, Charlotte Antoinette De Bressay De	NA	1785	 1
Charpentier, Louis	1700	NA	 1
Liomin, Louis-auguste	NA	NA	 1
Hawke, Cassandra	NA	NA	 1
Hynes, John	NA	NA	 1
Schwarz, Georg Leonhard	NA	1790	 1
Freygang, Frederika Von	NA	NA	 1
Sonnerat, Pierre	NA	NA	 1
Mortimer, George	NA	NA	 1
Estbergen, Matthijs	NA	NA	 1
Francken, Carl Wilhelm	NA	NA	 1
Westman, Anders	NA	NA	 1
Pohl, Michel	NA	1729	 1
Johansen, Andreas	1757	NA	 1
Törnqvist, Carl N	NA	NA	 1
Mattsson, Mats	NA	NA	 1
Henricsson, Joseph	NA	NA	 1
Preuss, Johan Henric	NA	NA	 1
Dirom, Alexander	NA	1830	 1
Saint-leu, Saint	NA	NA	 1
Vincent De Gournay, Jacques Claude Marie	NA	NA	 1
Swensson, Göstaf	NA	NA	 1
Frietz, Isak	NA	1737	 1
Gerdes, Johan	NA	NA	 1
Roukonen, David Davidson	NA	NA	 1
Dahlbom, Herman	NA	NA	 1
Nilsson, Mattis	NA	NA	 1
Trygg, Olof	NA	NA	 1
Cremutius Cordus, Antonius	NA	NA	 1
Gadd, Israel Persson	1768	NA	 1
Taizong, Tang	NA	NA	 1
Mabbott, Gilbert	NA	NA	 1
Pierre, Nicole	NA	NA	 1
Suheili	NA	NA	 1
Aronsson, Jesper	NA	NA	 1
Bergmarck, Johan	NA	1765	 1
Anglesi, Baron D'	1700	NA	 1
Benard, Jean Frédéric	NA	1752	 1
Cederbourg, Eric	1758	NA	 1
Voigt, Johann Gottfried	NA	NA	 1
Las, Abbé De	NA	NA	 1
Falander, Sven Haqvin	NA	1811	 1
Robertson, Dionysius	NA	1785	 1
Cochois, Barbet	1700	NA	 1
Soem, Constantin	NA	1748	 1
Kellander, Daniel	NA	1724	 1
Thiéry, François	1719	NA	 1
Landais	NA	NA	 1
Mathias, Andrew	NA	NA	 1
Rost, Heinrich August	NA	NA	 1
Endter, Christian Ernst	NA	1783	 1
Johnson, Alexander	NA	1799	 1
Rohrmann, Heinrich Leopold	NA	1821	 1
Nyberg, Jonas	NA	NA	 1
Michaélsson, Anders	NA	NA	 1
Wildegans, Zacharias	NA	NA	 1
Phäler, Johann Gottfried	NA	NA	 1
Fisk, Petter Niclas	NA	NA	 1
Wilkinson, John	1700	NA	 1
Levison, George	NA	1799	 1
Smith, Jonn	NA	NA	 1
Smith, Hugh	NA	NA	 1
Grönhagen, Carl Fredrik	NA	NA	 1
Rainer, De	NA	NA	 1
Thestlef, Dorothea Maria	NA	NA	 1
Stephens, Johanna	NA	NA	 1
Stuntzer, Johann Nepomuk Kaspar	NA	NA	 1
Wallersten, Johannes	NA	1743	 1
Rosenberg, Petter	NA	NA	 1
Ihrmark, Olof	NA	NA	 1
Fröléen, Johan Fredrik	1812	NA	 1
Scheerer, William	NA	NA	 1
Ward, J	NA	NA	 1
Ibn Sīrīn, Muhammad	NA	NA	 1
åkerbladh, Samuel Erici	NA	NA	 1
Odendal, Gustaf	NA	NA	 1
Bockhorn, Göran Von	NA	NA	 1
Johansson, Petter	NA	NA	 1
Lucretius Carus, Titus	NA	NA	 1
Tripolites, Theodosios	NA	NA	 1
Hermesianax	NA	NA	 1
Palaiphatos	NA	NA	 1
Massas, Charles De	1798	NA	 1
Thellot, J N	NA	NA	 1
Persius Flaccus, Aulus	NA	NA	 1
Victor, Sextus Aurelius	NA	NA	 1
Pytheas	NA	NA	 1
Kleobouline	NA	NA	 1
Telesilla	NA	NA	 1
Erinna	NA	NA	 1
Praxilla	NA	NA	 1
Korinna	NA	NA	 1
Moiro	NA	NA	 1
Anyte	NA	NA	 1
Nossis	NA	NA	 1
Charles, H R	NA	NA	 1
Hermann, Matthias	NA	NA	 1
Finch-hatton, Edward	NA	NA	 1
Zaorowsky, Jerome	NA	NA	 1
Libtai, Joh Mich	NA	NA	 1
Enelund, Michael	1760	NA	 1
Stadenbergh, Simeon	NA	NA	 1
Helme, Elizabeth	NA	1816	 1
Raimundius, Laurentius	NA	1652	 1
La Fortelle, De	NA	NA	 1
Mustapha, Séïd	1803	NA	 1
Jankovič De Mirievo, Fe'dor Ivanovič	NA	NA	 1
Helbig, Gustav Adolph Wilhelm Von	NA	1813	 1
Ritter, Friedrich Christian	NA	NA	 1
Viette, De	NA	NA	 1
Almerté, Tarmini	1800	NA	 1
Corancez, Olivier De	NA	1810	 1
Rioust, Mathieu Noël	NA	NA	 1
Küster, Carl Daniel	NA	1804	 1
Hammerdörfer, Carl	NA	1794	 1
La Bizardiere, Michel David De	NA	1721	 1
Villeneuve, Pierre Charles Jean Baptiste Silvestre De	NA	NA	 1
Simmonin, Antoine Jean Baptiste	NA	NA	 1
Reinwald, Johann Georg	NA	1834	 1
Lorenz De Rada, Francisco	NA	1713	 1
Winckler	NA	NA	 1
Palm, Georg Friedrich	NA	NA	 1
Cuhn, Ernst Wilhelm	NA	1809	 1
Doris, Charles De Bourges	NA	NA	 1
Calalzade Salih C,elebi	NA	1565	 1
Chorenensis, Moses	NA	NA	 1
Jordanes	NA	NA	 1
Schmidt, Christ	NA	NA	 1
Trebbe, A	NA	NA	 1
Tornaeus, Johannes	1681	NA	 1
Lundström, Claes Adam Fredrik	1780	NA	 1
Humble, Anders Magnus	NA	NA	 1
Wichsell, Jöran	NA	NA	 1
Al-wardi, Ibn	NA	NA	 1
Ibn Al-wardī, ʻumar	1457	NA	 1
Edström, C F	NA	NA	 1
Dejaure, Jean Claude Bédéno	NA	NA	 1
Brandes, C Frid	NA	NA	 1
Wesenfeld, Arnold	NA	1727	 1
Baudouin D'aubigny, Jean Marie Théodore	NA	NA	 1
Bardel	NA	NA	 1
Broberg, Lars	1755	NA	 1
Carstenius, Abraham	NA	1727	 1
Buschendorf, Karl Fridrich	NA	NA	 1
Sablier	NA	NA	 1
Gowan, Thomas	NA	NA	 1
Möller, Nicolaus	NA	NA	 1
Thuring, Johan Eric	NA	NA	 1
Klein, Georg Michael	NA	1820	 1
Schnitscher, J Christ	NA	NA	 1
Ekerman, Erik	NA	NA	 1
Falén, A	NA	NA	 1
Silfvercrantz, Johan	NA	1712	 1
Nelkenbrecher, Johann Christian	NA	1760	 1
Meissner, Johann Benjamin	NA	NA	 1
Vothmann, Johann Georg	NA	1718	 1
Hempel, Georg Carl Ludwig	NA	NA	 1
Rohr, Friedrich Moritz Von	NA	NA	 1
Weber, Christopher Friedrich	NA	1778	 1
Geist, Johan Peter	NA	NA	 1
Lundgren, Henrik	NA	NA	 1
Laurell, Axel	NA	NA	 1
Manderfelt, Gustaf	NA	NA	 1
öhmann, Bror Abraham	NA	NA	 1
Friborg, Nils	NA	NA	 1
Singstock, G E	NA	NA	 1
Cedergren, Eric Anders	NA	NA	 1
Lorich, Johannes Eberhard	1814	NA	 1
Möller, Johann Anton Arnold	NA	1808	 1
Galieu, J De	NA	NA	 1
Rothman, Theodor Wolther	NA	NA	 1
Kellner, August Immanuel	NA	NA	 1
Hagström, S M	NA	NA	 1
Manski, Gotthilf Sebastian	NA	NA	 1
Mentzer, Carl Magnus	NA	NA	 1
Marcandier	NA	NA	 1
Kirkpatrick, H	NA	NA	 1
Gråberg, Jonas	NA	NA	 1
Powell, Nathaniel	NA	1675	 1
Lundberg, Fredric	1752	NA	 1
Lange, H m l	NA	NA	 1
Svensson, Jon	NA	NA	 1
Jacobsson, C	NA	NA	 1
Hansen, S M	1800	NA	 1
Fischer, August Wilhelm	NA	NA	 1
Hagerman, Carl Christian	NA	1806	 1
Peterson, Pehr Johan	1820	NA	 1
Reinholdson, Johan H	NA	NA	 1
Georgii, Hindric	1770	NA	 1
Fahlberg, Eric L	NA	NA	 1
Rosen, Axel	NA	NA	 1
Wibom, Johan	NA	NA	 1
Hultman, Magnus	NA	NA	 1
åhman, Johan Gustaf	NA	NA	 1
Moretti, Francesco	NA	NA	 1
Norrmann, Theodor	NA	NA	 1
Aschlund, Jonas	NA	NA	 1
Grimsteen, Henman	NA	1710	 1
Dionysios	NA	NA	 1
Gnospelius, Jacob Theodor	NA	NA	 1
Gåse, Erik	NA	NA	 1
Wåhlberg, Johan	NA	NA	 1
Hunter, Albrecht	NA	NA	 1
Brunnelius, Johannes	NA	NA	 1
Lenberg, Christian Ulric	NA	1746	 1
Hallonquist, J M	NA	NA	 1
Olsson, Christen	NA	NA	 1
Eneroth, Petrus	NA	1761	 1
Staveno, Johan Christoph	NA	NA	 1
Norby, Carl Petter	NA	1816	 1
Bäckman, Anders M	NA	NA	 1
Holmer, Olof	NA	1711	 1
Pehrsson, David	NA	NA	 1
Hoffgardh, Gottfrid	NA	1749	 1
Betulander, Lars	NA	1743	 1
Reling, A J	NA	NA	 1
Gillin, E S	NA	NA	 1
Kenorin, Arvid	NA	1733	 1
Wegner, Laurentius	NA	1715	 1
Kavau, Jaques	NA	NA	 1
Linderot, Bengt	1729	NA	 1
Dahlberg, Lars	NA	1726	 1
Wagevier, C J	NA	NA	 1
Steinmann, Ludvic Von	NA	NA	 1
Torin, Axel	NA	1723	 1
Nolleroth, Olaus Elias	NA	1736	 1
Grönquist, Pehr Isr	NA	NA	 1
Wasianski, Ernst Anton Ch	NA	NA	 1
Täubel, Christian Gottlob	NA	NA	 1
Lengrén, Carl Eric	NA	1762	 1
Wennberg, Erik	NA	NA	 1
Bleibtreu, Ludwig	NA	1825	 1
Arnay, Jean Rodolphe D'	NA	NA	 1
Arnay, Jean-rodolphe D'	NA	NA	 1
Blöde, Karl August	NA	NA	 1
Törnbohm, Olof	NA	NA	 1
Broberg, Jonas	NA	NA	 1
Kock, Jacob Bartheol	NA	NA	 1
Schützer, Salomon	NA	NA	 1
Widegren, Alf	NA	NA	 1
Carlsson, Lars	NA	NA	 1
Ericsson, Johan	NA	NA	 1
Håkanson, Jonas	NA	NA	 1
Svensson, Lars	NA	NA	 1
Jeppsson, Pehr	NA	NA	 1
Kuitinen, Thomas Andersson	NA	NA	 1
Eriksson, Johan	NA	1938	 1
Kallinen, Johan	NA	NA	 1
Dragonetti, Giacinto	1700	NA	 1
Paulsson, Sven	NA	NA	 1
Bengtson, Pehr	NA	NA	 1
Pehrsson, Anders Peter	NA	NA	 1
Andersson, Eric	1909	NA	 1
Nilsson, Jöns	NA	NA	 1
Gardelius, Johan	NA	NA	 1
Persson, Jan	NA	NA	 1
Ahlquist, Anders	NA	NA	 1
Bruse, Eric	NA	NA	 1
Jönsson, Påhl	NA	NA	 1
Andersson, Nils	NA	NA	 1
Björnsson, Jonas	NA	NA	 1
Majuri, Nils Eskilsson	NA	NA	 1
Andersson, Johan	NA	NA	 1
Jonson, Håkan	NA	NA	 1
Olofson, Johan	NA	NA	 1
Wallin, Johan	NA	1796	 1
Enwall, Pehr Joh:sson	NA	NA	 1
Schagerborg, Eric	NA	NA	 1
Efwertsson, Erik	NA	NA	 1
Brask, Erik	NA	NA	 1
Larsson, Pehr	NA	NA	 1
Höijer, Eric Georg	NA	1775	 1
Efwerling, Johan	NA	1743	 1
Olofsson, Håkan	NA	NA	 1
Koch, Ephraim	NA	NA	 1
Kraak, Pehr Håkansson	NA	1745	 1
Neostadius, Johan	1700	NA	 1
Pfaler, Johan August Von	1789	NA	 1
Lannes, James Ferdinand	1797	NA	 1
Svanström, Em	NA	NA	 1
Berglund, Carl Fredrik	NA	1823	 1
Schonberg, Fredrik	NA	NA	 1
Burchardi, Georg Gottlieb	1700	NA	 1
Parfait Dubocage St Hermine, L	NA	NA	 1
Qvist, Johan	NA	NA	 1
Renner, Moritz	NA	NA	 1
Wadman, Carl Jacob	1779	NA	 1
Ewaldt, J A	NA	NA	 1
Ekmanson, Johan Samuel	1760	NA	 1
Svanholm, Anna Kajsa	NA	1791	 1
Holmerus, Adolph Elias	NA	1800	 1
Röpke, Carl Johansson	NA	NA	 1
Richter, Hans Christoffer	NA	1829	 1
Bonamy, Alexis	NA	NA	 1
Keyser	NA	NA	 1
Adler, Gustaf Johanson	NA	NA	 1
öhrling, J N	NA	NA	 1
Hjort, Carl	NA	NA	 1
Persson, Anders	NA	NA	 1
Karystios, Diokles	NA	NA	 1
Avén, I	NA	NA	 1
Pochet, A J	NA	NA	 1
Steinheil, Fabian	NA	NA	 1
Werning, Knud Rold	NA	1820	 1
Cruzell, J M	NA	NA	 1
Becker, Ebba Christina Von	NA	NA	 1
Langen	NA	NA	 1
Gustavson	NA	NA	 1
Sedaine De Sarcy, Jean François	1762	NA	 1
Grénier	NA	NA	 1
Harfström, Johan	NA	NA	 1
Leboeuf, Jean Joseph	NA	1799	 1
Rosimond, Claude La Rose De	NA	1686	 1
Federico, Gennaro Antonio	1700	NA	 1
Leblanc De Ferrière, Alexandre	NA	NA	 1
Dubois, Jean Baptiste	1778	NA	 1
Ka	NA	NA	 1
Chateaufort	NA	NA	 1
Pilgren, Daniel Engelbert	NA	NA	 1
Diodati, Giuseppe Maria	NA	NA	 1
Faxell, M	NA	NA	 1
Cérou, Pierre	1709	NA	 1
Dupaty, Louis Emmanuel Félicité Charles Mercier	NA	NA	 1
Schindler, Benedictus	NA	NA	 1
Preuss, Michael	NA	NA	 1
Neuman, Adolf Fredrik	NA	NA	 1
Longueil, Charles Henri De	NA	NA	 1
Ginetti, Teresa	NA	NA	 1
Aumer, Jean	1774	NA	 1
Smedberg, Carl Henric	NA	NA	 1
Gori, Antonio	NA	NA	 1
Traverse, F De La	NA	NA	 1
Bray, François Gabriel De	NA	NA	 1
