publication_place	country	Count
Total count: 	385771(out of2)	
Aabenraa	Denmark	     1
Aachen	Germany	    11
Aakirkeby	NA	     1
Aalborg	Denmark	    18
Aalen	NA	     1
Aarau	NA	     6
Aarhus	Denmark	    80
Abbeville	France	     2
Aberdeen	Scotland	     3
Abingdon on thames	NA	     1
Aby	NA	    10
Acre	NA	     1
Addis Abeba	NA	     3
Adelöv	NA	     1
Adelsö	NA	     1
Adolfsberg	NA	     3
Adolfsfors	NA	     1
Adyar	NA	     3
Agnesberg	NA	     3
Agra	NA	     1
Agunnaryd	NA	     1
Ahmedabad	NA	     2
Aix-en-Provence	France	     3
Ajmer	NA	     1
Åkarp	NA	    11
Akers styckebruk	NA	     1
Akersberga	NA	     1
Akeshov	NA	     2
Akranes	NA	     2
Akureyri	Iceland	    21
Al Qahira	NA	     1
Ala	NA	     1
Alafors	NA	     1
Albany NY	USA	     4
Albenga	NA	     1
Albuquerque	NA	     4
Alby	NA	     6
Aledo IL	NA	     1
Alem	NA	     9
Alencon	NA	     2
Alessandria	NA	     1
Alexandria Va	USA	     1
Alexandrie	NA	     1
Alfend	NA	     1
Alfred NY	NA	     5
Alfta	NA	     3
Älgabäcksryd	NA	     2
Älgarås	NA	     4
Alger	NA	     7
Älghult	NA	     3
Algutstorp	NA	     1
Alingsås	NA	   223
Alkmaar	NA	     5
Allahabad	NA	     3
Allegheny PA	NA	     1
Allerum	NA	     3
Allinge	NA	     1
Almby	NA	     2
Älmeboda	NA	     1
Almeloo	NA	     4
Älmhult	NA	    17
Alnarp	NA	    28
Alnön	NA	     2
Alseda	NA	     4
Alsen	NA	     1
Alsike	NA	     1
Alstad	NA	     1
Alsten	NA	    15
Alstermo	NA	     1
Älta	NA	     1
Altadena CA	NA	     2
Altdorf	Germany	     4
Altefähr	NA	     5
Altenburg	Germany	    11
Altenstein	Germany	     4
Altona	Germany	    14
Alunda	NA	     4
Älvängen	NA	     1
Alvastra	NA	     1
Älvdalen	NA	    15
Alvesta	NA	     7
Alvestorp	NA	     1
Älvkarleby	NA	     1
Älvkarleö	NA	     3
Älvsbyn	NA	     2
Älvsjö	NA	    10
Amal	NA	   133
Amand	NA	     1
Amberg	NA	     2
Amersfoort	Netherlands	    18
Ames IA	NA	     1
Amiens	NA	     3
Amorbach	NA	     1
Amotfors	NA	     1
Amsele	NA	     1
Amsterdam	Netherlands	   492
Ånäset	NA	     1
Ancona	Italy	     1
Anderslöv	NA	     1
Anderstorp	NA	     2
Andover Ma	USA	     1
Aneboda	NA	     3
Aneby	NA	     7
Ängby	NA	     1
Ånge	NA	     2
Änge	NA	     1
Ängeholm	NA	     3
Ängelholm	NA	   148
Angers	NA	     5
Angouleme	NA	     2
Angsta	NA	     1
Anhalt	NA	     8
Animskog	NA	     1
Ankara	NA	    13
Ankarsrum	NA	     7
Ankarsvik	NA	     2
Anklam	NA	     4
Ann Arbor MI	NA	     9
Anneberg	NA	     1
Annerstad	NA	     1
Ansbach	NA	     2
Antananarivo	NA	     2
Antwerp	Belgium	    55
Anundsjö	NA	     1
Aplared	NA	     1
Äppelbo	NA	     1
Arad	NA	     1
Arboga	NA	   132
Arbra	NA	     9
Archangelsk	Russia	     1
Arcis-sur-Aube	NA	     1
Ardre	NA	     1
Arendal	NA	     1
Årjäng	NA	     8
Arksjö	NA	     1
Ärla	NA	     1
Arlöv	NA	   162
Arnhem	Netherlands	    10
Arnstadt	Germany	     4
Arras	NA	     3
Arrie	NA	     3
Ärtemark	NA	     2
Artern	NA	     1
Arvidsjaur	NA	     4
Arvika	NA	   217
Aryd	NA	     1
Asarum	NA	     1
Asbo	NA	     2
Asbro	NA	     2
Asby	NA	     1
Aschaffenburg	NA	     1
Aschersleben	NA	     1
Ascona	NA	     4
Åseda	NA	    17
Åsele	NA	     6
Asen	NA	     4
Åsenhöga	NA	     1
Ašgabat	NA	     1
Ashammar	NA	     4
Ashtabula Oh	USA	     1
Asker	NA	     4
Askeröd	NA	     3
Askersund	Sweden	    71
Askeryd	NA	     1
Askilje	NA	     1
Askov	NA	     1
Asmara	NA	    54
Assaria KS	NA	     1
Assen	NA	    17
Asso	NA	     1
Asti	NA	     1
Astoria Or	USA	     1
Åstorp	NA	    14
Asträsk	NA	     1
Asuncion	NA	     2
Athéna	NA	     1
Athens	NA	    33
Attica in	NA	     2
Åtvidaberg	NA	    24
Auburn RI	NA	     1
Augsburg	Germany	    25
Augusta	USA	     4
Augusta Me	USA	     1
Aurich	NA	     1
Aurillac	NA	     4
Austin TX	NA	     7
Auxerre	NA	     2
Averbode	NA	     3
Avesta	NA	    16
Avignon	France	     4
Avranches	France	     1
Axelfors	NA	    11
Axhult	NA	     1
Axtell Ne	NA	     1
Baarn	NA	     7
Backe	NA	     1
Bäckebo	NA	     1
Bäckefors	NA	     1
Bäckseda	NA	     1
Bacup	NA	     1
Bad Ems	NA	     1
Bad Segeberg	NA	     1
Bad Wörishofen	NA	    11
Baden	NA	     5
Bagnères-de-Luchon	NA	     1
Baku	NA	     4
Bale	NA	     2
Balsta	NA	     1
Baltijsk	NA	     1
Baltimore Md	USA	    51
Bamberg	NA	     4
Bandeng	NA	     1
Bandoeng	NA	     1
Bandra	NA	     1
Bandung	NA	     1
Bangalore	NA	     1
Bangor	NA	     1
Bankeryd	NA	     1
Bar Le Duc	NA	     1
Bara	NA	     3
Barcelona	Spain	    88
Barga	NA	     1
Barhöft	NA	     1
Bari	NA	     2
Barkakra	NA	     1
Barmen	NA	     5
Barsebäck	NA	     2
Barsele	NA	     1
Barth	NA	     1
Basel	Switzerland	    86
Båstad	NA	    26
Bath	England	     1
Baton Rouge	NA	     1
Battle Creek Mi	NA	    45
Bautzen	NA	     1
Bayonne NJ	NA	     2
Bayreuth	Germany	     4
Bazoges-en-Pareds	NA	     1
Beateberg	NA	     2
Bedford	England	     1
Beirout	NA	     1
Beirut	NA	     2
Bekescsaba	NA	     1
Belfast	Northern Ireland	     1
Belgrad	NA	     2
Belingwe	NA	     1
Bellinzona	NA	     1
Bengasi	NA	     1
Bengtsfors	NA	    11
Beograd	NA	    26
Beresford	NA	     2
Berga	NA	     1
Bergamo	NA	    10
Bergatorp	NA	     1
Bergen	Norway	    97
Berghem	NA	     1
Bergland ON	NA	     1
Bergnäsudden	NA	     1
Bergsjö	NA	    10
Bergum	NA	     1
Bergvik	NA	     1
Berkeley CA	NA	    26
Berlin	Germany	  2011
Bern	Switzerland	    74
Berndorf	NA	     1
Bernshammar	NA	     1
Besançon	France	     9
Bettna	NA	     1
Beyrouth	NA	     1
Biberach an der Riß	NA	     1
Bie	NA	     1
Bielefeld	Germany	    24
Bilbao	NA	     2
Billesholm	NA	     2
Billinge	NA	     1
Birka	NA	     1
Birmingham	England	     2
Bishop Hill IL	NA	    27
Bispberg	NA	     1
Bispgarden	NA	     3
Bitterfeld	NA	     1
Bjärnum	NA	    15
Bjärtrå	NA	     1
Bjästa	NA	     1
Björkeberg	NA	     1
Bjorkelangen	NA	     1
Björkö-Arholma	NA	     1
Björkvik	NA	     1
Björlanda	NA	     1
Bjuraker	NA	     1
Bjurbäck	NA	     1
Bjurholm	NA	     2
Bjursas	NA	     2
Bjuv	NA	     3
Blattnicksele	NA	     1
Blidö	NA	     1
Blidsberg	NA	     2
Blindern	NA	     1
Bloemendaal	NA	     1
Blois	NA	     1
Blomskog	NA	     2
Blomstermala	NA	     1
Bloomington	NA	     2
Bloomsbury	NA	     1
Bochum	NA	     1
Böda	NA	     4
Bodafors	NA	    15
Boden	Germany	    77
Bodsjö	NA	     1
Bodträsk	NA	     1
Boeryd	NA	     1
Boet	NA	     1
Bofors	NA	     5
Bognor Regis	NA	     1
Bogota	NA	     3
Bograngen	NA	     1
Bohus	NA	     7
Boizenburg	NA	     5
Bokenäs	NA	     1
Boliden	NA	     1
Bollnäs	NA	   143
Bollstanäs	NA	     2
Bologna	Italy	    20
Bombay	India	    10
Bondstorp	NA	     2
Bonn	Germany	    57
Borås	NA	   637
Bordeaux	France	    24
Bordighera	NA	     2
Borensberg	NA	     4
Borggard	NA	     1
Borgholm	NA	    32
Borlänge	NA	   252
Born	NA	     1
Borna	NA	     2
Borrby	NA	     5
Borrud	NA	     1
Börrum	NA	     2
Boston Ma	USA	   154
Bottnaryd	NA	     2
Boulder Co	NA	     1
Bourges	NA	     2
Bovallstrand	NA	     1
Boxbacka	NA	     1
Boxholm	NA	     1
Braas	NA	     2
Bräcke	NA	     5
Bradford	England	     1
Bräkne-Hoby	NA	     2
Braniewo	Poland	     2
Brännemo	NA	     1
Brännögård	NA	     1
Bratislava	NA	     7
Brattbäcken	NA	     1
Braunsberg	NA	     5
Braunschweig	Germany	    84
Brazzaville	NA	     3
Bredaryd	NA	     2
Bredbyn	NA	     2
Bremen	Germany	    42
Breslau	Poland	    70
Brest	NA	     1
Bridgeport Ct	USA	     1
Bringåsen	NA	     1
Brisbane	Australia	     3
Bristol	England	     3
Brixen	NA	     1
Brno	NA	    19
Broakulla	NA	     1
Broaryd	NA	     3
Broby	NA	     9
Brodalen	NA	     1
Bromberg	NA	     1
Bromölla	NA	     1
Brömsebro	NA	     1
Bromsten	NA	     1
Brookfield Ma	USA	     4
Brookland	NA	     1
Brötjemark	NA	     1
Brownfield me	NA	     1
Bruges	Belgium	    10
Brunebo	NA	     1
Brunflo	NA	     2
Brunn	Germany	     1
Brunnsberg	NA	     4
Brunskog	NA	     4
Brunswick Ma	USA	     2
Brussels	Belgium	   179
Bryn Athyn PA	NA	    29
Bryn Mawr PA	NA	     2
Buchanan Mi	NA	     1
Bucharest	NA	    26
Buchen	NA	     1
Bückeburg	NA	     1
Budapest	Hungary	   189
Buenos Aires	Argentina	    72
Buffalo	NA	     4
Bunge	NA	     3
Burg	NA	     3
Burlington NJ	USA	     2
Burträsk	NA	     1
Bussum	NA	    11
Büsum	NA	     1
Buxtehude	NA	     2
Byarum	NA	     1
Byholma	NA	     2
Byske	NA	     1
Caen	France	    11
Caerdydd	England	     2
Caes	NA	     1
Cagliari	NA	     1
Cahors	NA	     1
Cairo	NA	     8
Calais	France	     1
Calcutta	India	     9
Caldwell Id	NA	     2
Cambridge	England	    67
Cambridge Ma	USA	    30
Campobasso	NA	     1
Canberra	NA	     7
Canton	NA	     2
Cape Town	South Africa	     9
Caracas	NA	     2
Carbondale	NA	     2
Caribou	NA	     1
Carlsbad	NA	     1
Casale	NA	     1
Catania	NA	     5
Cedar Rapids IA	NA	     7
Celle	Germany	     1
Center City MN	NA	     1
Centerville RI	NA	     1
Cernauti	NA	     1
Cesis	NA	     2
Cetinje	NA	     2
Chalon-sur-Saône	NA	     2
Chalons	NA	     1
Chambery	NA	     1
Chapel Hill	NA	    10
Charkov	NA	     5
Charleroi	NA	     1
Charleston SC	USA	     1
Charlottenberg	NA	     3
Charlottenlund	NA	     5
Chartres	NA	     1
Chemnitz	NA	     4
Cherbourg	NA	     1
Chhindwara	NA	     1
Chiavari	NA	     1
Chic	NA	     1
Chicago IL	USA	  1054
Chichester	England	     1
Chillicothe Oh	USA	     4
Christiansand	NA	     3
Chudleigh	NA	     1
Cincinnati Oh	USA	    12
Citta del vaticano	NA	     6
Città di Castello	NA	     3
Ciudad trujillo	NA	     2
Clarens	NA	     1
Clermont-Ferrand	NA	     4
Cleveland Oh	USA	    15
Cluj-Napoca	Romania	     5
Coblenz	NA	     1
Coburg	Germany	     3
Coimbra	Portugal	     3
Colmar	NA	     5
Cologne	Germany	    74
Colombia	NA	     1
Columbia SC	USA	     1
Columbus OH	NA	     6
Como	NA	     2
Compiegne	NA	     2
Condé-sur-Noireau	NA	     1
Contich	NA	     1
Cooperstown NY	USA	     1
Copenhagen	Denmark	  5008
Coquimbo	NA	     1
Cordoba	NA	     1
Coruna	NA	     1
Coswig	NA	     2
Cottbus	NA	     1
Coulommiers	NA	     1
Courtrai	NA	     1
Coventry	England	     3
Covina	NA	     1
Crefeld	NA	     1
Cremona	NA	     4
Creston ia	NA	     1
Crompton ri	NA	     1
Crookston	NA	     2
Culm	NA	     1
Curacao	NA	     1
Curityba	NA	     1
Cuxhaven	NA	     1
Czestochowa	NA	     1
Dädesjö	NA	     2
Daglösen	NA	     1
Dagsberg	NA	     1
Dahlberg	NA	     1
Dakar	NA	     1
Dala-Järna	NA	     2
Dalgränsen	NA	     1
Dallas tx	NA	     1
Dals Långed	NA	     4
Dalstorp	NA	     1
Damas	NA	     1
Damascus	NA	     1
Damme	NA	     1
Danderyd	NA	     4
Dannemora NY	NA	     1
Darmstadt	Germany	    15
Davenport ia	NA	     1
Davos	NA	     2
Dayton ia	NA	     2
Debrecen	NA	     5
Decorah IA	NA	     2
Degeberga	NA	     1
Degerfors	NA	     6
Deje	NA	     2
Dejefors	NA	     1
DeKalb IL	NA	     1
Delft	Netherlands	     5
Delhi	NA	     1
Delmenhorst	NA	     1
Delsbo	NA	     4
Demmin	NA	     1
Denison ia	NA	     1
Denmark	NA	     2
Denver	NA	     8
Des Moines IA	NA	     1
Dessau	Germany	     8
Detmold	NA	     5
Detroit Mi	USA	     4
Deventer	Netherlands	    12
Dhulia	NA	     1
Die	NA	     1
Dieren	Netherlands	     2
Dijon	France	     7
Dikanäs	NA	     2
Dillingen an der Donau	NA	     2
Dingle	NA	     8
Djurö	NA	     1
Djurröd	NA	     3
Djursdala	NA	     1
Djursholm	NA	    30
Djursholms Ösby	NA	     1
Dönnie	NA	     1
Dordrecht	Netherlands	     7
Dornach	NA	     1
Dortmund	NA	     8
Douai	France	     1
Douala	NA	     3
Dover NJ	NA	     3
Dover ny	NA	     1
Drachten	NA	     1
Drammen	NA	    33
Dresden	Germany	   109
Drezdenko	NA	     1
Drottningholm	NA	     2
Dublin	Ireland	    15
Dubrovnik	NA	     2
Dufbo	NA	     1
Duisburg	NA	     1
Duluth MN	USA	     6
Dundee	Scotland	    11
Dunkalk	Ireland	     1
Dunkirk	France	     1
Durban	NA	     2
Durham	England	     9
Düsseldorf	Germany	    16
Duvbo	NA	    18
Duved	NA	     1
Eagle Lake MN	NA	     1
East Grand Forks mn	NA	     1
East Lansing	NA	     1
East Union MN	NA	     1
Easton Pa	USA	     1
Eastsound Wa	NA	     2
Edam	NA	     3
Edesjö	NA	     1
Edinburgh	Scotland	    56
Edirne	NA	     1
Edsbyn	NA	    21
Edsele	NA	     1
Edsviken	NA	     1
Eichwalde	NA	     1
Eindhoven	NA	     1
Eisenach	NA	     2
Eisenberg	NA	     1
Eisfeld	NA	     1
Eisleben	NA	     3
Ekeberg	NA	     1
Ekerö	NA	     2
Ekestad	NA	     2
Ekhorva	NA	     1
Eklanda	NA	     1
Eklund	NA	     1
Ekolsund	NA	     1
Ekshärad	NA	     1
Eksjö	NA	   256
Eksjöhovgård	NA	    21
Ektorp	NA	     5
Elberfeld	NA	     4
Elbingen	Germany	     4
Elgin IL	NA	     1
Elk River MN	NA	     1
Ellös	NA	     2
Elmhult	NA	     2
Emmaboda	NA	    13
Emmaljunga	NA	     3
Emmaus PA	NA	     1
Emsdetten	NA	     1
Enaker	NA	     1
Eneboga	NA	     1
Enebyberg	NA	     7
Eneryda	NA	     1
Engelsberg	NA	     1
Englewood Cliffs NJ	NA	     1
Enköping	NA	   154
Enschede	NA	     1
Enskede	NA	    27
Epinal	NA	     1
Erevan	NA	     1
Erfurt	Germany	    17
Erikslund	NA	     4
Erikstad	NA	     1
Eritrea	NA	     1
Erlangen	Germany	    19
Erska	NA	     1
Esbjerg	NA	     3
Eskilstuna	NA	   640
Eskiltuna	NA	     4
Eslöv	NA	   184
Essen	NA	    11
Esslingen	NA	     1
Essunga	NA	     2
Etienne	NA	     1
Eugene or	NA	     1
Eura	Finland	     1
Eutin	NA	     1
Evanston	NA	     6
Evreux	NA	     1
Exeter	England	     1
Faaborg	NA	     1
Faenza	NA	     2
Fagelsta	NA	     1
Fageras	NA	     7
Fagerhult	NA	     2
Fagersanna	NA	     2
Fagersta	NA	    19
Fagerstrand	NA	     5
Faglavik	NA	     1
Fägre	NA	     1
Falkenberg	NA	   152
Falköping	NA	   296
Falsterbo	NA	     2
Falun	Sweden	  2334
Färgelanda	NA	     6
Färila	NA	     2
Färjestaden	NA	     1
Färna	NA	     1
Farsta	NA	     2
Farstorp	NA	     1
Fässberg	NA	     1
Feanwâlden	NA	     1
Feldkirch	NA	     1
Fellingsbro	NA	     6
Fengersfors	NA	     1
Fernando	NA	     1
Fernviken	NA	     2
Filipstad	NA	   287
Finja	NA	     2
Finspång	NA	    23
Finsterwalde	NA	     1
Firenze	Italy	   104
Fish Lake MN	NA	     1
Fiskars	NA	     8
Fiskebäckskil	NA	     2
Fittja	NA	     4
Fjälkestad	NA	    16
Fjälla	NA	     1
Fjällbacka	NA	     2
Fjärås	NA	     1
Fjärdhundra	NA	     1
Fjugesta	NA	     3
Fläckebo	NA	     1
Flen	NA	    31
Flensburg	Germany	     6
Flipstad	NA	     2
Flisby	NA	     3
Floby	NA	     1
Floda	NA	     3
Flöha	NA	     1
Florence	Italy	    21
Flygfors	NA	     1
Flyinge	NA	     3
Flysta	NA	     1
Foix	NA	     1
Fontainebleau	NA	     2
Forestville Ct	NA	     1
Forli	NA	     1
Fors	NA	    22
Forsa	NA	     2
Forserum	NA	     1
Forshaga	NA	     3
Forsheda	NA	     2
Forsmark	NA	     1
Forsmo	NA	     1
Forsnäs	NA	     1
Forssa	Finland	    27
Forsvik	NA	     4
Fort Worth Tx	NA	     1
Francestown NH	NA	     1
Francisco	NA	    28
Franeker	NA	     1
Frankfort Ky	USA	     2
Frankfurt	Germany	   202
Franö	NA	     1
Franshammar	NA	     1
Fränsta	NA	     9
Franzburg	NA	     3
Frauenfeld	NA	     6
Fredericia	NA	     2
Frederiksberg	NA	     2
Fredriksberg	NA	     1
Fredriksdal	NA	     1
Fredrikstad	NA	     7
Fredsberg	NA	     1
Freiburg im Breisgau	Germany	    54
Freilassing	NA	     1
Freistadt	NA	     8
Freudenstadt	NA	     1
Freyberg	NA	     4
Freyburg	NA	     1
Fribourg	NA	     8
Friedrichstadt	NA	     1
Frillesas	NA	     2
Frinnaryd	NA	     1
Fritsla	NA	     2
Frösön	NA	     2
Frövi	NA	     4
Frustuna	NA	     1
Fryele	NA	     1
Frykerud	NA	     3
Fulda	NA	     1
Fürstenwalde	NA	     2
Fürth	Germany	     2
Furudal	NA	     1
Fyras	NA	     1
Gäddede	NA	     1
Gagnef	NA	     5
Gainesville	NA	     3
Galesburg IL	NA	     7
Gällared	NA	     2
Gällivare	NA	    16
Gällstad	NA	     6
Galva	NA	     5
Gamleby	NA	    15
Gammalstorp	NA	     1
Gammelstad	NA	     2
Gand	NA	     7
Gap	NA	     2
Gardelegen	NA	     2
Garden City NY	NA	     8
Gärds köpinge	NA	     1
Garnsviken	NA	     1
Garphyttan	NA	     2
Gaseberg	NA	    20
Gävle	NA	  1112
Gåxsjö	NA	     1
Gdańsk	Poland	    35
Gdynia	NA	     2
Geldeston	NA	     1
Gembloux	NA	     2
Gemla	NA	     8
Geneseo IL	NA	     1
Geneva	Switzerland	    95
Genoa	Italy	    23
Gent	NA	     5
Genthin	NA	     1
Genvalla	NA	     1
Gera	Germany	     2
Gestad	NA	     1
Getinge	NA	     4
Ghent	Belgium	     1
Gießen	Germany	    15
Gillhov	NA	     1
Gimo	NA	     2
Girard KS	NA	     1
Gislaved	NA	    11
Gisselås	NA	     1
Gläborg	NA	     1
Gladbach	NA	     2
Gladhammar	NA	     1
Gladsax	NA	     1
Glasgow	Scotland	    15
Glemmingebro	NA	     2
Glencoe IL	NA	     1
Glendale	NA	     4
Glimåkra	NA	    10
Globe az	NA	     1
Glogau	NA	     2
Glommersträsk	NA	     2
Glömminge	NA	     1
Glostrup	NA	     1
Gloucester	England	     2
Glücksburg	NA	     1
Glückstadt	NA	     4
Glumslöv	NA	     1
Gnarp	NA	     2
Gnesta	NA	    17
Gnosjö	NA	     3
Gökalund	NA	     1
Görliz	Germany	     8
Görslöv	NA	     5
Goslar	NA	     1
Götene	NA	     5
Gotha	Germany	    42
Gothenburg	Sweden	 14164
Götlunda	NA	     4
Göttingen	Germany	    75
Gouda	Netherlands	     3
Gowrie IA	NA	     2
Graasten	NA	    16
Gräfsnäs	NA	     2
Grällsta	NA	     1
Granada	NA	     1
Grand Rapids Mi	USA	     3
Grangärde	NA	     2
Grängesberg	NA	    28
Gränna	NA	    32
Granvik	NA	     1
Gräsmark	NA	     2
Grästorp	NA	    28
Graudenz	NA	     1
Grava	NA	     1
Graz	NA	    15
Grebbestad	NA	     6
Greeley CO	NA	     1
Greifswald	Germany	   313
Greiz	NA	     1
Grenoble	NA	     7
Grillby	NA	     1
Grimeton	NA	     1
Grimma	NA	    56
Grimnäs	NA	     2
Grimslöv	NA	     3
Grimstorp	NA	     2
Groitzsch	NA	     1
Groningen	NA	    32
Grönskåra	NA	     2
Gropen	NA	     1
Gross Lichterfelde	NA	     1
Grove City MN	NA	     4
Grovsta	NA	     1
Grums	NA	     1
Grundsunda	NA	     2
Grythyttan	NA	     2
Guatemala	NA	     1
Guben	NA	     1
Guldsmedshyttan	NA	     1
Gullaskruv	NA	     1
Gullestorp	NA	     1
Gunnarskog	NA	     2
Gunnilse	NA	     1
Gustafs	NA	     1
Gustavsberg	NA	     6
Güstrow	NA	     2
Gusum	NA	     6
Gütersloh	NA	    34
Gyoma	NA	     7
Gyttorp	NA	     1
Haaparanta	Finland	    59
Haapsalu	NA	     1
Haarlem	Netherlands	    72
Håbo	NA	    23
Hackas	NA	     3
Haderslev	Denmark	     5
Hafnarfirði	NA	     1
Hagaberg	NA	     4
Hagalund	NA	     7
Hagaström	NA	     1
Hagby	NA	     1
Hagfors	NA	     4
Häggenås	NA	     1
Hakarp	NA	     1
Halahult	NA	     1
Halberstadt	Germany	     6
Halden	NA	    30
Halifax	England	     2
Hällabrottet	NA	     3
Halland	NA	     1
Halle	Germany	   203
Hälleberga	NA	     1
Hällefors	NA	    11
Hälleforsnäs	NA	     2
Hällesjö	NA	     1
Hällestad	NA	     2
Hälleviksstrand	NA	     1
Hällnäs	NA	     1
Hallsberg	NA	    17
Hallsbo	NA	     1
Hallstahammar	NA	     6
Hallstavik	NA	     4
Halmstad	NA	   660
Hamar	NA	     3
Hamburg	Germany	   356
Hämeenlinna	Finland	   165
Hameln	NA	     1
Hamina	Finland	    22
Hamm	NA	     2
Hammarö	NA	     2
Hammarstrand	NA	     4
Hammenhög	NA	     5
Hammerdal	NA	     1
Hammerfest	NA	     1
Hamneda	NA	     2
Hampnäs	NA	     1
Hamrange	NA	     1
Hanau	Germany	     6
Handen	NA	     1
Hanger	NA	     1
Haninge	NA	     1
Hanko	Finland	    39
Hankou	NA	     1
Hannover	Germany	    24
Hanoi	NA	     4
Hanover NH	USA	     1
Härad	NA	     1
Harbor Oh	USA	     3
Hardeberga	NA	     1
Hardemo	NA	    63
Harestad	NA	     1
Harlösa	NA	     2
Harmanger	NA	     4
Harmondsworth	NA	     3
Härnösand	Sweden	   701
Harplinge	NA	     4
Härslöv	NA	     1
Hartford Ct	USA	     2
Hartola	NA	     1
Hassela	NA	     1
Hässelby	NA	     2
Hässleholm	NA	   366
Hastings	England	     1
Hauge	NA	     1
Haunia	Finland	    36
Havanna	Cuba	     3
Havdhem	NA	     1
Havlickuv Brod	NA	     1
Heby	NA	     9
Hedas	NA	     1
Hedemora	NA	   164
Hedesunda	NA	     1
Heide	NA	     1
Heidelberg	Germany	    88
Heidenau	NA	     4
Heilbronn	Germany	    10
Heinola	Finland	     2
Helas	NA	     1
Helenelund	NA	     1
Helgum	NA	     3
Hellefors	NA	     1
Hellerup	NA	    11
Hellesylt	NA	     1
Helmstadt	Germany	     1
Helmstedt	Germany	    10
Helsingborg	Sweden	  2095
Helsingør	Denmark	    15
Helsinki	Finland	 14765
Hemse	NA	     6
Hemsjö	NA	     2
Henån	NA	     1
Henriksdal	NA	     1
Hensmala	NA	     4
Herborn	NA	     2
Hermantown MN	NA	     1
Hernosand	NA	     1
Herrljunga	NA	     5
Hersfeld	NA	     1
Hertford	England	     1
Hertogenbosch	NA	     2
Hessisch Oldendorf	NA	     1
Hessleby	NA	     1
Hestra	NA	     2
Heylbronn	NA	     2
Hildburghausen	Germany	     2
Hildesheim	NA	     4
Hille	NA	     2
Hillerod	NA	     3
Hillsand	NA	     1
Hjärsås	NA	     1
Hjärtsäter	NA	     1
Hjärtum	NA	     1
Hjelmarsnäs	NA	     1
Hjo	NA	    41
Hjørring	NA	     1
Hjorted	NA	     4
Hjortsberga	NA	     1
Hjulsjö	NA	     1
Hof	NA	     1
Hofors	NA	    10
Hofva	NA	     2
Höganäs	NA	    44
Högboda	NA	     1
Högbyn	NA	     2
Högsäter	NA	     1
Högsby	NA	     5
Högsjö	NA	     2
Holbaek	NA	     2
Hollola	NA	     1
Holmby	NA	     7
Holmedal	NA	     1
Holmsveden	NA	     1
Holsaker	NA	     1
Holsbybrunn	NA	     2
Holstebro	NA	     1
Holt	Germany	     1
Homewood IL	NA	     1
Hønefoss	NA	     1
Hong Kong	NA	     9
Honolulu	NA	    12
Höör	NA	    27
Horb am Neckar	NA	     1
Hörby	NA	    42
Horda	NA	     2
Hordville Ne	NA	     1
Höreda	NA	     1
Horn	NA	     1
Horndal	NA	     1
Hörnefors	NA	     1
Hörnsjö	NA	     1
Hoshiarpur	NA	     1
Hosjö	NA	     1
Hossegor	NA	     1
Hössna	NA	     1
Hoting	NA	     3
Hoverberg	NA	     2
Høvik	NA	     1
Hovmantorp	NA	     2
Hovsta	NA	     1
Hradec Kralove	NA	     2
Hrafnsey	NA	     1
Huddinge	NA	    28
Hudiksvall	NA	   231
Hukuoka	NA	     1
Hull	England	     1
Hultanäs	NA	     1
Hultsfred	NA	     4
Hunnebostrand	NA	     1
Hunnestad	NA	     1
Huntingdon	England	     1
Hurva	NA	     1
Husby	NA	     1
Huskvarna	NA	    65
Husum	NA	     3
Huvudsta	NA	     2
Hyllinge	NA	     5
Hyllstofta	NA	     4
Hyltebruk	NA	    16
Hyssna	NA	     1
Hyvinkää	Finland	     5
Iasi	NA	     1
Igelstorp	NA	     2
Iggesund	NA	     3
Ilahabad	NA	     1
Immeln	NA	     1
Indal	NA	     1
Indianapolis	NA	     2
Ingarö	NA	     1
Ingelstad	NA	     1
Ingelstorp	NA	     1
Ingolstadt	NA	     3
Inhambane	NA	     7
Innsbruck	NA	    13
Insjön	NA	    31
Intra	NA	     1
Iowa City	NA	     3
Ironwood Mi	USA	     7
Isafjördur	Iceland	     3
Ishpeming Mi	USA	     3
Isle	NA	     1
Isleworth	NA	     1
Israel	NA	     1
Issoudun	NA	     1
Istanbul	Turkey	    30
Ithaca NY	NA	     4
Jabalpur	NA	     1
Jäder	NA	     1
Jadotville	NA	     1
Jafo	NA	     2
Jakarta	NA	     2
Jakobsberg	NA	     3
Jamestown NY	NA	     2
Janakkala	Finland	     1
Järna	NA	     4
Järnboås	NA	     1
Jaroslav	NA	     1
Järpen	NA	     5
Järsö	NA	     6
Järvsö	NA	     8
Jassi	NA	     1
Jättendal	NA	     1
Jelgava	Latvia	    15
Jemtland me	NA	     1
Jena	Germany	   261
Jerusalem	Israel	    11
Jihlava	NA	     2
Joensuu	Finland	    11
Johannesburg	NA	     1
Johannisberg	NA	     3
Johannishus	NA	     3
Johansfors	NA	     1
Jokioinen	NA	     1
Jokkmokk	NA	     1
Jönköping	Sweden	  3151
Jonsered	NA	     1
Jordan MN	NA	     1
Julita	NA	     5
Jun	NA	     1
Juneau AK	NA	     1
Junsele	NA	     4
Jüterbog	NA	     6
Juuka	NA	     1
Jyväskylä	Finland	   205
Kaapstad	NA	     3
Kågeröd	NA	     2
Kairo	NA	     8
Kaiserslautern	NA	     1
Kaiserswerth	NA	     3
Kajaani	Finland	     7
Käkisalmi	Finland	     4
Kalamazoo Mi	NA	     1
Kälarne	NA	     1
Kalisz	NA	     2
Kalix	NA	    14
Kallered	NA	     1
Kallinge	NA	    16
Kallmünz	NA	     2
Kalltorp	NA	     1
Kalmar	NA	  1363
Kampala	NA	     2
Kampen	NA	     4
Kangasala	Finland	     1
Kanna	NA	     1
Kannus	NA	     1
Kansas City	NA	     4
Karachi	NA	     1
Kärda	NA	     1
Käringön	NA	     4
Karjaa	Finland	     1
Karkkila	NA	     1
Karlberg	NA	    24
Karleby	NA	    10
Karlholmsbruk	NA	     2
Karlsbad	NA	     1
Karlsberg	NA	     1
Karlsborg	NA	    30
Karlsborgsverken	NA	     1
Karlshamn	NA	   502
Karlskoga	NA	    95
Karlskrona	Sweden	  1540
Karlsruhe	Germany	    16
Karlstad	Sweden	  1515
Karlstorp	NA	     1
Kärrgruvan	NA	     6
Kaschgar	NA	     6
Kashgar	NA	    15
Kashmir	NA	     1
Kaskinen	Finland	     1
Kassel	Germany	    10
Katak	NA	     1
Katowice	NA	     2
Katrineholm	NA	   138
Kaunas	NA	     5
Kauniainen	NA	     2
Kävlinge	NA	     2
Kävsjö	NA	     1
Kazan	Russia	     3
Kazanluk	NA	     1
Kearney Ne	NA	     1
Kemi	Finland	     2
Kempten	NA	     1
Kerava	NA	     5
Kerimäki	NA	     1
Kibunzi	NA	     1
Kiel	Germany	    71
Kiev	NA	     8
Kil	NA	     8
Kilmarnock	Ireland	     1
Kimito	NA	     1
Kingchow	NA	     1
Kings Lynn	England	     1
Kinna	NA	     5
Kinnared	NA	     5
Kinneved	NA	     1
Kirchhain	Germany	     2
Kirn	NA	     1
Kiruna	NA	    24
Kirvus	NA	     1
Kisa	NA	    14
Kitee	NA	     1
Kivik	NA	     1
Kjoge	NA	     1
Kjulaås	NA	     1
Klemensnäs	NA	     2
Kleva	NA	     1
Klintehamn	NA	     2
Klinten	NA	   113
Klippan	NA	   126
Klockrike	NA	     2
Kloster Lehnin	NA	     1
Knäred	NA	     1
Knislinge	NA	     8
Knivsta	NA	     1
Koblenz	NA	     1
Köinge	NA	     1
Kokemäki	Finland	     1
Kokkola	Finland	    30
Köla	NA	     1
Kolding	NA	    10
Kolmarden	NA	     1
Kolsva	NA	     2
Kongsberg	NA	     1
Kongsvinger	NA	     1
Königstein	NA	     2
Koningsberg	Germany	    35
Konstanz	NA	     7
Köping	Sweden	   372
Kopparberg	NA	     5
Kornsjø	NA	     1
Korsnäs	Finland	    14
Korsor	NA	     1
Korsträsk	NA	     1
Kortebo	NA	     1
Kosice	NA	     1
Koskö	NA	     1
Kosta	NA	     3
Kotka	Finland	    21
Kouvola	Finland	    13
Kovland	NA	     1
Kräklinge	NA	     3
Krakow	Poland	    65
Kramfors	NA	    21
Kreuznach	NA	     1
Kristdala	NA	    43
Kristiansand	NA	     3
Kristianstad	NA	  1468
Kristiansund	NA	     1
Kristiinankaupunki	Finland	   400
Krokek	NA	     1
Kronstad	NA	     5
Krotoszyn	NA	     1
Kruunupyy	Finland	    11
Krylbo	NA	    18
Kuala Lumpur	NA	     1
Kumla	NA	    95
Kungälv	NA	     7
Kungsbacka	NA	    22
Kungsgarden	NA	    38
Kungsör	NA	    12
Kuopio	Finland	   101
Kuusankoski	Finland	     1
Kvänum	NA	     1
Kvarnby	NA	     5
Kvevlax	NA	     2
Kvidinge	NA	     9
Kville	NA	     1
Kvissleby	NA	     1
Kvistbro	NA	     2
Kyrkhult	NA	     1
Kyustendil	NA	     1
La Chaux-de-Fonds	NA	     1
La Crosse Wi	NA	     1
La Laguna	NA	     1
La Paz	NA	     1
La plata	NA	     1
La Porte In	NA	     2
Labiau	NA	     1
Lagan	NA	     1
Laholm	NA	    53
Lahore	NA	     1
Lahr	NA	     1
Lahti	Finland	    16
Lämbacken	NA	     1
Lammhult	NA	     1
Lamoni IA	NA	     1
Lancaster Pa	USA	     2
Lanciano	NA	     8
Landsberg	NA	     2
Landsbro	NA	     2
Landshut	NA	     1
Landskrona	Sweden	   442
Långaryd	NA	     1
Långasjö	NA	     3
Långebro	NA	     2
Langensalza	NA	    20
Länghem	NA	     1
Langshyttan	NA	     2
Långstorp	NA	     1
Lanna	NA	     1
Lannabruk	NA	     1
Lännäs	NA	     1
Lannaskede	NA	     1
Lapinjärvi	NA	     1
Lappeenranta	Finland	     6
Lapua	Finland	     1
Larvik	NA	     1
Lästringe	NA	     2
Lausanne	Switzerland	    41
Lawrence KS	NA	     1
Laxå	NA	     3
Laxsjö	NA	     2
Le Caire	NA	     9
Le Mans	France	     6
Le Puy-en-Velay	NA	     1
Leamington Spa	NA	     1
Lebanon PA	USA	     1
Leeds	England	     3
Leeuwarden	Netherlands	    11
Legnica	NA	     3
Lehtimäki	NA	     1
Leiden	Netherlands	   152
Leigh	NA	     4
Leipzig	Germany	  1583
Lekeryd	NA	     1
Lekhyttan	NA	     1
Leksand	NA	    42
Leksberg	NA	     4
Lekvattnet	NA	     1
Lemberg	NA	     1
Lemgo	Germany	     1
Lemnhult	NA	     1
Lemvig	NA	     4
Lengerich	NA	     1
Lenhovda	NA	     1
Leobe	NA	     1
Leopol	NA	     1
Lerum	NA	     4
Lervik	NA	     1
Lerviken	NA	     1
Lesjöfors	NA	     9
Lessebo	NA	    15
Letchworth	England	     1
Leuven	Belgium	     7
Leverkusen	NA	     1
Lexington KY	USA	     3
Leźno	NA	     1
Libros	NA	     1
Lidingö	NA	   115
Lidköping	NA	   316
Lidnäs	NA	     1
Liège	Belgium	    24
Liepaja	Latvia	     4
Lierre	NA	     6
Liguge	NA	     1
Liljeholmen	NA	     2
Lilla Edet	NA	     2
Lilla harrie	NA	     1
Lillan	NA	     2
Lille	France	    10
Lillehammer	NA	     1
Lillkyrka	NA	     1
Lillsved	NA	     2
Lima	NA	     3
Limedsforsen	NA	     4
Limhamn	NA	    30
Limoges	NA	     2
Lincoln	England	     5
Lincoln NE	NA	    43
Lind	NA	     1
Lindau	NA	     1
Linderöd	NA	     2
Lindesberg	NA	   156
Lindsborg ks	NA	     8
Linghed	NA	     1
Linghem	NA	     3
Linköping	Sweden	  3315
Linn	NA	     3
Linneryd	NA	     1
Linz	NA	     4
Liperi	NA	     1
Liptovský Mikuláš	NA	     1
Lisbon	Portugal	    50
Lisse	NA	     1
Litchfield Ct	USA	    10
Liverpool	England	     5
Livorno	Italy	     1
Ljubljana	NA	    12
Ljugarn	NA	     1
Ljungby	NA	    43
Ljungbyhed	NA	     1
Ljungbyholm	NA	     1
Ljungsbro	Sweden	     3
Ljungskile	NA	    12
Ljurhalla	NA	     1
Ljusdal	NA	   111
Ljusne	NA	     1
Löberöd	NA	     2
Locarno	NA	     2
Lochem	NA	     4
Lohja	Finland	     1
Lomma	NA	     1
Lommaryd	NA	     2
London	England	  2356
Lönneberga	NA	     2
Lons-le-Saunier	NA	     1
Lönsboda	NA	     5
Lorch	NA	     9
Lorient	NA	     1
Los Angeles CA	NA	     8
Losoncz	NA	     1
Louis	NA	     9
Louvain	Belgium	    14
Lövånger	NA	     1
Lövestad	NA	     2
Loviisa	Finland	    28
Lowry MN	NA	     2
Luanda	NA	     2
Lübeck	Germany	    85
Lucca	Italy	     3
Lucknow	NA	     2
Lucksta	NA	     2
Ludvika	NA	    65
Ludwigshafen	NA	     3
Luela	NA	     2
Luetzen	NA	     5
Lugano	Switzerland	     3
Lugnås	NA	     1
Luleå	Sweden	   414
Lumsheden	NA	     1
Lund	Sweden	 13297
Lundsberg	NA	     1
Lüneburg	NA	     6
Lungsund	NA	     1
Lusaka	NA	     1
Luton	NA	     1
Luzern	NA	     5
Lviv	Ukraine	    39
Lyckeby	NA	     2
Lycksele	NA	     9
Lyon	France	    39
Lysekil	NA	   118
Lysvik	NA	     3
Maastricht	Netherlands	     2
Macao	NA	     1
Macon	France	     7
Madison	NA	     8
Madras India	India	     8
Madrid	Spain	   117
Madura	NA	     1
Magdeburg	Germany	    22
Mainz	Germany	    23
Malax	NA	     1
Malilla	NA	     2
Malmberget	NA	     4
Malmköping	NA	     6
Malmö	Sweden	  5663
Malung	NA	    33
Mamers	NA	     2
Manchester	England	    17
Mångbyån	NA	     1
Manhem	NA	     3
Manila	NA	     3
Mannheim	Germany	     6
Mansasen	NA	     2
Mantorp	NA	     2
Marburg	Germany	    49
Margate	England	     1
Mariadahl ks	NA	     1
Mariannelund	NA	     9
Maribor	NA	     1
Mariefred	NA	   192
Mariehamn	Finland	    98
Marienburg	NA	     1
Mariestad	NA	   349
Markaryd	NA	    23
Markranstädt	NA	     1
Marma	NA	     3
Marquette	NA	     1
Marseille	France	     1
Märsta	NA	     1
Marstrand	NA	     3
Martin	NA	     9
Mässbacken	NA	     1
Matadi	NA	     6
Matfors	NA	     2
Mattmar	NA	     1
Mayenne	NA	     1
Mcpherson KS	NA	     1
Meaux	NA	     1
Mechelen	Belgium	     3
Medellin	NA	     1
Mehede	NA	     1
Meiningen	NA	     1
Meinz	NA	     3
Meisenheim	NA	     1
Meissen	NA	     2
Meitingen	NA	     1
Melbourne	NA	     7
Meldorf	NA	     1
Mellansel	NA	     2
Melle	NA	     1
Mellgard	NA	     3
Mellösa	NA	     1
Melun	NA	     1
Memel	NA	     1
Memmingen	NA	     1
Menasha Wi	NA	     2
Menton	NA	     1
Meppel	NA	     2
Merseburg	NA	     2
Meselefors	NA	     1
Messina	Finland	     3
Metz	NA	     2
Mexico	NA	    29
Mexico City	Mexico	     2
Miami FL	NA	     1
Middelfart	NA	     1
Mikkeli	Finland	    26
Milan	Italy	   166
Millesvik	NA	     1
Milwaukee Wi	USA	     9
Minden	NA	     2
Minneapolis Mn	USA	   217
Minnesota	NA	     4
Miskolc	NA	     1
Mittelwald	NA	     1
Mjällby	NA	     4
Mjöhult	NA	     1
Mjölby	NA	    30
Mjörn	NA	     1
Modena	NA	     5
Moheda	NA	    29
Moholm	NA	     1
Möklinta	NA	     5
Molde	NA	     2
Moliden	NA	     2
Moline	NA	    29
Moline IL	NA	     1
Möljeryd	NA	     1
Molkom	NA	     4
Mölle	NA	     6
Mölltorp	NA	     1
Mölnbo	NA	     1
Mölndal	NA	    37
Mölnlycke	NA	     7
Monaco	NA	     7
Moncullo	NA	     4
Monmouth	England	     2
Mons	NA	     2
Mönsterås	NA	     7
Mont Alto	NA	     1
Montecassino	NA	     1
Montelimar	NA	     1
Montereau	NA	     1
Montevideo	NA	     2
Montevrain	NA	     1
Montpelier Vt	NA	     1
Montpellier	France	     6
Montreal	Canada	     2
Montreuil	NA	     2
Montrose	Scotland	     1
Mora	NA	    65
Mörarp	NA	     2
Mörbylånga	NA	     2
Morgardshammar	NA	     1
Morpeth	England	     1
Mörrum	NA	     1
Moscow	Russia	   266
Mosjøen	NA	     1
Moss	NA	     2
Mostorp	NA	     1
Moulins	NA	     3
Mountain View Ca	NA	     1
Mühlhausen	NA	     7
Mukimbungu	NA	     2
Mülheim	NA	     3
Mulhouse	NA	     2
Mulseryd	NA	     1
München	Germany	   517
Munich	NA	     3
Munkedal	NA	    14
Munkfors	NA	     2
Munktorp	NA	     2
Munsö	NA	     2
Münster	Germany	    15
Murten	NA	     1
Mustasaari	Finland	     3
Mustio	Finland	     1
Myjava	NA	     2
Nacka	NA	     2
Naestved	NA	     2
Nagoya	NA	     1
Nagpur	NA	     1
Nagu	NA	     1
Nakskov	NA	     1
Namsos	NA	     1
Namur	NA	     1
Nancy	France	    20
Nantes	France	     3
Naperville IL	NA	     1
Naples	Italy	    32
Närpiö	Finland	     2
Närtuna	NA	     1
Narunga	NA	     1
Narva	Estonia	    10
Narvik	NA	     2
Näsåker	NA	     2
Näsbypark	NA	     1
Nashville TN	USA	     2
Nässjö	NA	   181
Naugatuck Ct	NA	     1
Naumburg	NA	     4
Nävekvarn	NA	     1
Navestabro	NA	     1
Nebraska	NA	     2
Nederkalix	NA	     1
Nedre Gärdsjö	NA	     4
Neubrandenburg	NA	     2
Neuchatel	Switzerland	    10
Neudamm	NA	     5
Neukölln	NA	     1
Neumünster	NA	     6
Neuruppin	Germany	     5
Neustadt	NA	     4
Neustrelitz	NA	     1
Neutitschein	NA	     1
Neuwied	NA	     2
Nevers	NA	     1
New Brunswick NJ	USA	     1
New Haven Ct	USA	    33
New Jersey NJ	NA	     1
New London Ct	USA	     1
New York NY	USA	  1081
Newark	England	     1
Newark NJ	USA	     2
Newcastle	England	     1
Newry	Ireland	     1
Nice	France	     3
Nieuwediep	NA	     2
Nijkerk	NA	     3
Nijmegen	Netherlands	     9
Nimes	France	     3
Niort	NA	     3
Nissafors	NA	     1
Nitta	NA	     1
Nivelles	NA	     1
Njutanger	NA	     1
Nöbbele	NA	     1
Nockeby	NA	     2
Nödinge	NA	     1
Nogent-le-Rotrou	NA	     1
Nolby	NA	     1
Noormarkku	Finland	     1
Nora	Sweden	   127
Noraskog	NA	     1
Nordhausen	Germany	     2
Nordingra	NA	     2
Nördlingen	NA	     4
Nordmaling	NA	     2
Nordnes	NA	     1
Norman	NA	    14
Norra Sandsjö	NA	    11
Norrahammar	NA	     2
Norrbo	NA	     6
Norrfjärden	NA	     1
Norrhult	NA	     6
Norrköping	Sweden	  3059
Norrskata	NA	     1
Norrsundet	NA	     1
Norrtälje	NA	   222
Norrviken	NA	     5
Norsjö	NA	     3
Norstedt	NA	     6
Northfield	NA	     3
Norwalk Ct	NA	     1
Norwich	England	     2
Norwich Ct	USA	     1
Nosaby	NA	     1
Nossebro	NA	     2
Nösund	NA	     2
Nottingham	England	     1
Novara	NA	     1
Novgorod	NA	     1
Novi Sad	NA	     1
Novosibirsk	NA	     1
Nürnberg	Germany	    74
Nuuk	NA	     1
Nyborg	NA	     1
Nybro	NA	    94
Nygard	NA	     1
Nyhamnsläge	NA	     2
Nyhem	NA	     1
Nyköping	Sweden	  1109
Nykvarn	NA	     3
Nykyrka	NA	     1
Nyland	NA	    14
Nymburk	NA	     1
Nynäs	NA	     1
Nynäshamn	NA	    46
Nysa	NA	     1
Nyskoga	NA	     2
Nysund	NA	     1
Nytorp	Sweden	     1
Oakland ca	NA	     1
Obbola	NA	     2
Ockelbo	NA	    13
Ödåkra	NA	     1
Odense	Denmark	    49
Odensvi	NA	     1
Oderljunga	NA	     1
Odessa	Ukraine	     5
Offenbach am Main	Germany	     3
Öhringen	NA	     2
Oisterwijk	NA	     1
Ojai CA	NA	     1
Oklahoma City OK	NA	     2
Oława	NA	     1
Oldenburg	NA	    14
Oliva	NA	     1
Öljehult	NA	     1
Öllösa	NA	     1
Ölmstad	NA	     1
Olofström	NA	     7
Olomouc	NA	     2
Olsburg ks	NA	     1
Olten	NA	     8
Omaha Ne	NA	     4
Onoldi	NA	     1
Onsala	NA	     1
Opava	NA	     3
Oppenheim	NA	     2
Oranienburg	NA	     5
Örebro	Sweden	  4533
Orivesi	Finland	     1
Örkelljunga	NA	    13
Orleans	France	     8
Ornö	NA	     1
Örnsköldsvik	NA	   236
Orrefors	NA	     2
Orsa	NA	    42
Örsundsbro	NA	     1
Örtofta	NA	     3
Osby	NA	    88
Ösjöbol	NA	     1
Oskarshamn	NA	   241
Oskarström	NA	     2
Oslo	Norway	  2868
Ösmo	NA	     1
Osnabrück	Germany	     5
Ostende	NA	     1
Österås	NA	     2
Österbybruk	NA	     2
Östervåla	NA	    12
Östhammar	NA	    44
Östra ämtervik	NA	     1
Östra Göinge	NA	     1
Östra Karup	NA	     3
Ostrava	NA	     1
Ostrumelien	NA	     1
Ottawa	Canada	    14
Ottumwa ia	NA	     1
Oulu	Finland	    60
Ousby	NA	    28
Ovansjö	NA	     1
Överboda	NA	     1
Överkalix	NA	     1
Överklinten	NA	     2
Överlida	NA	     1
Övertorneå	NA	     2
Oviedo	NA	     2
Oviken	NA	     3
Övre Ullerud	NA	     5
Öxabäck	NA	     1
Oxelösund	NA	     5
Oxford	England	    60
Oxie	NA	     1
Påarp	NA	     6
Pacov	NA	     1
Paderborn	NA	    14
Padua	Italy	    12
Paisley	Scotland	     2
Palermo	Italy	    10
Palgard	NA	     3
Pallas	NA	     1
Palma	NA	     1
Palsboda	NA	     3
Parainen	Finland	     3
Parchim	NA	     1
Paris	France	  2311
Parkano	Finland	     1
Parma	Italy	     3
Pärnu	Estonia	     4
Partille	NA	     1
Paskallavik	NA	     1
Passau	NA	     2
Pataholm	NA	     1
Patra	NA	     1
Pau	NA	     6
Paul	NA	    35
Paulo	NA	     1
Pavia	NA	     1
Pawtucket ri	NA	     1
Pedersöre	NA	     3
Pegau	NA	     1
Peiping	NA	     4
Pekin	NA	     2
Peking	NA	    38
Peoria IL	NA	     1
Perleberg	NA	     1
Pernaja	Finland	     5
Perstorp	NA	     3
Perth	Scotland	     5
Perugia	Italy	     2
Pescara	NA	     1
Petroskoi	NA	     1
Pforzheim	NA	     2
Pfullingen	NA	     1
Philadelphia Pa	USA	   181
Pieksämäki	Finland	     3
Pielisjärvi	NA	     1
Pietarsaari	Finland	    79
Pinerolo	NA	     1
Pisa	Italy	    12
Pisek	NA	     2
Pistoia	Finland	     1
Piteå	NA	    87
Pittsburgh Pa	USA	     2
Plauen	NA	     3
Pleasant Grove Ut	NA	     1
Plön	NA	     1
Plovdiv	NA	     2
Plymouth	England	     1
Plzeň	NA	     6
Poissy	NA	     2
Poitiers	NA	     6
Poltava	NA	     7
Pomerania	NA	     1
Pontarlier	NA	     1
Pontoise	NA	     4
Pori	Finland	    66
Porrentruy	NA	     1
Porsgrund	NA	     3
Port Shepstone	NA	     1
Portland Me	USA	     5
Portland Or	USA	     7
Porto	Portugal	     9
Porvoo	Finland	  1154
Poschiavo	NA	     1
Potsdam	Germany	    52
Poughkeepsie NY	USA	     2
Poznań	Poland	    49
Prague	Czech Republic	   338
Prenzlau	NA	     2
Pressburg	NA	     1
Pretoria	NA	     3
Prevalje	NA	     1
Prien	NA	     1
Princeton NJ	USA	    36
Prostějov	NA	     1
Providence RI	USA	     5
Przemyśl	NA	     2
Pskov	NA	     1
Pukavik	NA	     1
Pune	NA	     3
Purmerend	NA	     2
Pusan	NA	     1
Puyollup Wa	NA	     1
Pyrmont	NA	     2
Pyrzyce	NA	     1
Quebec	Canada	     4
Quedlinburg	Germany	     7
Querfurt	NA	     1
Quincy Ma	USA	     1
Quito	NA	     1
Raa-Besenbek	NA	    13
Raahe	Finland	     5
Råbäck	NA	     1
Raby	NA	     1
Råby Rönö	NA	     1
Rada	NA	     1
Radebeul	NA	     3
Rädigke	NA	     3
Ragunda	NA	     2
Raleigh	NA	     1
Ramdala	NA	     1
Ramfall	NA	     2
Ramkvilla	NA	     1
Rämmen	NA	     2
Ramnäs	NA	     2
Ramsele	NA	     2
Ramvik	NA	     2
Randers	NA	     3
Rangedala	NA	     2
Ränneslöv	NA	     1
Ransta	NA	     2
Rantasalmi	Finland	     1
Rätansbyn	NA	     1
Rathenow	NA	     4
Ratingen	NA	     3
Rättvik	NA	    13
Ratzeburg	NA	     7
Rauma	Finland	     9
Ravensburg	NA	     4
Red Wing MN	NA	     5
Refsund	NA	     2
Reftele	NA	     1
Regensburg	Germany	    10
Reggio nell’Emilia	NA	     1
Reichenbach	NA	     1
Reims	France	     2
Rendsburg	NA	     1
Rennes	France	     3
Replot	NA	     1
Reutlingen	NA	    13
Revel	NA	     2
Reykjavik	Iceland	   247
Rhodopoli	NA	     1
Riala	NA	     1
Ribe	NA	     3
Ribnitz	NA	     1
Richmond	England	     3
Richmond Va	USA	     2
Rieti	NA	     1
Riga	Latvia	   201
Riihimäki	NA	     5
Rijswijk	NA	     2
Rimbo	NA	     1
Rimforsa	NA	     1
Rimini	NA	     1
Ringamala	NA	     1
Ringerike	NA	     1
Rio de Janeiro	NA	    14
Risinge	NA	     1
Rixheim	NA	     1
Robertsfors	NA	     1
Rocca San Casciano	NA	     1
Rochdale	England	     1
Rochester	England	     3
Rock Island IL	USA	   543
Rockford IL	NA	     7
Rockneby	NA	     1
Rödbo	NA	     3
Rödelheim	NA	     2
Rodez	NA	     1
Roeselare	NA	     1
Röke	NA	     3
Rome	Italy	   221
Rönnäng	NA	     1
Rønne	NA	    14
Ronneburg	Germany	     1
Ronneby	NA	    30
Rönneshytta	NA	     1
Rönninge	NA	     3
Ronshausen	NA	     1
Rosehill	NA	     3
Rosersberg	NA	     1
Roskilde	NA	     2
Roslags näsby	NA	     4
Roßlau	NA	     1
Röstånga	NA	     1
Rostock	Germany	   139
Rothenburg ob der Tauber	NA	     2
Rotterdam	Netherlands	    19
Rouen	France	    17
Rovaniemi	Finland	     1
Rovigo	NA	     1
Rudkøbing	NA	     8
Rudolfstadt	NA	     5
Runemo	NA	     2
Runnvika	NA	     1
Ruovesi	NA	     1
Rüschlikon	NA	     5
Rusko	NA	     1
Rydaholm	NA	     1
Rydboholm	NA	     4
Rydsgard	NA	     1
Ryssby	NA	     3
Saalfeld	NA	     1
Saarbrücken	NA	     1
Saarlouis	NA	     1
Saarmund	NA	     3
Säbrå	NA	     1
Säffle	NA	    50
Saint Paul MN	NA	     1
Saint-Brieuc	NA	     1
Saint-Gaudens	NA	     1
Sala	NA	   264
Salamanca	Spain	     3
Salem	USA	     1
Salemsborg	NA	     1
Sälen	NA	     1
Salo	Finland	     5
Salstad	NA	     1
Salt Lake City Ut	NA	     5
Saltsjö-Duvnäs	NA	     3
Saltsjö-Järla	NA	     4
Saltsjöbaden	NA	    13
Salzburg	NA	     2
Salzkotten	NA	     1
Samedan	NA	     1
Samtens	NA	     1
San Diego CA	NA	     4
San Juan Puerto Rico	NA	     1
San Severino Marche	NA	     1
Sandared	NA	     2
Sandhammaren	NA	     1
Sandträsk	NA	     1
Sandviken	NA	    53
Santiago	NA	    11
Santos	NA	     1
Santpoort-Zuid	NA	     2
Sao Paulo	NA	    38
Sarajevo	NA	     1
Särestad	NA	     1
Särkisalmi	NA	     1
Särna	NA	     3
Sarpsborg	NA	     1
Säter	NA	    41
Sätila	NA	     1
Satserup	NA	     1
Saumur	NA	     1
Savannah Ga	USA	     2
Sävedalen	NA	     2
Saverne	NA	     1
Savona	NA	     1
Savonburg ks	NA	     1
Savonlinna	Finland	     7
Sävsjö	NA	    11
Saxkjobing	NA	     1
Scansano	NA	     1
Sceaux	NA	     2
Schaan	NA	     1
Schaffhausen	NA	     1
Scharbeutz	NA	     1
Scheinfeld	NA	     1
Schellenberg	NA	     2
Schiedam	NA	     2
Schleswig	Germany	     3
Schnepfenthal	NA	     1
Schoonhoven	NA	     1
Schwabach	NA	     2
Schwedt/Oder	NA	     1
Schweinitz	NA	     1
Schwerin	Germany	     8
Sclayn	NA	     1
Seattle WA	USA	    29
Sedini	NA	     2
Segersta	NA	     3
Seglora	NA	     2
Segovia	NA	     1
Selbu	NA	     1
Semarang	NA	     1
Senlis	NA	     1
Seskarö	NA	     1
Sevilla	NA	     3
Shanghai	NA	    22
Sibbhult	NA	     5
Sibiu	NA	     1
Sidcup	NA	     1
Sidensjö	NA	     8
Siegen	Germany	     1
Siena	Italy	     1
Sigtuna	NA	    30
Sikås	NA	     1
Siljansnäs	NA	     1
Silkeborg	NA	     2
Simonstorp	NA	     1
Simrishamn	NA	    47
Simtuna	NA	     1
Singapore	NA	     1
Sint-Truiden	NA	     1
Sioux city ia	NA	     5
Sipoo	Finland	     1
Sjöbo	NA	    22
Sjösa	NA	     1
Sjötofta	NA	     1
Sjövik	NA	     1
Sjuntorp	NA	     1
Skagersbrunn	NA	     1
Skälderhus	NA	     2
Skälderviken	NA	     6
Skanes fagerhult	NA	     4
Skånes Värsjö	NA	     1
Skänninge	NA	    27
Skanör	NA	     1
Skara	Sweden	  1093
Skattkärr	NA	     1
Skavböke	NA	     2
Skedevi	NA	     1
Skellefteå	NA	   137
Skelleftehamn	NA	     1
Skepsas	NA	     1
Skillingaryd	NA	    19
Skillingsfors	NA	     2
Skinnskatteberg	NA	     3
Skive	NA	     3
Skjelskor	NA	     1
Skjern	NA	    14
Skohalvön	NA	     2
Sköllersta	NA	    50
Skön	NA	     1
Skönsmon	NA	     1
Skönvik	NA	     7
Skottorp	NA	     1
Skövde	NA	   410
Skra	NA	     1
Skreanäs	NA	     1
Skromberga	NA	     1
Skultuna	NA	     3
Skurup	NA	    44
Skuttunge	NA	     1
Slagelse	NA	     3
Slaka	NA	     1
Slite	NA	     1
Smålands Burseryd	NA	     1
Smalands Taberg	NA	     1
Smalandsstenar	NA	     8
Smedby	NA	     2
Smedjebacken	NA	     9
Smögen	NA	     1
Smoky Hills Ks	NA	     6
Smolensk	Russia	     1
Sneek	NA	     2
Snogeröd	NA	     1
Söderåkra	NA	     1
Söderala	NA	     2
Söderbärke	NA	     1
Söderfors	NA	     4
Söderhamn	NA	   237
Söderköping	NA	    85
Södertäje	NA	    72
Södertälje	NA	   431
Södra Sunderbyn	NA	     1
Soerabaja	NA	     1
Soest	NA	     1
Sofia	NA	    67
Solberga	NA	     7
Sölje	NA	     1
Sollefteå	NA	   208
Sollentuna	NA	     6
Solna	NA	    28
Solothurn	NA	     2
Sölvesborg	NA	   147
Sønderborg	NA	     6
Sondershausen	NA	     1
Sontra	NA	     1
Sophia	NA	     1
Sorø	NA	     3
Sortavala	Russia	    27
Sorunda	NA	     5
Sörvik	NA	     5
Sösdala	NA	     1
South Bend IN	NA	     1
Spånga	NA	    18
Sparrsätra	NA	     2
Speyer	NA	     2
Spjutstorp	NA	     1
Spokane Wa	NA	     1
Spöland	NA	     2
Spoleto	NA	     1
Sprängsviken	NA	     1
Spring Lake	NA	     1
Springfield Ma	USA	     9
St Chrischona	NA	     3
St Gallen	NA	     5
St Helier	England	     1
St Petersburg	Russia	   446
Stade	Germany	    16
Staffanstorp	NA	     1
Stäket	NA	     1
Stamford	England	     2
Stanford	England	     3
Stanton Ia	NA	     1
Stara Rise	NA	     1
Stassfurt	NA	     1
Stavanger	NA	    22
Steenbrugge	NA	     1
Stehag	NA	     1
Stenberga	NA	     3
Stendal	NA	     2
Stenkyrka	NA	     1
Stensele	NA	     1
Stensjöholm	NA	     1
Stenungsund	NA	     1
Stetten	NA	     1
Stiens	NA	     1
Stirling	Scotland	     2
Stjärnhov	NA	     2
Stjärnsund	NA	     1
Stoby	NA	     1
Stöckeby	NA	     1
Stockel	NA	     1
Stockholm	Sweden	201938
Stocksund	NA	    15
Stöde	NA	     2
Stoke-on-Trent	England	     1
Stora Karlsö	NA	     1
Stora Klefva	NA	     2
Stora mellösa	NA	     1
Stora Skedv	NA	     2
Stora skedvi	NA	     1
Stora Slågarp	NA	    16
Stora Tofthög	NA	     1
Stora Torp	NA	     1
Storängen	NA	     1
Storebro	NA	     5
Storfors	NA	     1
Storuman	NA	     1
Storvik	NA	    16
Strägnäs	NA	     2
Stralsund	Germany	   147
Strand	NA	     1
Strängnäs	Sweden	  1401
Strångsjö	NA	     1
Strasbourg	France	    97
Strassfurt	NA	     1
Stratford-upon-Avon	England	     1
Stråtjära	NA	     2
Straubing	NA	     2
Strehlen	NA	     1
Striberg	NA	     1
Stromsburg Ne	NA	     1
Strömsholm	NA	     2
Strömstad	NA	    46
Strömsund	NA	    15
Strömtorp	NA	     2
Strövelstorp	NA	     2
Sturkö	NA	     1
Stuttgart	Germany	   581
Styrsö	NA	     1
Süderstapel	NA	     1
Suistamo	NA	     1
Sulvik	NA	     1
Sulzbach	NA	     1
Sumen	NA	     1
Sundbyberg	NA	    83
Sundsvall	Sweden	   764
Sunhultsbrunn	NA	     1
Sunne	NA	    45
Superior Wi	USA	     1
Surahammar	NA	    23
Surte	NA	     2
Svalöv	NA	    16
Svanesund	NA	     4
Svängsta	NA	     1
Svanö	NA	     1
Svanskog	NA	     1
Svappavaara	NA	     1
Svedala	NA	    62
Svenarum	NA	     2
Svenshögen	NA	     2
Svenstavik	NA	     2
Svinesund	NA	     1
Svištov	NA	     1
Swedeburg Ne	NA	     1
Swedesburg	NA	     3
Swedona IL	NA	     1
Sydney	Australia	     4
Syninge	NA	     3
Syracuse NY	NA	     4
Szczecin	Poland	    53
Szekszárd	NA	     1
Taastrup	NA	     1
Täby	NA	     4
Tacoma Wa	NA	     4
Tällberg	NA	     7
Tallbo	NA	     1
Tallinn	Estonia	   134
Tammisaari	Finland	   146
Tampere	Finland	   117
Tandsbyn	NA	    27
Tanger	NA	     1
Tannefors	NA	     1
Tanum	NA	     1
Tärnaby	NA	     5
Tärnsjö	NA	     4
Tartu	Estonia	   230
Tåsjö	NA	     1
Tävelsås	NA	     1
Taxinge	NA	     1
Teckomatorp	NA	     2
Tegelsmora	NA	     2
Tegnaby	NA	     1
Tegneby	NA	     1
Tegnefors	NA	     1
Teheran	NA	     7
Tel Aviv	NA	     7
Tempe az	NA	     1
Tenhult	NA	     5
Teplice	NA	     1
Terijoki	Finland	     1
Terni	Finland	     1
Tharangampadi	India	     2
The Hague	Netherlands	   216
Thisted	NA	     1
Thun	NA	     2
Thurso	NA	     1
Tibro	NA	     8
Tidaholm	NA	    50
Tiel	NA	     1
Tierp	NA	   118
Tiflis	NA	     2
Tilburg	NA	     1
Tilsit	NA	     1
Timrå	NA	     4
Tingsryd	NA	    14
Tingstad	NA	     1
Tivoli	Italy	     1
Tjörn	NA	     3
Tjörnarp	NA	     1
Tobolsk	NA	     1
Töcksfors	NA	     1
Tofta	NA	     2
Tofteryd	NA	     2
Toftlund	NA	     1
Tokyo	NA	    79
Toledo oh	NA	     1
Tolg	NA	     1
Tollarp	NA	     1
Töllsjö	NA	     1
Tomelilla	NA	    26
Tomteboda	NA	    54
Tonbridge	NA	     2
Tønder	NA	     4
Tönning	NA	     1
Topeka	NA	     4
Töreboda	NA	    13
Torekov	NA	     4
Torestorp	NA	     1
Torgau	NA	     1
Torino	Italy	    36
Torne	NA	     5
Tornio	Finland	     3
Toronto	Canada	     9
Torp	NA	    10
Torpshammar	NA	     1
Torrlösa	NA	     1
Torsaker	NA	     3
Torsås	NA	     3
Torsby	NA	    19
Torshälla	NA	    14
Torshavn	NA	    12
Torskors	NA	     1
Tortuna	NA	     7
Toruń	NA	    12
Tossene	NA	     2
Tostarp	NA	     1
Toulouse	France	     6
Tourcoing	NA	     1
Tournay	NA	     1
Tours	NA	     9
Tranås	NA	   144
Traneberg	NA	     3
Trani	NA	     2
Transvaal	NA	     1
Träslöv	NA	     1
Třebechovice pod Orebem	NA	    10
Treignac	NA	     1
Trelleborg	NA	   274
Treuenbrietzen	NA	     3
Treviso	NA	     1
Tribsees	NA	     1
Trichinopoly	NA	     4
Trier	NA	     1
Trieste	Italy	     2
Trivandrum	NA	     1
Trollbäcken	NA	     3
Trollhättan	NA	   166
Tromsö	Norway	     4
Trondheim	Norway	    30
Trönödal	NA	     2
Troppau	NA	     1
Trosa	NA	    75
Troy NY	USA	     1
Troyes	NA	     3
Tšuhujiv	NA	     1
Tübingen	Germany	    54
Tucson	NA	     3
Tucuman	NA	     2
Tumba	NA	     9
Tuna	NA	     6
Tunis	NA	     2
Tureberg	NA	     3
Turiguano	NA	     1
Turin	NA	     6
Turku	Finland	  2877
Turlock Ca	NA	     1
Turnhout	NA	     1
Turnov	NA	     2
Turrialba	NA	     1
Tustin Mi	NA	     1
Tvaaker	NA	     1
Tvedestrand	NA	     1
Tyringe	NA	     3
Tystberga	NA	     2
Überlingen	NA	     2
Uddebo	NA	     3
Uddeholm	NA	    11
Uddevalla	NA	   791
Udine	NA	     1
Ujpest	NA	     1
Ulm	Germany	     9
Ulricehamn	NA	   153
Ulrikedal	NA	     1
Ulriksdal	NA	     5
Ulverston	England	     1
Ulvesund	NA	     1
Ulvila	NA	     1
Ulvstorp	NA	     1
Umeå	NA	   570
Undenäs	NA	     2
Unnaryd	NA	     2
Uppåkra	NA	     1
Uppsala	Sweden	 21085
Urbana	NA	    54
Urshult	NA	     3
USA	USA	     4
Utrecht	Netherlands	   106
Uttran	NA	     3
Uusikaarlepyy	Finland	    20
Uusikaupunki	Finland	    11
Uvira	NA	     1
Vaasa	Finland	   527
Väckelsång	NA	     1
Vadensjö	NA	     2
Vadstena	NA	   186
Vågbro	NA	     1
Vaggeryd	NA	     5
Valbo	NA	     2
Valdemarsvik	NA	    15
Valencia	Spain	     6
Vălenii de Munte	NA	     1
Valka	NA	     1
Valladolid	NA	     4
Vallentuna	NA	     1
Valley springs	NA	     1
Vällingby	NA	     4
Vallkärra	NA	     3
Vallsta	NA	     5
Valparaiso	NA	     2
Valskog	NA	     1
Våmhus	NA	     2
Vamlingbo	NA	     1
Vammala	Finland	    48
Vancouver	NA	     1
Vänersborg	NA	   490
Vänersnäs	NA	     1
Vänga	NA	     2
Vängdala	NA	     1
Vankiva	NA	     1
Vännäs	NA	     4
Vansbro	NA	    16
Varberg	NA	   175
Varekil	NA	     3
Vårgårda	NA	     2
Vargön	NA	     1
Väring	NA	     1
Varkaus	NA	     4
Värmdö	NA	     2
Värmskog	NA	     1
Värnamo	NA	   102
Varnhem	NA	     2
Väröbacka	NA	     1
Varola	NA	     1
Ṿarshe	NA	     1
Vartofta	NA	     1
Väsby	NA	     1
Väse	NA	     3
Vassor	NA	     1
Västanå	NA	     1
Västanfors	NA	     3
Västerås	Sweden	  2099
Västerfärnebo	NA	     2
Västerhaninge	NA	     1
Västerlanda	NA	     2
Västervik	NA	   387
Västgärde	NA	     2
Västland	NA	     1
Västra Ämtervik	NA	     1
Västra Ryd	NA	     1
Vätternäs	NA	     2
Vaxholm	NA	    13
Växjö	NA	  1156
Veda	NA	     1
Veddige	NA	     1
Vedevag	NA	     1
Vedum	NA	     4
Veinge	NA	     1
Vejle	NA	     5
Velké Meziříčí	NA	     1
Vellinge	NA	     1
Ven	NA	     1
Vendel	NA	     4
Vendelsö	NA	     1
Venegono Inferiore	NA	     1
Venice	Italy	    47
Verkebäck	NA	     1
Verona	Italy	    10
Versailles	France	     5
Verviers	NA	     1
Vesoul	NA	     1
Vessigebro	NA	     1
Vestervik	NA	    39
Vetanda	NA	     1
Vetlanda	NA	   299
Vevey	Switzerland	     1
Victoria British Columbia	NA	     1
Videyar Klaustri	NA	     3
Vienna	Austria	   384
Vifstavarf	NA	     1
Viggbyholm	NA	    12
Vikingstad	NA	     1
Viksjöfors	NA	     5
Vilhelmina	NA	     5
Villefranche	NA	     3
Vilnius	Lithuania	    21
Vilshult	NA	     1
Vimmerby	NA	    81
Vinberg	NA	     1
Vingåker	NA	     8
Vinslöv	NA	    13
Virestad	NA	     1
Virkby	NA	     1
Virserum	NA	     3
Visby	NA	   717
Visingsborg	Sweden	    68
Visingsö	NA	    10
Viskafors	NA	     4
Vislanda	NA	     3
Vitsand	NA	     1
Vittinge	NA	     1
Vittsjö	NA	     3
Vivstavarv	NA	     1
Vollsjö	NA	     1
Voorburg	NA	     5
Voorhout	NA	     2
Voronež	NA	     1
Voxna	NA	     1
Vraka	NA	     1
Vrena	NA	     3
Vretstorp	NA	     3
Vrigstad	NA	     1
Vrsovice	NA	     1
Vyborg	Russia	   125
Wageningen	NA	     8
Wahoo Ne	NA	     1
Wakefield Ne	NA	     1
Wallingford PA	NA	     1
Warberg	NA	    25
Warnsdorf	NA	     1
Warrington	England	     1
Warsaw	Poland	   153
Washington DC	USA	   171
Wataga IL	NA	     1
Waterbury ct	NA	     2
Watford	England	     1
Waverly Ia	NA	     1
Wedel	NA	     2
Weehawken NJ	NA	     1
Weibullsholm	NA	     1
Weilburg	NA	     1
Weimar	Germany	    39
Weingarten	NA	     1
Weissenburg	NA	     1
Weißenfels	NA	     3
Wellington New Zeland	NA	     1
Weltevreden	NA	    10
Wenona Il	NA	     2
Werl	NA	     1
Wernigerode	NA	     3
Wetteren	NA	     1
Wheaton Mn	NA	     1
White Plains NY	NA	     2
Wiebelsheim	NA	     1
Wiesbaden	Germany	    70
Willmar Mn	NA	     4
Wilmington De	USA	     9
Winnipeg	NA	    20
Winterthur	Switzerland	     4
Wis	NA	     5
Wismar	Germany	    16
Witten	NA	     7
Wittenberg	Germany	    26
Wloclawek	NA	     1
Wolfenbüttel	NA	     2
Woodhull Il	NA	     1
Woodstock	NA	     2
Worcester	England	     1
Worcester Ma	USA	    35
Workum	NA	     1
Wrocław	NA	    10
Wuppertal	NA	     9
Württemberg	NA	     1
Wurzburg	Germany	    23
Wurzen	NA	    10
Yonkers NY	NA	     1
York	England	     6
York Pa	USA	     1
Ysane	NA	     1
Ystad	NA	   366
Ytteran	NA	     1
Yverdon-les-Bains	Switzerland	     1
Zaandam	NA	     1
Zagreb	NA	    49
Zamosc	NA	     2
Zaragoza	NA	     1
Żary	Poland	     4
Zeist	NA	    10
Zeitz	NA	     2
Zerbst	NA	    13
Zeulenroda	NA	     1
Zielenzig	NA	     1
Zihlbrücke	NA	     1
Zilina	NA	     2
Zinkgruvan	NA	     4
Znaim	NA	     1
Zoutleeuw	NA	     1
Zug	NA	     1
Zürich	Germany	   203
Zutphen	Netherlands	    14
Zweibrücken	Germany	     2
Zwickau	NA	     2
Zwittau	NA	     1
Zwolle	NA	     3
NA	NA	 16617
