"","catalog","author","title","town","from","till","publisher"
"1","fennica","Chydenius, Anders","Pyhän Ramatun doctorin",NA,1786,1786,"S.n"
"2","fennica","Chydenius, Anders","Pyhän Ramatun doctorin",NA,1786,1786,"Londicer, Georg Wilhelm"
"3","fennica","Chydenius, Anders","Tal, hållit på afrättsplasen [sic] i Kronoby",NA,1786,1786,"Londicer, Georg Wilhelm"
"4","kungliga","Chydenius, Anders","Tal, hållit på afrättsplasen [!] i  ... ggos och steglades den 12 april 1786","å nyo uplagt gefle ernst peter sundqvist",1786,1786,""
"5","fennica","Maupertuis, Pierre Louis Moreau De","La figure de la terre, de´termine´e ... cercle polaire. Par M. de Maupertuis","Paris",1738,1738,"Imprimerie royale"
"6","fennica","Maupertuis, Pierre Louis Moreau De","La figure de la terre, determine´e  ... cercle polaire. Par M. de Maupertuis","Amsterdam",1738,1738,"Catuffe, Jean"
"7","fennica","Maupertuis, Pierre Louis Moreau De","Jordens figur, upfunnen af herrar d ... e Maupertuis. Öfversat af fransyskan","Suomussalmi",1738,1738,"Horrn, Johan Laurentius I"
"8","fennica","Maupertuis, Pierre Louis Moreau De","La figure de la terre, determine´e  ... s par ordre du roy au cercle polaire","Paris",1738,1738,"Chez de Bure l'ai^ne´ libraire, Quai des Augustins"
"9","fennica","Maupertuis, Pierre Louis Moreau De","La figure de la terre, determine´e  ... s par ordre du roi au cercle polaire","Amsterdam",1738,1738,"de l'Imprimerie royale"
"10","fennica","Maupertuis, Pierre Louis Moreau De","The figure of the earth, determined ... ius, professor of astronomy at Upsal","Montpellier",1738,1738,"chez Jean Catuffe"
"11","fennica","Maupertuis, Pierre Louis Moreau De","Jordens figur, upfunnen af herrar d ... a pol-cirkelen, giorda observationer","Suomussalmi",1738,1738,"T. Cox"
"12","fennica","Maupertuis, Pierre Louis Moreau De","The figure of the earth, determined ... ius, professor of astronomy at Upsal","Montpellier",1738,1738,"Anders J. Nordström"
"13","kungliga","Maupertuis, Pierre Louis Moreau De","Jordens figur, upfunnen af herrar d ...  Celsius, kongl. astron. professor i","Stockholm falun uppsala",1738,1738,""
"14","kungliga","Maupertuis, Pierre Louis Moreau De","Anecdotes physiques et morales",NA,1738,1738,""
"15","kungliga","Maupertuis, Pierre Louis Moreau De","The figure of the earth, determined ...  from the French of M. de Maupertuis","Leiden",1738,1738,""
"16","kungliga","Maupertuis, Pierre Louis Moreau De","La figure de la terre","Pforzheim verlag von dennig finck co",1738,1738,"Nycander"
"17","fennica","Salminen, Väinö","Länsi-Inkerin häärunot","Hull",1917,1917,"Karisto"
"18","fennica","Salminen, Väinö","Länsi-Inkerin häärunot","Hull",1917,1917,"Tekijä"
"19","kungliga","Salminen, Väinö","Länsi-Inkerin häärunot","Hestra",1917,1917,"Bro"
"20","fennica","Heikinheimo, Olli","Kaskiviljelyksen vaikutus Suomen metsiin","Hull",1915,1915,"Tekijä"
"21","fennica","Heikinheimo, Olli","Kaskiviljelyksen vaikutus Suomen metsiin","Hull",1915,1915,""
"22","fennica","Heikinheimo, Olli","Einige Beobachtungen u¨ber die Aufa ... itung und Verwahrung des Brennholzes","Helsinki",1915,1915,"C.J. Wikberg"
"23","fennica","Heikinheimo, Olli","Kaskiviljelyksen vaikutus Suomen metsiin","Hinnerjoki",1915,1915,"s.n"
"24","kungliga","Heikinheimo, Olli","Kasiviljelyksen vaikutus Suomen metsiin","Hestra",1915,1915,""
"25","fennica","Soininen, Mikael","Kansakoulun jatko-opetuksen uudistus","Hull",1911,1911,"Otava"
"26","fennica","Soininen, Mikael","Lyhyt kasvatus- ja opetusoppi","Hull",1911,1911,"Otava"
"27","fennica","Soininen, Mikael",NA,"Hull",1911,1911,"Otava"
"28","fennica","Soininen, Mikael","Historian oppikirja","Hull",1911,1911,"Otava"
"29","fennica","Soininen, Mikael","Historian oppikirja","Hull",1911,1911,"Beijer"
"30","fennica","Soininen, Mikael","Allmän pedagogik","Helsinki",1911,1911,""
"31","kungliga","Soininen, Mikael","Allmän pedagogik","Helsingsissä",1911,1911,"Götatr"
"32","fennica","Harmaja, Leo","Gööteporin järjestelmä Suomessa","Hull",1907,1907,"s.n"
"33","fennica","Harmaja, Leo","Gööteporin järjestelmä Suomessa","Hull",1907,1907,""
"34","kungliga","Harmaja, Leo","Gööteporin järjestelmä Suomessa","Hernösand öhrling",1907,1907,""
"35","fennica","Ingersoll, Robert","Luentoja","Hamburg",1907,1907,"Omalla kustannuksella"
"36","fennica","Ingersoll, Robert","Ajatuksen vapaus miehille, naisille ja lapsille","Stockholm",1907,1907,""
"37","fennica","Ingersoll, Robert","Ingersollin vastauksia papeille","Hamburg",1907,1907,"Väinämöisen kirjakauppa"
"38","fennica","Ingersoll, Robert","Luentoja","Hamburg",1907,1907,"Väinämöisen kirjakauppa"
"39","fennica","Ingersoll, Robert","Miten ihmiskunta on parannettava","Helsingborg",1907,1907,"Suomalaisen puolueen kanslia"
"40","fennica","Ingersoll, Robert","Mitä meidän pitää tekemän tullaksemme pelastetuiksi?","Hamburg",1907,1907,"Väinämöisen kirjakauppa"
"41","fennica","Ingersoll, Robert","Mitä on uskonto?","Stockholm",1907,1907,""
"42","fennica","Ingersoll, Robert","Mooseksen erehdyksiä","Hamburg",1907,1907,"Christian Evangeliska Barck"
"43","fennica","Ingersoll, Robert","Oikeoppinen kirkko","Chicago IL",1907,1907,"Huvudstadsblad'in kirjapaino"
"44","fennica","Ingersoll, Robert","Oikeaoppisuus","Hamburg",1907,1907,"Väinämöisen kirjakauppa"
"45","fennica","Ingersoll, Robert","Perkele","Hamburg",1907,1907,"Nuori Suomi"
"46","fennica","Ingersoll, Robert","Perkele","Stockholm",1907,1907,""
"47","fennica","Ingersoll, Robert","Persoonallisen Jumalan kielto","Hamburg",1907,1907,"Väinämöisen kirjakauppa"
"48","fennica","Ingersoll, Robert","Pääkallot","Hamburg",1907,1907,"Väinämöisen kirjakauppa"
"49","fennica","Ingersoll, Robert","Tulevaisuus","Hamburg",1907,1907,"Väinämöisen kirjakauppa"
"50","fennica","Ingersoll, Robert","Vastakohtia Raamatussa","Hamburg",1907,1907,"Omalla kustannuksella"
"51","kungliga","Ingersoll, Robert","Fria tankar","Stockholm falun uppsala",1907,1907,"Fahlcrantz"
"52","fennica","Johansson, A W","Studier över Ålands klimat med särskild hänsyn till temperaturen","Helsinki",1917,1917,"Hagelberg"
"53","fennica","Johansson, A W","Studier över Ålands klimat med särskild hänsyn till temperaturen","Helsinki",1917,1917,"SONR"
"54","kungliga","Johansson, A W","Studier över Ålands klimat med särskild hänsyn till temperaturen","Helsingsissä",1917,1917,""
"55","fennica","Enckell, Karl","Pääoma ja työ suomalaisessa maataloudessa","Hull",1908,1908,"s.n"
"56","fennica","Enckell, Karl","Om arbetsintensiteten å Mustiala eg ... ms åker-cirkulationer åren 1899-1906","Helsinki",1908,1908,""
"57","fennica","Enckell, Karl","Om arbetsintensiteten å Mustiala eg ... ms åker-cirkulationer åren 1899-1906","Helsinki",1908,1908,"Otto Wigand"
"58","kungliga","Enckell, Karl","Om arbetsintensiteten å Mustiala eg ... ms åker-cirkulationer åren 1899-1906","Helsingsissä",1908,1908,"Blacqvood & Sons"
"59","fennica","Topelius, Zacharias","Børnenes Bog","Königsberg",1907,1907,"Suomen månviljelystaloudellinen koelaitos"
"60","fennica","Topelius, Zacharias","Feltlægens Historier","Königsberg",1907,1907,"Suomen månviljelystaloudellinen koelaitos"
"61","fennica","Topelius, Zacharias","Läsebok för de lägsta läroverken i Finland","Helsinki",1907,1907,"Holm"
"62","fennica","Topelius, Zacharias","Läsebok för de lägsta läroverken i Finland","Helsinki",1907,1907,""
"63","fennica","Topelius, Zacharias","Sagor och berättelser i urval","Helsinki",1907,1907,""
"64","fennica","Topelius, Zacharias","Samlade skrifter","Helsinki",1907,1907,""
"65","fennica","Topelius, Zacharias","Sögur Herlaeknisins","Pietarsaari",1907,1907,"Sortavalan evank. seura"
"66","fennica","Topelius, Zacharias","Lukemisia lapsille","Stockholm",1907,1907,""
"67","fennica","Topelius, Zacharias","Pikku satukirja","Stockholm",1907,1907,""
"68","fennica","Topelius, Zacharias","Satuja ja runoja","Stockholm",1907,1907,""
"69","kungliga","Topelius, Zacharias","Razskazy fe'ldšera","Seattle WA",1907,1907,""
"70","kungliga","Topelius, Zacharias","Sögur herlæknisins","Ronneby tr malmö",1907,1907,""
"71","fennica","D'annunzio, Gabriele","Elden","Helsinki",1901,1901,"s.n"
"72","fennica","D'annunzio, Gabriele","Elden","Helsinki",1901,1901,""
"73","kungliga","D'annunzio, Gabriele","Elden","Stockholm falun uppsala",1901,1901,"Norstedt"
"74","fennica","Oker-blom, Max","Lääkärintoimi ja sen etiikka","Hull",1911,1911,"Otava"
"75","fennica","Oker-blom, Max","Terveys ja raittius","Hull",1911,1911,"Otava"
"76","fennica","Oker-blom, Max","Tuberkuloosi","Hull",1911,1911,"Otava"
"77","fennica","Oker-blom, Max","Anleitung zur sexuellen Aufklärung und Erziehung",NA,1911,1911,"Finska Bryggeriförening"
"78","fennica","Oker-blom, Max","Hälsolärans grunddrag","Helsinki",1911,1911,""
"79","fennica","Oker-blom, Max","Läkareyrket och dess etik","Helsinki",1911,1911,""
"80","fennica","Oker-blom, Max","Tuberkulosen","Helsinki",1911,1911,"Finska Missionssällskap"
"81","fennica","Oker-blom, Max","Tuberkulosen","Helsinki",1911,1911,"Veckans Krönikas redaktion"
"82","kungliga","Oker-blom, Max","Hälsolärans grunddrag, för hemmets och skolans behov framställda","Helsingsissä",1911,1911,""
"83","kungliga","Oker-blom, Max","Läkareyrket och dess etik","Helsingsissä",1911,1911,""
"84","kungliga","Oker-blom, Max","Tuberkulosen","Helsingsissä",1911,1911,""
"85","fennica","Shakespeare, William","Draamoja","Hull",1916,1916,"Karisto"
"86","fennica","Shakespeare, William","Draamoja","Hull",1916,1916,"J. Gummerus"
"87","kungliga","Shakespeare, William","The merchant of Venice","Stockholm falun uppsala",1916,1916,"kungliga"
"88","fennica","Nyström, Maria","Dramatiska stycken","Leipzig",1903,1903,"Kustannusliike Aura"
"89","fennica","Nyström, Maria","Dramatiska stycken","Leipzig",1903,1903,""
"90","kungliga","Nyström, Maria","Dramatiska stycken","Københaven",1903,1903,""
"91","fennica","Topelius, Zacharias","Sägner i dimman","Helsinki",1902,1902,"sällskap för Finlands geografi"
"92","fennica","Topelius, Zacharias","Läsning för barn","Helsinki",1902,1902,"Suomalaisen puolueen kanslia"
"93","fennica","Topelius, Zacharias","Noveller","Helsinki",1902,1902,""
"94","fennica","Topelius, Zacharias","Sägner i dimman","Helsinki",1902,1902,""
"95","fennica","Topelius, Zacharias","Lehtisiä mietekirjastani","Stockholm",1902,1902,""
"96","fennica","Topelius, Zacharias","Satuja","Hull",1902,1902,""
"97","fennica","Topelius, Zacharias","Valikoima Topeliuksen satuja Suomen lapsille","Leipzig",1902,1902,""
"98","kungliga","Topelius, Zacharias","Raska gossar","ölme",1902,1902,""
"99","kungliga","Topelius, Zacharias","Topelii sagor","Helsingsissä",1902,1902,""
"100","kungliga","Topelius, Zacharias","Translations from the Swedish of Za ... charias Topelius, and a brief scetch","Oslo",1902,1902,""
"101","fennica","Wilde, Oscar","Lord Arthur Savile's brott","Helsinki",1905,1905,"sällskap för Finlands geografi"
"102","fennica","Wilde, Oscar","Lord Arthur Savile's brott","Helsinki",1905,1905,"K.E. Holm"
"103","kungliga","Wilde, Oscar","De profundis","Stockholm falun uppsala",1905,1905,""
"104","kungliga","Wilde, Oscar","Lord Arthur Saviles brott","Helsingsissä",1905,1905,""
"105","kungliga","Wilde, Oscar","Dorian Grays porträtt","Stockholm falun uppsala",1905,1905,"Norstedt"
"106","fennica","Boldt, Georg","Protestantismens ide´ och Immanuel Kant","Helsinki",1900,1900,"Yrjö Weilin"
"107","fennica","Boldt, Georg","Protestantismens ide´ och Immanuel Kant","Helsinki",1900,1900,"Uusi kp"
"108","kungliga","Boldt, Georg","Protestantismens idé och Immanuel Kant","Helsingsissä",1900,1900,""
"109","fennica","Ramsay, Wilhelm","Till frågan om det senglaciala hafvets utbredning i södra Finland","Helsinki",1896,1896,"Hagelberg"
"110","fennica","Ramsay, Wilhelm","Till frågan om det senglaciala hafvets utbredning i södra Finland","Helsinki",1896,1896,""
"111","fennica","Ramsay, Wilhelm","Finlands geologiska utveckling från istiderna intill våra dagar","Helsinki",1896,1896,"Finska Missionssällskap"
"112","kungliga","Ramsay, Wilhelm","Finlands geologiska utveckling från istiderna intill våra dagar","Helsingsissä",1896,1896,""
"113","kungliga","Ramsay, Wilhelm","Till frågan om det senglaciala hafv ... bredning i södra Finland ... Resumé.","Helsingsissä",1896,1896,""
"114","fennica","Helenius-seppälä, Matti","Alkoholförbudet i Ryssland och Finland","Suomussalmi",1915,1915,"Työnjuhlatoimikunta"
"115","fennica","Helenius-seppälä, Matti","Alkoholförbudet i Ryssland och Finland","Suomussalmi",1915,1915,"Elämä osuuskunta"
"116","fennica","Helenius-seppälä, Matti","Alkohollära","Helsinki",1915,1915,"Hagelstam"
"117","kungliga","Helenius-seppälä, Matti","Alkoholförbudet i Ryssland och Finland","Stockholm falun uppsala",1915,1915,"Nya"
"118","fennica","Karlsson, Gustaf Calixtus","Några synpunkter att beakta vid ord ... t af kyrkans undervisande verksamhet","New York NY",1900,1900,"s.n"
"119","fennica","Karlsson, Gustaf Calixtus","Några synpunkter att beakta vid ord ... t af kyrkans undervisande verksamhet","New York NY",1900,1900,"Yrjö Weilin"
"120","kungliga","Karlsson, Gustaf Calixtus","Några synpunkter att beakta vid ord ... t af kyrkans undervisande verksamhet","Mexiko",1900,1900,""
"121","fennica","Runeberg, Johan Ludvig","Elgskyttarne","Helsinki",1900,1900,""
"122","fennica","Runeberg, Johan Ludvig","Älgskyttarne","Suomussalmi",1900,1900,"Suomalainen Tiedeakatemia"
"123","fennica","Runeberg, Johan Ludvig","Fänrik Ståls sägner","Suomussalmi",1900,1900,"Suomalainen Tiedeakatemia"
"124","fennica","Runeberg, Johan Ludvig","Fänrik Ståls sägner","Suomussalmi",1900,1900,"Finska Kyrkohistoriska Samfundet"
"125","fennica","Runeberg, Johan Ludvig","Julqvällen","Suomussalmi",1900,1900,"Finska Kyrkohistoriska Samfundet"
"126","fennica","Runeberg, Johan Ludvig","Samlade arbeten","Helsinki",1900,1900,""
"127","fennica","Runeberg, Johan Ludvig","Fänrik Ståls sägner","Suomussalmi",1900,1900,"s.n"
"128","fennica","Runeberg, Johan Ludvig","Fänrik Ståls sägner","Helsinki",1900,1900,"Kloström"
"129","kungliga","Runeberg, Johan Ludvig","Älgskyttarne","Stockholm falun uppsala",1900,1900,"förening"
"130","kungliga","Runeberg, Johan Ludvig","Elgskyttarne","Helsingsissä",1900,1900,"Thule"
"131","kungliga","Runeberg, Johan Ludvig","Johan Ludvig Runebergs samlade arbeten","Helsingsissä",1900,1900,"Thule"
"132","kungliga","Runeberg, Johan Ludvig","Fänrik Ståls sägner","Helsinki turku",1900,1900,"Lindqvist"
"133","kungliga","Runeberg, Johan Ludvig","Fähnrich Stahls Erzählungen","Hamburg",1900,1900,"Schmidt"
"134","fennica","Boldt, Alexander","Register till Svenska Literatursäll ... örhandlingar och uppsatser tom. 6-10","Helsinki",1898,1898,"Viipurin Työväen sanomalehti-osuuskunta"
"135","fennica","Boldt, Alexander","Register till Svenska Literatursäll ... örhandlingar och uppsatser tom. 6-10","Helsinki",1898,1898,"Oulun kirjapaino-osakeyhtiö"
"136","kungliga","Boldt, Alexander","Ett kapitel ur Herbert Spencers uppfostringslära","Holmiæ anni mdccxx",1898,1898,""
"137","fennica","Heikel, Ivar A","Lagar, skatter och herrar","Helsinki",1899,1899,"Huvudstadsblad'in kirjapaino"
"138","fennica","Heikel, Ivar A","Om jorddelningen i Ryssland","Helsinki",1899,1899,"A.B. Ljus"
"139","fennica","Heikel, Ivar A","Lagar, skatter och herrar","Helsinki",1899,1899,"A.B. Ljus"
"140","fennica","Heikel, Ivar A","Lait, verot ja herrat","Hull",1899,1899,"Viborgs stad"
"141","fennica","Heikel, Ivar A","Maanjaosta Venäjällä","Hull",1899,1899,"Viborgs stad"
"142","fennica","Heikel, Ivar A","Talonpoikaismaat Venäjällä","Hull",1899,1899,"Valistus"
"143","kungliga","Heikel, Ivar A","Om jorddelningen i Ryssland af I.A.H. (Efter Päivälehti.","Holmiæ anni mdccxx",1899,1899,""
"144","kungliga","Heikel, Ivar A","Om jorddelningen i Ryssland","Helsingsissä",1899,1899,""
"145","kungliga","Heikel, Ivar A","Lagar, skatter och herrar","Helsingsissä",1899,1899,""
"146","fennica","Topelius, Zacharias","Gamla baron på Rautakylä","Helsinki",1897,1897,"sällskap för Finlands geografi"
"147","fennica","Topelius, Zacharias","Gamla baron på Rautakylä","Helsinki",1897,1897,""
"148","fennica","Topelius, Zacharias","Ljungars Saga","Lappeenranta",1897,1897,"C. Bertelsmann"
"149","fennica","Topelius, Zacharias","Läsebok för de lägsta läroverken i Finland","Helsinki",1897,1897,""
"150","fennica","Topelius, Zacharias","Vinterqvällar","Helsinki",1897,1897,""
"151","fennica","Topelius, Zacharias","Lukemisia lapsille","Stockholm",1897,1897,""
"152","fennica","Topelius, Zacharias","Luonnonkirja ala-alkeiskoulun tarpeeksi","Hull",1897,1897,"Karisto"
"153","fennica","Topelius, Zacharias","Rautakylän vanha parooni","Hull",1897,1897,"Suomalaisen Kirjallisuuden Seura"
"154","fennica","Topelius, Zacharias","Välskärin kertomuksia","Stockholm",1897,1897,""
"155","kungliga","Topelius, Zacharias","Gamla baron på Rautakylä","Helsingsissä",1897,1897,"Beijer"
"156","kungliga","Topelius, Zacharias","Vinterqvällar","Stockholm falun uppsala",1897,1897,"Norstedt"
"157","kungliga","Topelius, Zacharias","Välskärin kertomuksia","Princeton newyork",1897,1897,"Karisto"
"158","kungliga","Topelius, Zacharias","Ljungars saga","Kville",1897,1897,""
"159","fennica","Topelius, Zacharias","Ljungars saga","Helsinki",1896,1896,"sällskap för Finlands geografi"
"160","fennica","Topelius, Zacharias","Fairy Tales from Finland","Montpellier",1896,1896,"A. Cedervaller"
"161","fennica","Topelius, Zacharias","Ljungars saga","Helsinki",1896,1896,""
"162","fennica","Topelius, Zacharias","Vinterqvällar","Helsinki",1896,1896,""
"163","fennica","Topelius, Zacharias","Läsning för barn","Suomussalmi",1896,1896,"Finska Vetenskapssocieteten"
"164","fennica","Topelius, Zacharias","Läsning för barn","Helsinki",1896,1896,""
"165","fennica","Topelius, Zacharias","Lukukirja alimmaisille oppilaitoksille Suomessa","Hull",1896,1896,"Suomalaisen Kirjallisuuden Seura"
"166","fennica","Topelius, Zacharias","Välskärin kertomuksia","Stockholm",1896,1896,""
"167","kungliga","Topelius, Zacharias","Vinterqvällar","Stockholm falun uppsala",1896,1896,"Norstedt"
"168","kungliga","Topelius, Zacharias","Välskärin kertomuksia","Princeton newyork",1896,1896,"Karisto"
"169","kungliga","Topelius, Zacharias","Läsning för barn","Stockholm falun uppsala",1896,1896,"Norstedt"
"170","fennica","Topelius, Zacharias","Sögur Herlaeknisins","Pietarsaari",1905,1905,"Sortavalan evank. seura"
"171","fennica","Topelius, Zacharias","Evangelium för barnen","Helsinki",1905,1905,""
"172","fennica","Topelius, Zacharias","Sånger","Helsinki",1905,1905,""
"173","fennica","Topelius, Zacharias","Blad ur min tänkebok","Helsinki",1905,1905,""
"174","fennica","Topelius, Zacharias","Joulunviettoa kahleissa","Stockholm",1905,1905,""
"175","fennica","Topelius, Zacharias","Maamme kirja","Hull",1905,1905,""
"176","fennica","Topelius, Zacharias","Maamme kirja","Hull",1905,1905,"Duncker & Humblot"
"177","fennica","Topelius, Zacharias","Pieniä kirjoitelmia","Stockholm",1905,1905,""
"178","fennica","Topelius, Zacharias","Lukemisia lapsille","Stockholm",1905,1905,""
"179","kungliga","Topelius, Zacharias","Evangelium för barnen","Stockholm falun uppsala",1905,1905,"Norstedt"
"180","kungliga","Topelius, Zacharias","Dornröschen","Leobe",1905,1905,""
"181","kungliga","Topelius, Zacharias","Sögur herlæknisins","Stockholm",1905,1905,""
"182","fennica","Aho, Juhani","Enris och andra gamla och nya spånor från åren 1891 och 1899","Helsinki",1899,1899,""
"183","fennica","Aho, Juhani","Gutsbesitzer Hellmann und andere Novellen",NA,1899,1899,"Suomen Postisäästöpankinhallitus"
"184","fennica","Aho, Juhani","Bogen om Finland","Loimaa",1899,1899,"Suomen teollisuudenharjoittajat"
"185","fennica","Aho, Juhani","Ellis Jugend",NA,1899,1899,"Internat. Traktat- & missionsförening"
"186","fennica","Aho, Juhani","Panu","Leiden",1899,1899,"Philip Reclam"
"187","fennica","Aho, Juhani","Spånor","Helsinki",1899,1899,"Vihtori Kosonen"
"188","fennica","Aho, Juhani","Katajainen kansani ja muita uusia j ... anhoja lastuja vuosilta 1891 ja 1899","Stockholm",1899,1899,""
"189","fennica","Aho, Juhani","Kolme lastua lapsille","Quedlinburg",1899,1899,""
"190","fennica","Aho, Juhani","Lastuja","Stockholm",1899,1899,"Kansa"
"191","fennica","Aho, Juhani","Mitä uusi asema vaatii?","åpo",1899,1899,"Pellervo"
"192","fennica","Aho, Juhani","Mitä uusi asema vaatii?","åpo",1899,1899,"Minerva"
"193","fennica","Aho, Juhani","Valo ja valistus","Leipzig",1899,1899,"W. Söderström"
"194","kungliga","Aho, Juhani","Katajanen kansani ja muita uusia ja ... anhoja lastuja vuosilta 1891 ja 1899","Providence RI",1899,1899,""
"195","kungliga","Aho, Juhani","Bogen om Finland","L vôv",1899,1899,""
"196","fennica","Runeberg, Johan Ludvig","Lyyrillisiä runoelmia","Stockholm",1885,1885,"Hjelt"
"197","fennica","Runeberg, Johan Ludvig","Lyyrillisiä runoelmia","Stockholm",1885,1885,""
"198","fennica","Runeberg, Johan Ludvig","Fänrik Ståls sägner","Helsinki",1885,1885,"Suomalaisen Kirjallisuuden Seura"
"199","fennica","Runeberg, Johan Ludvig","Julqvällen","Helsinki",1885,1885,"Suomalaisen Kirjallisuuden Seura"
"200","fennica","Runeberg, Johan Ludvig","Fændrik Staals fortællinger","Königsberg",1885,1885,"Thorvald Michaelsen & Tillge"
"201","fennica","Runeberg, Johan Ludvig","Elgskyttarne","Suomussalmi",1885,1885,"Suomalainen Tiedeakatemia"
"202","kungliga","Runeberg, Johan Ludvig","Julqvällen","Stockholm falun uppsala",1885,1885,"förening"
"203","kungliga","Runeberg, Johan Ludvig","Fänrik Ståls sägner","Helsingsissä",1885,1885,"Thule"
"204","kungliga","Runeberg, Johan Ludvig","Elgskyttarne","Stockholm falun uppsala",1885,1885,"förening"
"205","kungliga","Runeberg, Johan Ludvig","Fændrik Staals Fortællinger i Udvalg","Kongsberg",1885,1885,""
"206","kungliga","Runeberg, Johan Ludvig","Lyyrillisiä runoelmia","Princeton newyork",1885,1885,"Lindqvist"
"207","fennica","Topelius, Zacharias","Feltlægens Historier","Köln",1894,1894,"K. F. U. M"
"208","fennica","Topelius, Zacharias","Keisarin ja suurruhtinaan Aleksante ... II:sen muisto huhtikuun 29 p:nä 1894","Quedlinburg",1894,1894,""
"209","fennica","Topelius, Zacharias","Lukukirja alimmaisille oppilaitoksille Suomessa","Hull",1894,1894,"Suomalaisen Kirjallisuuden Seura"
"210","fennica","Topelius, Zacharias","Neljä runoa","Hull",1894,1894,""
"211","fennica","Topelius, Zacharias","Evangelium for Børn","Königsberg",1894,1894,"Julius Springer"
"212","fennica","Topelius, Zacharias","Kejsaren, storfursten Alexander II:s minne den 29 april 1894","Helsinki",1894,1894,""
"213","fennica","Topelius, Zacharias","Läsebok för de lägsta läroverken i Finland","Helsinki",1894,1894,"Senaten"
"214","fennica","Topelius, Zacharias","Läsebok för de lägsta läroverken i Finland","Helsinki",1894,1894,"Suomalaisen Kirjallisuuden Seura"
"215","fennica","Topelius, Zacharias","Sanningen i går, i dag och i morgon","Helsinki",1894,1894,"s.n"
"216","kungliga","Topelius, Zacharias","Kejsaren, storfursten Alexander II:s minne","Helsingsissä",1894,1894,""
"217","fennica","Boxström, A","Kartupptagning med kompass och diopterlinial","Helsinki",1890,1890,"Överstyrelse för skolväsendet"
"218","fennica","Boxström, A","Folktillväxten i Finland 1751-1885","Helsinki",1890,1890,"Överstyrelse för skolväsendet"
"219","fennica","Boxström, A","Folktillväxten i Finland 1751-1885","Helsinki",1890,1890,""
"220","kungliga","Boxström, A","Karupptagning med kompass och diopterlinial","Holmiæ anni mdccxx",1890,1890,""
"221","fennica","Meurman, Agathon","Suomi ennen ja nyt","Hinnerjoki",1890,1890,""
"222","fennica","Meurman, Agathon","Finland förr och nu","Helsinki",1890,1890,""
"223","fennica","Meurman, Agathon","Finland förr och nu","Helsinki",1890,1890,"Suomalaisen Kirjallisuuden Seura"
"224","fennica","Meurman, Agathon","La Finlande d'autrefois et d'aujourd'hui","Helsinki",1890,1890,"Suomalaisen Kirjallisuuden Seura"
"225","kungliga","Meurman, Agathon","Finland förr och nu","Helsingsissä",1890,1890,""
"226","fennica","Weikkolin, Ida","Swarta Sara från Owambolandet","Helsinki",1888,1888,"Tytty Lagerstedt"
"227","fennica","Weikkolin, Ida","'Matka Suomesta Afrikaan'","Hull",1888,1888,"Tuhkanen"
"228","fennica","Weikkolin, Ida","'Resan från Finland till Afrika'","Helsinki",1888,1888,"Tytty Lagerstedt"
"229","fennica","Weikkolin, Ida","Musta Saara Owambosta","Hull",1888,1888,"Wile´n"
"230","fennica","Weikkolin, Ida","'Resan från Finland till Afrika'","Helsinki",1888,1888,"Helios"
"231","fennica","Weikkolin, Ida","Svarta Sara från Ovambolandet, med bild","Helsinki",1888,1888,"Helios"
"232","kungliga","Weikkolin, Ida","'Resan från Finland till Afrika'","Helsingsissä",1888,1888,""
"233","fennica","Allardt, Anders","En framtidsman","Laihia",1888,1888,"Bertrand"
"234","fennica","Allardt, Anders","En framtidsman","Laihia",1888,1888,"J. Cedervaller & Son"
"235","kungliga","Allardt, Anders","En framtidsman","Kräklinge",1888,1888,"Min melodi"
"236","fennica","Runeberg, Johan Ludvig","Fänrik Ståls sägner","Helsinki",1861,1861,"Yrjö Weilin & Coumpp"
"237","fennica","Runeberg, Johan Ludvig","Fänrik Ståls sägner",NA,1861,1861,"Työväen sanomalehti-o.y"
"238","fennica","Runeberg, Johan Ludvig","Julqvällen",NA,1861,1861,"Työväen sanomalehti-o.y"
"239","fennica","Runeberg, Johan Ludvig","Nadeschda","Königsberg",1861,1861,"J.H. Schubothe"
"240","fennica","Runeberg, Johan Ludvig","Fänrik Ståls sägner","Helsinki",1861,1861,"Suomalaisen Kirjallisuuden Seura"
"241","fennica","Runeberg, Johan Ludvig","Hanna",NA,1861,1861,"Työväen sanomalehti-o.y"
"242","fennica","Runeberg, Johan Ludvig","Hanna","Helsinki",1861,1861,"Suomalaisen Kirjallisuuden Seura"
"243","fennica","Runeberg, Johan Ludvig","Kung Fjalar","Helsinki",1861,1861,"Suomalaisen Kirjallisuuden Seura"
"244","fennica","Runeberg, Johan Ludvig","Nadeschda","Helsinki",1861,1861,"Suomalaisen Kirjallisuuden Seura"
"245","fennica","Runeberg, Johan Ludvig","Johan Ludvig Runebergs samlade arbeten","Helsinki",1861,1861,"Yrjö Weilin & Coumpp"
"246","kungliga","Runeberg, Johan Ludvig","Fänrik Ståls sägner","Helsingsissä",1861,1861,"Fritzes hofbokhandel"
"247","kungliga","Runeberg, Johan Ludvig","Fänrik Ståls sägner",NA,1861,1861,"Lindstedts universitetsbokhandel"
"248","kungliga","Runeberg, Johan Ludvig","Nadeschda","Kongsberg",1861,1861,""
"249","kungliga","Runeberg, Johan Ludvig","Aus 'Fänrik Ståls sägner': 'Des Fähnrichts Jahrmarkt-Erinnerungen'","Stockholm falun uppsala",1861,1861,""
"250","fennica","Runeberg, Johan Ludvig","Elgskyttarne","Helsinki",1900,1900,""
"251","fennica","Runeberg, Johan Ludvig","Älgskyttarne","Suomussalmi",1900,1900,"Suomalainen Tiedeakatemia"
"252","fennica","Runeberg, Johan Ludvig","Fänrik Ståls sägner","Suomussalmi",1900,1900,"Suomalainen Tiedeakatemia"
"253","fennica","Runeberg, Johan Ludvig","Fänrik Ståls sägner","Suomussalmi",1900,1900,"Finska Kyrkohistoriska Samfundet"
"254","fennica","Runeberg, Johan Ludvig","Julqvällen","Suomussalmi",1900,1900,"Finska Kyrkohistoriska Samfundet"
"255","fennica","Runeberg, Johan Ludvig","Samlade arbeten","Helsinki",1900,1900,""
"256","fennica","Runeberg, Johan Ludvig","Fänrik Ståls sägner","Suomussalmi",1900,1900,"s.n"
"257","fennica","Runeberg, Johan Ludvig","Fänrik Ståls sägner","Helsinki",1900,1900,"Kloström"
"258","kungliga","Runeberg, Johan Ludvig","Älgskyttarne","Stockholm falun uppsala",1900,1900,"förening"
"259","kungliga","Runeberg, Johan Ludvig","Elgskyttarne","Helsingsissä",1900,1900,"Thule"
"260","kungliga","Runeberg, Johan Ludvig","Johan Ludvig Runebergs samlade arbeten","Helsingsissä",1900,1900,"Thule"
"261","kungliga","Runeberg, Johan Ludvig","Fänrik Ståls sägner","Helsinki turku",1900,1900,"Lindqvist"
"262","kungliga","Runeberg, Johan Ludvig","Fähnrich Stahls Erzählungen","Hamburg",1900,1900,"Schmidt"
"263","fennica","Runeberg, Johan Ludvig","Fänrik Ståls sägner",NA,1863,1863,"Työväen sanomalehti-o.y"
"264","fennica","Runeberg, Johan Ludvig","Kan ej",NA,1863,1863,"Työväen sanomalehti-o.y"
"265","fennica","Runeberg, Johan Ludvig","Kan ej","Lund",1863,1863,"Carl B. Lorck"
"266","fennica","Runeberg, Johan Ludvig","Kungarne på Salamis",NA,1863,1863,"s.n"
"267","fennica","Runeberg, Johan Ludvig","Kann nicht!",NA,1863,1863,"Isak Julinin kustannusliike"
"268","fennica","Runeberg, Johan Ludvig","Kungarne på Salamis",NA,1863,1863,"Työväen sanomalehti-o.y"
"269","kungliga","Runeberg, Johan Ludvig","Kan ej","L<U+02BE>viv",1863,1863,""
"270","kungliga","Runeberg, Johan Ludvig","Fänrik Ståls sägner",NA,1863,1863,"Lindstedts universitetsbokhandel"
"271","fennica","Runeberg, Johan Ludvig","Neljä virttä Runebergin virsikirjasta","Hull",1858,1858,"Karisto"
"272","fennica","Runeberg, Johan Ludvig","Fänrik Ståls sägner",NA,1858,1858,"Työväen sanomalehti-o.y"
"273","fennica","Runeberg, Johan Ludvig","Johan Ludvig Runebergs samlade skrifter",NA,1858,1858,"Työväen sanomalehti-o.y"
"274","fennica","Runeberg, Johan Ludvig","Johan Ludvig Runebergs samlade skrifter",NA,1858,1858,"s.n"
"275","kungliga","Runeberg, Johan Ludvig","Johan Ludvig Runebergs samlade skrifter",NA,1858,1858,"Lindstedts universitetsbokhandel"
"276","kungliga","Runeberg, Johan Ludvig","Konung Fjalar","Stockholm falun uppsala",1858,1858,"Sveriges industri"
"277","fennica","Lagerborg, Rolf","Finland i utländsk historisk literatur","Helsinki",1897,1897,"Clouberg"
"278","fennica","Lagerborg, Rolf","Är den fria forskningen, särdeles p ... iösa området, oinskränkt berättigad?","Suomussalmi",1897,1897,"Nordiska museet"
"279","fennica","Lagerborg, Rolf","Finland i utländsk historisk literatur","Helsinki",1897,1897,""
"280","kungliga","Lagerborg, Rolf","Finland i utländsk historisk literatur","Helsingsissä",1897,1897,""
"281","fennica","Wichmann, Yrjö","Die tschuwassischen Lehnwörter in den permischen Sprachen","Helsinki",1903,1903,""
"282","fennica","Wichmann, Yrjö","Kurzer bericht u¨ber eine studienreise zu den syrjänen 1901-1902","Helsinki",1903,1903,""
"283","fennica","Wichmann, Yrjö","Syrjäänin kieltä","Hull",1903,1903,""
"284","fennica","Wichmann, Yrjö","Die tschuwassischen Lehnwörter in den permischen Sprachen","Helsinki",1903,1903,"Finska litteratursällskap"
"285","kungliga","Wichmann, Yrjö","Die tschuwassischen Lehnwörter in den permischen Sprachen","Helsingsissä",1903,1903,""
"286","fennica","Bomansson, Karl August","Skildring af folkrörelsen på Åland, 1808","Suomussalmi",1852,1852,"Finska Vetenskapssocieteten"
"287","fennica","Bomansson, Karl August","Skildring af folkrörelsen på Åland, 1808","Suomussalmi",1852,1852,"på C.R. Höök"
"288","kungliga","Bomansson, Karl August","Skildring af folkrörelsen på åland, 1808","Stockholm falun uppsala",1852,1852,""
"289","fennica","Alcenius, Carolus Alexander","De scholis Fenniae post reformatam ecclesiam usque ad motus liturgicos","Helsinki",1848,1848,"Juuse Blom"
"290","fennica","Alcenius, Carolus Alexander","De scholis Fenniae ante reformatatam [!] ecclesiam","Helsinki",1848,1848,"Blom & Ekroth"
"291","fennica","Alcenius, Carolus Alexander","De scholis Fenniae ante reformatatam [!] ecclesiam","Helsinki",1848,1848,"Augustus Schauman"
"292","fennica","Alcenius, Carolus Alexander","De scholis Fenniae ante reformatatam [!] ecclesiam","Helsinki",1848,1848,"Arminius Julius Withander"
"293","kungliga","Alcenius, Carolus Alexander","De scholis Fenniae post reformatam  ... que ad motus liturgicos, commentatio","Helsingsissä",1848,1848,""
"294","fennica","Alcenius, Carolus Alexander","De scholis Fenniae post reformatam ecclesiam usque ad motus liturgicos","Helsinki",1848,1848,"Juuse Blom"
"295","fennica","Alcenius, Carolus Alexander","De scholis Fenniae ante reformatatam [!] ecclesiam","Helsinki",1848,1848,"Blom & Ekroth"
"296","fennica","Alcenius, Carolus Alexander","De scholis Fenniae ante reformatatam [!] ecclesiam","Helsinki",1848,1848,"Augustus Schauman"
"297","fennica","Alcenius, Carolus Alexander","De scholis Fenniae ante reformatatam [!] ecclesiam","Helsinki",1848,1848,"Arminius Julius Withander"
"298","kungliga","Alcenius, Carolus Alexander","De scholis Fenniae post reformatam  ... que ad motus liturgicos, commentatio","Helsingsissä",1848,1848,""
"299","fennica","Rein, Gabriel","Periculum historicum de Curonibus s ... is XII et XIII Fenniam infestantibus","Helsinki",1829,1829,"ex officina typographica Frenckelliana"
"300","fennica","Rein, Gabriel","Periculum historicum de Curonibus s ... is XII et XIII Fenniam infestantibus","Helsinki",1829,1829,"Gustav Leonhardus Stenbäck"
"301","fennica","Rein, Gabriel","Periculum historicum de Curonibus s ... is XII et XIII Fenniam infestantibus","Helsinki",1829,1829,"Carolus Backman"
"302","fennica","Rein, Gabriel","Periculum historicum de Curonibus s ... is XII et XIII Fenniam infestantibus","Helsinki",1829,1829,"Anders Herm. Georg. Carger"
"303","fennica","Rein, Gabriel","Doctrinae grammaticorum de declinationibus Fennicis brevis expositio","Helsinki",1829,1829,"im Verlage des Geograph. Instituts"
"304","fennica","Rein, Gabriel","Doctrinae grammaticorum de declinationibus Fennicis brevis expositio","Helsinki",1829,1829,"Griel Mauritius Waenerberg"
"305","kungliga","Rein, Gabriel","Periculum historicum de curonibus s ... is XII et XIII Fenniam infestantibus","Helsingsissä",1829,1829,""
"306","fennica","Rein, Gabriel","Periculum historicum de Curonibus s ... is XII et XIII Fenniam infestantibus","Helsinki",1829,1829,"ex officina typographica Frenckelliana"
"307","fennica","Rein, Gabriel","Periculum historicum de Curonibus s ... is XII et XIII Fenniam infestantibus","Helsinki",1829,1829,"Gustav Leonhardus Stenbäck"
"308","fennica","Rein, Gabriel","Periculum historicum de Curonibus s ... is XII et XIII Fenniam infestantibus","Helsinki",1829,1829,"Carolus Backman"
"309","fennica","Rein, Gabriel","Periculum historicum de Curonibus s ... is XII et XIII Fenniam infestantibus","Helsinki",1829,1829,"Anders Herm. Georg. Carger"
"310","fennica","Rein, Gabriel","Doctrinae grammaticorum de declinationibus Fennicis brevis expositio","Helsinki",1829,1829,"im Verlage des Geograph. Instituts"
"311","fennica","Rein, Gabriel","Doctrinae grammaticorum de declinationibus Fennicis brevis expositio","Helsinki",1829,1829,"Griel Mauritius Waenerberg"
"312","kungliga","Rein, Gabriel","Periculum historicum de curonibus s ... is XII et XIII Fenniam infestantibus","Helsingsissä",1829,1829,""
"313","fennica","Rein, Gabriel","Periculum historicum de Curonibus s ... is XII et XIII Fenniam infestantibus","Helsinki",1829,1829,"ex officina typographica Frenckelliana"
"314","fennica","Rein, Gabriel","Periculum historicum de Curonibus s ... is XII et XIII Fenniam infestantibus","Helsinki",1829,1829,"Gustav Leonhardus Stenbäck"
"315","fennica","Rein, Gabriel","Periculum historicum de Curonibus s ... is XII et XIII Fenniam infestantibus","Helsinki",1829,1829,"Carolus Backman"
"316","fennica","Rein, Gabriel","Periculum historicum de Curonibus s ... is XII et XIII Fenniam infestantibus","Helsinki",1829,1829,"Anders Herm. Georg. Carger"
"317","fennica","Rein, Gabriel","Doctrinae grammaticorum de declinationibus Fennicis brevis expositio","Helsinki",1829,1829,"im Verlage des Geograph. Instituts"
"318","fennica","Rein, Gabriel","Doctrinae grammaticorum de declinationibus Fennicis brevis expositio","Helsinki",1829,1829,"Griel Mauritius Waenerberg"
"319","kungliga","Rein, Gabriel","Periculum historicum de curonibus s ... is XII et XIII Fenniam infestantibus","Helsingsissä",1829,1829,""
"320","fennica","Hurtig, Karl","Raamattu ja eläinsuojelusaate","Hull",1916,1916,"s.n"
"321","fennica","Hurtig, Karl","Lifvets bördor","Helsinki",1916,1916,""
"322","fennica","Hurtig, Karl","Tankar vid krubban","Helsinki",1916,1916,"s.n"
"323","fennica","Hurtig, Karl","Raamattu ja eläinsuojelusaate","Hull",1916,1916,"J.C. Frenckell & Son"
"324","fennica","Hurtig, Karl","Bibeln och djurskyddstanken","Hull",1916,1916,"J.C. Frenckell & Son"
"325","kungliga","Hurtig, Karl","Tankar vid krubban","Holmiæ anni mdccxx",1916,1916,""
"326","fennica","Lindman, Volmar","Hevos- ja nautakarjanhoito eläinsuojeluksen kannalta katsottuna","Hull",1916,1916,"s.n"
"327","fennica","Lindman, Volmar","I sol och töcken","Helsinki",1916,1916,"s.n"
"328","fennica","Lindman, Volmar","Hevos- ja nautakarjanhoito eläinsuojeluksen kannalta katsottuna","Hull",1916,1916,"J.C. Frenckell & Son"
"329","fennica","Lindman, Volmar","Häst- och boskapsskötseln ur djurskyddssynpunkt","Hull",1916,1916,"J.C. Frenckell & Son"
"330","kungliga","Lindman, Volmar","I sol och töcken","Helsingsissä",1916,1916,""
"331","fennica","Lundström, Anna","Taisteluun tietämättömyyttä ja ennakkoluuloja vastaan","Hull",1908,1908,"Kansankirjapaino"
"332","fennica","Lundström, Anna","Till vapen mot okunnighet och fördomsfullhet!","Helsinki",1908,1908,"Lindstedt antiqvar. bokhandel"
"333","fennica","Lundström, Anna","Taisteluun tietämättömyyttä ja ennakkoluuloja vastaan","Hull",1908,1908,"Suom.-amer. kustannusyhtiö"
"334","fennica","Lundström, Anna","Till vapen mot okunnighet och fördomsfullhet!","Hull",1908,1908,"Suom.-amer. kustannusyhtiö"
"335","kungliga","Lundström, Anna","Till vapen mot okunnighet och fördomsfullhet","Helsingsissä",1908,1908,""
"336","fennica","Gottlund, Carl Axel","Runola","Hull",1840,1840,"Simelius"
"337","fennica","Gottlund, Carl Axel","Runola","Hull",1840,1840,"Tekijä"
"338","kungliga","Gottlund, Carl Axel","Runola","Helsingsissä",1840,1840,""
"339","fennica","Rein, Gabriel","Periculum historicum de Curonibus s ... is XII et XIII Fenniam infestantibus","Helsinki",1829,1829,"ex officina typographica Frenckelliana"
"340","fennica","Rein, Gabriel","Periculum historicum de Curonibus s ... is XII et XIII Fenniam infestantibus","Helsinki",1829,1829,"Gustav Leonhardus Stenbäck"
"341","fennica","Rein, Gabriel","Periculum historicum de Curonibus s ... is XII et XIII Fenniam infestantibus","Helsinki",1829,1829,"Carolus Backman"
"342","fennica","Rein, Gabriel","Periculum historicum de Curonibus s ... is XII et XIII Fenniam infestantibus","Helsinki",1829,1829,"Anders Herm. Georg. Carger"
"343","fennica","Rein, Gabriel","Doctrinae grammaticorum de declinationibus Fennicis brevis expositio","Helsinki",1829,1829,"im Verlage des Geograph. Instituts"
"344","fennica","Rein, Gabriel","Doctrinae grammaticorum de declinationibus Fennicis brevis expositio","Helsinki",1829,1829,"Griel Mauritius Waenerberg"
"345","kungliga","Rein, Gabriel","Periculum historicum de curonibus s ... is XII et XIII Fenniam infestantibus","Helsingsissä",1829,1829,""
"346","fennica","Runeberg, Johan Ludvig","Muutamia runoja","Hull",1891,1891,""
"347","fennica","Runeberg, Johan Ludvig","Johan Ludvig Runeberg's Epische Dichtungen","Heidelberg",1891,1891,"Viipurin suomalaisen kirjallisuuden seura"
"348","fennica","Runeberg, Johan Ludvig","Fänrik Ståls sägner","Suomussalmi",1891,1891,"Suomalainen Tiedeakatemia"
"349","fennica","Runeberg, Johan Ludvig","Fähnrich Stahls Erzählungen","Heidelberg",1891,1891,"s.n"
"350","fennica","Runeberg, Johan Ludvig","Kungarne på Salamis","Suomussalmi",1891,1891,"Suomalainen Tiedeakatemia"
"351","fennica","Runeberg, Johan Ludvig","Vänrikki Stoolin tarinat","Hinnerjoki",1891,1891,""
"352","fennica","Runeberg, Johan Ludvig","Nadeschda","Montpellier",1891,1891,"s.n"
"353","fennica","Runeberg, Johan Ludvig","Elgskyttarne","Helsinki",1891,1891,"Suomalaisen Kirjallisuuden Seura"
"354","kungliga","Runeberg, Johan Ludvig","Fänrik Ståls sägner","Oslo",1891,1891,"L. Blom"
"355","kungliga","Runeberg, Johan Ludvig","Fänrik Ståls sägner","Oslo",1891,1891,"The Continental book co"
"356","kungliga","Runeberg, Johan Ludvig","Kungarne på Salamis","Stockholm falun uppsala",1891,1891,"Inst"
"357","kungliga","Runeberg, Johan Ludvig","Johan Ludvig Runebergs samlade skrifter","Stockholm falun uppsala",1891,1891,"förening"
"358","fennica","Kerfstedt, Amanda","Signild ja hänen ystävänsä","Hull",1901,1901,""
"359","kungliga","Kerfstedt, Amanda","Reflexer","Stockholm falun uppsala",1901,1901,"Natur & Coultur"
"360","kungliga","Kerfstedt, Amanda","Reflexer","Stockholm falun uppsala",1901,1901,"Svenska allmoge"
"361","fennica","Strindberg, August","Eri asein","Hull",1914,1914,"Otava"
"362","fennica","Strindberg, August","Historiallisia pikkukuvia","Turku",1914,1914,"Gyldendalske Boghandel Nordisk"
"363","kungliga","Strindberg, August","Fröken Julie","Stockholm falun uppsala",1914,1914,"Norstedt"
"364","kungliga","Strindberg, August","Svanevit","Stockholm falun uppsala",1914,1914,"Norstedt"
"365","kungliga","Strindberg, August","Utveckling och andra berättelser","Stockholm falun uppsala",1914,1914,"B. Wahlström"
"366","kungliga","Strindberg, August","Vasaarvet och andra berättelser","Stockholm falun uppsala",1914,1914,"B. Wahlström"
"367","kungliga","Strindberg, August","De lycksaliges ö och andra berättelser","Stockholm",1914,1914,"B. Wahlström"
"368","kungliga","Strindberg, August","Samlade skrifter","Stockholm falun uppsala",1914,1914,"Västra Sverige"
"369","kungliga","Strindberg, August","Dødsdansen","L<U+02BE>viv",1914,1914,""
"370","kungliga","Strindberg, August","Comrades","London",1914,1914,""
"371","kungliga","Strindberg, August","The creditor","London",1914,1914,""
"372","kungliga","Strindberg, August","Fair haven and Foul strand","London",1914,1914,""
"373","kungliga","Strindberg, August","The martyr of Stockholm","London",1914,1914,""
"374","kungliga","Strindberg, August","Miss Julie","London",1914,1914,""
"375","kungliga","Strindberg, August","Paria, Simoon","London",1914,1914,""
"376","kungliga","Strindberg, August","The stronger woman : Motherly love","London",1914,1914,""
"377","kungliga","Strindberg, August","Eri aseiu","Hernösand öhrling",1914,1914,""
"378","kungliga","Strindberg, August","Dramatische Charakteristiken","Nestved",1914,1914,""
"379","kungliga","Strindberg, August","Königsdramen","Nestved",1914,1914,""
"380","kungliga","Strindberg, August","Ungedruckte Briefe über fünf Werke","Berlin dresden",1914,1914,""
"381","kungliga","Strindberg, August","Samlade skrifter","Stockholm falun uppsala",1914,1914,"Norstedt"
"382","fennica","Strindberg, August","Tschandala","Hull",1916,1916,"Otava"
"383","kungliga","Strindberg, August","Gustav III","Stockholm falun uppsala",1916,1916,"Norstedt"
"384","kungliga","Strindberg, August","Påsk","Stockholm falun uppsala",1916,1916,"Norstedt"
"385","kungliga","Strindberg, August","Brott och brott","Stockholm falun uppsala",1916,1916,"Norstedt"
"386","kungliga","Strindberg, August","Ett drömspel","Stockholm falun uppsala",1916,1916,"Norstedt"
"387","kungliga","Strindberg, August","Toteutuneita unelmia","Hewlsingfors",1916,1916,"Chatto & Windus"
"388","kungliga","Strindberg, August","Samlade skrifter","Stockholm falun uppsala",1916,1916,"Norstedt"
"389","kungliga","Strindberg, August","Et Drømmespil","L<U+02BE>viv",1916,1916,""
"390","kungliga","Strindberg, August","Mustrare de cuget","Byholma",1916,1916,""
"391","kungliga","Strindberg, August","Der bewusste Wille in der Weltgeschichte","Nestved",1916,1916,""
"392","kungliga","Strindberg, August","Märchen","Nestved",1916,1916,""
"393","kungliga","Strindberg, August","Rausch","Nestved",1916,1916,""
"394","kungliga","Strindberg, August","I havsbandet","Stockholm falun uppsala",1916,1916,"Norstedt"
"395","kungliga","Strindberg, August","Samlade skrifter","Stockholm falun uppsala",1916,1916,"Västra Sverige"
"396","kungliga","Strindberg, August","Svenska öden och äventyr","Stockholm falun uppsala",1916,1916,"Norstedt"
"397","fennica","Strindberg, August","Yksin","Hull",1913,1913,"Arbetets Vänner"
"398","kungliga","Strindberg, August","Giftas","Oslo",1913,1913,"Frälsningsarmen"
"399","kungliga","Strindberg, August","Stig Storverks son och andra berättelser","Stockholm falun uppsala",1913,1913,"B. Wahlström"
"400","kungliga","Strindberg, August","Tschandala och Elefantvalvet","Stockholm falun uppsala",1913,1913,"B. Wahlström"
"401","kungliga","Strindberg, August","Den romantiske klockaren på Rånö och andra berättelser","Stockholm",1913,1913,"B. Wahlström"
"402","kungliga","Strindberg, August","Odlad frukt och andra berättelser","Stockholm",1913,1913,"Svenska bok- & musik"
"403","kungliga","Strindberg, August","Married","London",1913,1913,""
"404","kungliga","Strindberg, August","Advent","London",1913,1913,""
"405","kungliga","Strindberg, August","By the open sea","London",1913,1913,""
"406","kungliga","Strindberg, August","Easter","London",1913,1913,""
"407","kungliga","Strindberg, August","The growth of a soul","London",1913,1913,""
"408","kungliga","Strindberg, August","Historical miniatures","London",1913,1913,""
"409","kungliga","Strindberg, August","In midsummer days and other tales","London",1913,1913,""
"410","kungliga","Strindberg, August","Lucky Pehr","London",1913,1913,""
"411","kungliga","Strindberg, August","On the seaboard","College view nebraska",1913,1913,""
"412","kungliga","Strindberg, August","Plays by August Strindberg","London",1913,1913,""
"413","kungliga","Strindberg, August","The red room","London",1913,1913,""
"414","kungliga","Strindberg, August","The son of a servant","Norra sandsjö",1913,1913,""
"415","kungliga","Strindberg, August","Zones of the spirit","London",1913,1913,""
"416","kungliga","Strindberg, August","Badad","Zürich bey orell gessner füsslin und kompagnie",1913,1913,""
"417","kungliga","Strindberg, August","Der toitentants","Norra sandsjö",1913,1913,""
"418","kungliga","Strindberg, August","Aus seinen Werken","Tórshavn",1913,1913,""
"419","kungliga","Strindberg, August","Kleine historische Romane","Nestved",1913,1913,""
"420","kungliga","Strindberg, August","Meister Olaf","Leobe",1913,1913,""
"421","kungliga","Strindberg, August","Neue Waffen","Leipzig",1913,1913,""
"422","kungliga","Strindberg, August","Utópiák a valóságban","Byske",1913,1913,""
"423","kungliga","Strindberg, August","Samlade skrifter","Stockholm falun uppsala",1913,1913,"Norstedt"
"424","kungliga","Strindberg, August","Hemsöborna","Stockholm",1913,1913,"B. Wahlström"
"425","kungliga","Strindberg, August","Samlade skrifter","Stockholm falun uppsala",1913,1913,"Västra Sverige"
"426","fennica","Blanche, August","Miten paholainen pelastaa kirkonhopeat","Turku",1873,1873,"WSOY"
"427","kungliga","Blanche, August","Hyrkusken berättelser","Stockholm falun uppsala",1873,1873,""
"428","kungliga","Blanche, August","Samlade arbeten","Stockholm falun uppsala",1873,1873,""
"429","kungliga","Blanche, August","Samlade arbeten","Stockholm falun uppsala",1873,1873,"Norstedt"
"430","fennica","Sudermann, Hermann","Surutar","Leipzig",1892,1892,"Otava"
"431","fennica","Sudermann, Hermann","Vanha mylly","PiikkiÃ¶",1892,1892,"W. Hagelstam, distr"
"432","kungliga","Sudermann, Hermann","Jolanthas bröllop","Stockholm falun uppsala",1892,1892,"Natur & Coultur"
"433","kungliga","Sudermann, Hermann","Jolanthas bröllop","Stockholm falun uppsala",1892,1892,"Björck & Börjesson"
"434","fennica","Strindberg, August","Narrien yhteiskunnasta","Stockholm",1908,1908,""
"435","kungliga","Strindberg, August","Baryšnja","Stochgol m",1908,1908,"Vremja"
"436","kungliga","Strindberg, August","Abu Casems tofflor","Stockholm falun uppsala",1908,1908,"Norstedt"
"437","kungliga","Strindberg, August","Hamlet","Stockholm falun uppsala",1908,1908,"Fahlcrantz"
"438","kungliga","Strindberg, August","Memorandum till medlemmarne af Intima teatern från regissören","Stockholm falun uppsala",1908,1908,"Fahlcrantz"
"439","kungliga","Strindberg, August","Pario","Upsaliæ edmannianis",1908,1908,"Reuter & Reuter"
"440","kungliga","Strindberg, August","Julius Caesar","Stockholm falun uppsala",1908,1908,"Fahlcrantz"
"441","kungliga","Strindberg, August","En blå bok","Stockholm falun uppsala",1908,1908,"Fahlcrantz"
"442","kungliga","Strindberg, August","Sista riddaren","Stockholm falun uppsala",1908,1908,"Fahlcrantz"
"443","kungliga","Strindberg, August","Gospožica Julija","London",1908,1908,""
"444","kungliga","Strindberg, August","Syndebukken og Rejsegilde","L<U+02BE>viv",1908,1908,""
"445","kungliga","Strindberg, August","Bohême suédoise","Písek",1908,1908,"Collin & Zickerman"
"446","kungliga","Strindberg, August","Am offnen Meer","Neuchâtel",1908,1908,""
"447","kungliga","Strindberg, August","Am offnen Meer","Nestved",1908,1908,""
"448","kungliga","Strindberg, August","Ein Blaubuch","Nestved",1908,1908,""
"449","kungliga","Strindberg, August","Gespenstersonate","Nestved",1908,1908,""
"450","kungliga","Strindberg, August","Historische Miniaturen","Neuchâtel",1908,1908,""
"451","kungliga","Strindberg, August","Kammerspiele","Nestved",1908,1908,""
"452","kungliga","Strindberg, August","Novellen","Berlin stettin",1908,1908,""
"453","kungliga","Strindberg, August","Schwarze Fahnen","Neuchâtel",1908,1908,""
"454","kungliga","Strindberg, August","I hafsbandet","Stockholm falun uppsala",1908,1908,"Norstedt"
"455","kungliga","Strindberg, August","I vårbrytningen","Stockholm falun uppsala",1908,1908,""
"456","kungliga","Strindberg, August","Mensch unter Menschen","Berlin dresden",1908,1908,""
"457","kungliga","Strindberg, August","I vårbrytningen","Stockholm falun uppsala",1908,1908,"Norstedt"
"458","fennica","Roos, Mathilda","Sieluntaisteluita","Stockholm",1889,1889,"Andersin"
"459","kungliga","Roos, Mathilda","Familjen Verle","Stockholm falun uppsala",1889,1889,"Norstedt"
"460","kungliga","Roos, Mathilda","Familjen Verle","Stockholm falun uppsala",1889,1889,""
"461","fennica","Strindberg, August","Isä","Hull",1909,1909,"Wettergren & Coerber"
"462","fennica","Strindberg, August","Mestari Olavi","Hull",1909,1909,"Otava"
"463","fennica","Strindberg, August","Punainen huone","Hull",1909,1909,"Weilin & Göös"
"464","kungliga","Strindberg, August","Den romantiske klockaren på Rånö","Stockholm falun uppsala",1909,1909,"Norstedt"
"465","kungliga","Strindberg, August","Fabler och smärre berättelser","Stockholm falun uppsala",1909,1909,"Norstedt"
"466","kungliga","Strindberg, August","Riksföreståndaren","Stockholm falun uppsala",1909,1909,"Fahlcrantz"
"467","kungliga","Strindberg, August","Trefaldighetsnatten","Stockholm falun uppsala",1909,1909,"Norstedt"
"468","kungliga","Strindberg, August","Bjälbo-Jarlen","Stockholm falun uppsala",1909,1909,"Fahlcrantz"
"469","kungliga","Strindberg, August","Öppna bref till Intima teatern","Stockholm falun uppsala",1909,1909,""
"470","kungliga","Strindberg, August","Shakespeares Macbeth, Othello, Rome ... , Henrik VIII, En midsommarnattsdröm","Stockholm falun uppsala",1909,1909,"Fahlcrantz"
"471","kungliga","Strindberg, August","Mestari Olavi","Helsingsissä",1909,1909,""
"472","kungliga","Strindberg, August","Stora landsvägen","Stockholm falun uppsala",1909,1909,"Norstedt"
"473","kungliga","Strindberg, August","Swanwhite","Porvossa",1909,1909,""
"474","kungliga","Strindberg, August","Isä","Hernösand öhrling",1909,1909,""
"475","kungliga","Strindberg, August","Kaarle XII","Hestra",1909,1909,""
"476","kungliga","Strindberg, August","Punainen huone","Hestra",1909,1909,""
"477","kungliga","Strindberg, August","Dans les îles","Pforzheim verlag von dennig finck co",1909,1909,""
"478","kungliga","Strindberg, August","Le sacristain de Ronoe","Pforzheim verlag von dennig finck co",1909,1909,""
"479","kungliga","Strindberg, August","Entzweit","Neuchâtel",1909,1909,""
"480","kungliga","Strindberg, August","Die Inselbauern","Neuchâtel",1909,1909,""
"481","kungliga","Strindberg, August","Kameraden","Leobe",1909,1909,""
"482","kungliga","Strindberg, August","Schwedische Miniaturen","Neuchâtel",1909,1909,""
"483","kungliga","Strindberg, August","Der Sohn einer Magd","Neuchâtel",1909,1909,"Dala-Demokraten"
"484","kungliga","Strindberg, August","A boldogok szigete","Byske",1909,1909,""
"485","kungliga","Strindberg, August","Mäster Olof","Stockholm falun uppsala",1909,1909,""
"486","kungliga","Strindberg, August","Blomstermålningar och djurstycken","Stockholm falun uppsala",1909,1909,"Norstedt"
"487","kungliga","Strindberg, August","Sagor","Stockholm falun uppsala",1909,1909,"Natur & Coultur"
"488","kungliga","Strindberg, August","Författaren","Stockholm falun uppsala",1909,1909,"Norstedt"
"489","kungliga","Strindberg, August","Tjänstekvinnans son","Stockholm falun uppsala",1909,1909,"Norstedt"
"490","kungliga","Strindberg, August","Utopier i verkligheten","Stockholm falun uppsala",1909,1909,"Norstedt"
"491","kungliga","Strindberg, August","Der Egozentrische","Nestved",1909,1909,""
"492","kungliga","Strindberg, August","Der Sohn einer Magd","Berlin dresden",1909,1909,""
"493","kungliga","Strindberg, August","Svarta handsken","Stockholm falun uppsala",1909,1909,"s.n"
"494","kungliga","Strindberg, August","Mäster Olof","Stockholm falun uppsala",1909,1909,"Jämtlands-Posten"
"495","kungliga","Strindberg, August","Mäster Olof","Stockholm falun uppsala",1909,1909,"Norstedt"
"496","fennica","Strindberg, August","Isä","Hull",1909,1909,"Wettergren & Coerber"
"497","fennica","Strindberg, August","Mestari Olavi","Hull",1909,1909,"Otava"
"498","fennica","Strindberg, August","Punainen huone","Hull",1909,1909,"Weilin & Göös"
"499","kungliga","Strindberg, August","Den romantiske klockaren på Rånö","Stockholm falun uppsala",1909,1909,"Norstedt"
"500","kungliga","Strindberg, August","Fabler och smärre berättelser","Stockholm falun uppsala",1909,1909,"Norstedt"
"501","kungliga","Strindberg, August","Riksföreståndaren","Stockholm falun uppsala",1909,1909,"Fahlcrantz"
"502","kungliga","Strindberg, August","Trefaldighetsnatten","Stockholm falun uppsala",1909,1909,"Norstedt"
"503","kungliga","Strindberg, August","Bjälbo-Jarlen","Stockholm falun uppsala",1909,1909,"Fahlcrantz"
"504","kungliga","Strindberg, August","Öppna bref till Intima teatern","Stockholm falun uppsala",1909,1909,""
"505","kungliga","Strindberg, August","Shakespeares Macbeth, Othello, Rome ... , Henrik VIII, En midsommarnattsdröm","Stockholm falun uppsala",1909,1909,"Fahlcrantz"
"506","kungliga","Strindberg, August","Mestari Olavi","Helsingsissä",1909,1909,""
"507","kungliga","Strindberg, August","Stora landsvägen","Stockholm falun uppsala",1909,1909,"Norstedt"
"508","kungliga","Strindberg, August","Swanwhite","Porvossa",1909,1909,""
"509","kungliga","Strindberg, August","Isä","Hernösand öhrling",1909,1909,""
"510","kungliga","Strindberg, August","Kaarle XII","Hestra",1909,1909,""
"511","kungliga","Strindberg, August","Punainen huone","Hestra",1909,1909,""
"512","kungliga","Strindberg, August","Dans les îles","Pforzheim verlag von dennig finck co",1909,1909,""
"513","kungliga","Strindberg, August","Le sacristain de Ronoe","Pforzheim verlag von dennig finck co",1909,1909,""
"514","kungliga","Strindberg, August","Entzweit","Neuchâtel",1909,1909,""
"515","kungliga","Strindberg, August","Die Inselbauern","Neuchâtel",1909,1909,""
"516","kungliga","Strindberg, August","Kameraden","Leobe",1909,1909,""
"517","kungliga","Strindberg, August","Schwedische Miniaturen","Neuchâtel",1909,1909,""
"518","kungliga","Strindberg, August","Der Sohn einer Magd","Neuchâtel",1909,1909,"Dala-Demokraten"
"519","kungliga","Strindberg, August","A boldogok szigete","Byske",1909,1909,""
"520","kungliga","Strindberg, August","Mäster Olof","Stockholm falun uppsala",1909,1909,""
"521","kungliga","Strindberg, August","Blomstermålningar och djurstycken","Stockholm falun uppsala",1909,1909,"Norstedt"
"522","kungliga","Strindberg, August","Sagor","Stockholm falun uppsala",1909,1909,"Natur & Coultur"
"523","kungliga","Strindberg, August","Författaren","Stockholm falun uppsala",1909,1909,"Norstedt"
"524","kungliga","Strindberg, August","Tjänstekvinnans son","Stockholm falun uppsala",1909,1909,"Norstedt"
"525","kungliga","Strindberg, August","Utopier i verkligheten","Stockholm falun uppsala",1909,1909,"Norstedt"
"526","kungliga","Strindberg, August","Der Egozentrische","Nestved",1909,1909,""
"527","kungliga","Strindberg, August","Der Sohn einer Magd","Berlin dresden",1909,1909,""
"528","kungliga","Strindberg, August","Svarta handsken","Stockholm falun uppsala",1909,1909,"s.n"
"529","kungliga","Strindberg, August","Mäster Olof","Stockholm falun uppsala",1909,1909,"Jämtlands-Posten"
"530","kungliga","Strindberg, August","Mäster Olof","Stockholm falun uppsala",1909,1909,"Norstedt"
