gatherings	physical_extent	Count
Total count: 	9014	
4to	s.	2950
NA	2 vol.	1063
NA	3 vol.	 375
4to	[4] s. (s. 3/4 blank)	 240
16mo	NA	 207
NA	4 vol.	 187
4to	[8] s. (s. 7/8 blank)	 154
4to	A4-B4.	 120
4to	[04] s. =(s. 3/4 blank)=	 104
4to	A4-C4.	  95
NA	6 vol.	  80
4to	A4-B4C2.	  79
NA	5 vol.	  75
4to	[04] s. =(s. 3/4 blank).=	  44
4to	NA	  44
4to	[16] s. (s. 15/16 blank)	  43
4to	[08] s. =(s. 7/8 blank).=	  42
4to	[08] s. =(s. 7/8 blank)=.	  41
4to	[04] s. =(s. 3/4 blank)=.	  39
4to	A4.	  38
NA	7 vol.	  36
4to	A4B2.	  35
4to	A4-C4D2.	  33
4to	16 s. =(s. 15/16 blank)=.	  32
NA	8 vol.	  30
8vo	2 vol.	  29
4to	A4-D4.	  28
12mo	432 s. =(s. 421-32 opag.)=.	  28
NA	9 vol.	  27
4to	24 s. =(s. 23/24 blank)=.	  25
12mo	NA	  24
8vo	3 vol.	  23
4to	[12] s. (s. 11/12 blank)	  23
NA	10 vol.	  23
4to	[4] s. (s. 3-4 blankt blad)	  22
4to	16 s. =(s. 15/16 blank).=	  22
12mo	324 s. =(s. 323-24 opag.).=	  20
4to	[16] s. =(s. 15/16 blank).=	  20
2fo	NA	  19
4to	[16] s. =(s. 15/16 blank)=.	  19
4to	32 s. =(s. 31/32 blank)=.	  17
4to	[24] s. (s. 23/24 blank)	  16
4to	15[1] s.	  16
4to	A4-E4.	  15
4to	[24] s. =(s. 23/24 blank)=.	  13
8vo	4 vol.	  13
NA	11 vol.	  13
NA	15 vol.	  13
4to	[32] s. (s. 31/32 blank)	  12
12mo	408 s. =(s. 397-408 opag.).=	  12
4to	24 s. =(s. 23/24 blank).=	  12
2fo	[04] s. =(s. 3/4 blank)=.	  12
4to	[08] s. =(s. 7/8 blank)=	  11
4to	40 s. =(s. 39/40 blank)=.	  11
NA	12 vol.	  11
4to	22[2] s. (s. 23/24 blank)	  10
4to	A4-F4.	  10
4to	[20] s. (s. 19/20 blank)	   9
4to	15 [1] s.	   9
24mo	240 s. =(s. 239-40 opag.)=.	   9
4to	08 s. =(s. 7/8 blank).=	   9
NA	14 vol.	   9
4to	[40] s. (s. 39/40 blank)	   8
4to	A4-E4F2.	   8
4to	A4-D4E2.	   8
8vo	5 vol.	   8
4to	40 s. =(s. 39/40 blank).=	   8
4to	48 s. =(s. 47/48 blank)=.	   8
NA	13 vol.	   8
4to	14[2] s. (s. 15/16 blank)	   7
4to	[4] s. (3/4 blank)	   7
12mo	3 vol.	   7
4to	13 [1] s.	   7
16mo	(16) + (4) bl.	   7
4to	(2) s. A4-B4.	   7
12mo	A12-D12.	   7
4to	(4) s. A4-B4C2.	   7
8vo	6 vol.	   7
12mo	324 s. =(s. 323-24 opag.)=.	   7
4to	7[1] s.	   7
4to	23[1] s.	   7
4to	32 s. =(s. 31-32 opag.)=.	   7
4to	08 s. =(s. 7/8 blank)=.	   7
4to	12 s. =(s. 11/12 blank)=.	   7
1to	[01] f.	   7
NA	2 v.	   7
12mo	A12-B12.	   6
1to	[02] f.	   6
4to	16 s. =(s. 15-16 opag.)=.	   6
4to	08 s. =(s. 7-8 opag.)=.	   6
4to	27[1] s.	   6
4to	[24] s. =(s. 23/24 blank).=	   6
4to	[36] s. (s. 36 blank)	   5
4to	10[2] s. (s. 11/12 blank)	   5
4to	19[1] s.	   5
4to	[8] s. (s. 7-8 blankt blad)	   5
4to	A6.	   5
4to	(2) s. A4-B4C3.	   5
24mo	NA	   5
2fo	A2-D2.	   5
4to	(4) s. A4-B4.	   5
12mo	180 s. =(s. 177-80 opag.)=	   5
4to	[12] s. =(s. 11/12 blank)=.	   5
4to	20 s. =(s. 19/20 blank)=.	   5
12mo	72 s. =(s. 71/72 blank)=.	   5
12mo	24 s. =(s. 23/24 blank)=.	   5
NA	19 vol.	   5
NA	23 vol.	   5
NA	24 vol.	   5
4to	[28] s. (s. 28 blank)	   4
2fo	[8] s. (s. 7/8 blank)	   4
4to	[28] s. (s. 27/28 blank)	   4
4to	11 [1] s.	   4
16mo	2 vol.	   4
4to	9 [1] s.	   4
4to	21 [1] s.	   4
16mo	(16) + (16) bl.	   4
4to	A4B4C2.	   4
4to	17 [1] s.	   4
NA	4 vol	   4
12mo	2 vol.	   4
12mo	408 s. =(s. 407-08 opag.)=.	   4
12mo	96 s. =(s. 95-96 opag.)=.	   4
18mo	72 s. =(s. 71/72 blank)=.	   4
12mo	408 s. =(s. 406-08 opag.)=.	   4
4to	2 vol.	   4
12mo	24 s. =(s. 23-24 opag.).=	   4
12mo	24 s. =(s. 23/24 blank).=	   4
4to	32 s. =(s. 31/32 blank).=	   4
4to	52 s. =(s. 49-52 opag.).=	   4
4to	56 s. =(s. 55/56 blank).=	   4
4to	56 s. =(s. 55/56 blank)=.	   4
4to	16 s. =(s. 14-16 opag.)=.	   4
4to	39[1] s.	   4
4to	[12] s. =(s. 11/12 blank).=	   4
8vo	12 vol.	   4
12mo	60 s. =(s. 59/60 blank)=.	   4
NA	3 v.	   4
NA	2 vol	   4
NA	20 vol.	   4
NA	22 vol.	   4
8vo	3 Vol.	   3
4to	14[2] s., (s. 15/16 blank)	   3
4to	30[2] s. (s. 31/32 blank)	   3
4to	[24] s. (s. 23-24 blankt blad)	   3
4to	[16] s. (s. 15-16 blankt blad)	   3
8vo	7 vol.	   3
NA	18 vol.	   3
NA	2. vol.	   3
2fo	A2-F2.	   3
4to	A4-G4.	   3
4to	A4-H4.	   3
2fo	A2-C2.	   3
4to	A4B4.	   3
16mo	[16] + [8] bl.	   3
4to	A4B5.	   3
4to	(4) s. A4-C4D2.	   3
4to	A4-B4C.	   3
4to	(4) s. A4-C4.	   3
12mo	A12.	   3
2fo	A4.	   3
12mo	A12-F12.	   3
4to	A4-B4	   3
12mo	A12-G12.	   3
12mo	A12-C12.	   3
4to	A4B6.	   3
4to	23 [1] s.	   3
12mo	6 vol.	   3
12mo	84 s. =(s. 83/84 blank)=.	   3
12mo	312 s. =(s. 309-10 opag., 311/12 blank).=	   3
12mo	432 s. =(s. 1/2 blank).=	   3
12mo	312 s. =(s. 309-10 opag., 311/12 blank)=.	   3
12mo	324 s. (s. 323-24 opag.)	   3
12mo	312 s. =(s. 311-12 opag.).=	   3
4to	20 s. =(s. 19/20 blank).=	   3
12mo	96 s. =(s. 95-96 opag.).=	   3
4to	28 s. =(s. 27-28 opag.).=	   3
12mo	48 s. =(s. 47/48 blank)=.	   3
8vo	9 vol.	   3
12mo	188 s. =(s. 186-88 opag.)=.	   3
12mo	132 s. =(s. 121-32 opag.)=.	   3
4to	08 s. =(s. 7-8 opag.).=	   3
4to	31[1] s.	   3
4to	4 vol.	   3
4to	28 s. =(s. 27-28 opag.)=.	   3
4to	48 s. =(s. 47-48 opag.)=.	   3
4to	24 s. =(s. 23-24 opag.)=.	   3
4to	20 s. =(s. 19-20 opag.).=	   3
12mo	24 s. =(s. 23-24 opag.)=.	   3
4to	[32] s. =(s. 31/32 blank)=.	   3
4to	[20] s. =(s. 19/20 blank)=.	   3
4to	44 s. =(s. 43/44 blank)=.	   3
4to	11[1] s.	   3
4to	[40] s. =(s. 39/40 blank)=.	   3
4to	16 s. =(s. 15-16 opag.).=	   3
4to	[48] s. (s. 48 blank)	   2
4to	[24] s. (s. 24 blank)	   2
4to	[20] s. (s. 20 blank)	   2
1to	[4] s. (s. 3/4 blank)	   2
2fo	[4] s. (s. 2/3/4 blank)	   2
4to	[52] s. (s. 51/52 blank)	   2
4to	[36] s. (s. 35/36 blank)	   2
4to	27[5] s. (s. 31/32 blank)	   2
4to	18[2] s. (s. 19/20 blank)	   2
4to	50[2] s. (s. 51/52 blank)	   2
4to	21[3] s. (s. 23/24 blank)	   2
4to	24[4] s.	   2
4to	13[3] s. (s. 15/16 blank)	   2
4to	46[2] s. (s. 47/48 blank)	   2
4to	22[2] s., (s. 23/24 blank)	   2
4to	[56] s. (s. 55/56 blank)	   2
4to	[4] s. [s. 3/4 blank)	   2
4to	1. bl.	   2
4to	63 [1] s.	   2
NA	28 vol.	   2
NA	5 vol	   2
4to	norm. 8 s.	   2
4to	7 [1] s.	   2
4to	19 [1] s.	   2
NA	3 v. in 2	   2
4to	A4-F4G2.	   2
2fo	A3.	   2
2fo	2 provbl.	   2
4to	[24] s. (sista bl. blankt)	   2
4to	A4-B4C6.	   2
2fo	1 pl., (8) 1-891 (1) s.	   2
4to	[20] s. (sista s. blank)	   2
18mo	NA	   2
4to	):(4.	   2
12mo	83 [1] s.	   2
4to	A4-C4D2	   2
4to	A4-G4H2.	   2
12mo	A12-C12D4.	   2
4to	A4-I4K2.	   2
2fo	(4) i-xcix bl.	   2
4to	47[1] s.	   2
12mo	(8) 1-564 (12) s.	   2
4to	A2B4-F4G2.	   2
4to	A4-M4.	   2
4to	(2) 3-19 (1) s.	   2
4to	(4) s. A4B2.	   2
4to	A4-I4.	   2
4to	(2) s. A4B5.	   2
2fo	(4) s. A2-F2.	   2
12mo	(33) 2-624 (34) s.	   2
4to	(2) s. A4-C4.	   2
4to	(2) s. A4B3.	   2
16mo	(15) + (5) bl.	   2
4to	A4-?	   2
16mo	(16) + (8) bl.	   2
4to	[12] s. (A4B2)	   2
12mo	(1) 2-311 (1) s.	   2
4to	A4 B6.	   2
4to	[8] s. (A4)	   2
4to	A2.	   2
64mo	A8-H8.	   2
12mo	(24) 1-474 (6) s.	   2
4to	A4-C4 D2.	   2
4to	(28) 1-670 (26) s.	   2
2fo	(2) s. A2-E2.	   2
4to	A4-C4 (2) bl.	   2
4to	(2) s. A4-B4C2.	   2
4to	A5-B5.	   2
NA	3 vol	   2
NA	16 vol.	   2
4to	32 s. =(s. 31-32 opag.)=	   2
4to	16 s. =(s. 15-16 opag.)=	   2
4to	32 s. =(s. 31 opag. rättelser)=.	   2
4to	40 s. =(s. 37-40 opag.).=	   2
12mo	44 s. =(s. 43/44 blank)= & omsl.	   2
4to	24 s. =(s. 23/24 blank)=; [1] ins.	   2
2fo	14 s. (s. 14 blank)	   2
12mo	360 s. =(s. 356- 60 opag.)=.	   2
4to	24 s. =(s. 23-24 opag.).=	   2
4to	34 s. =(s. 33-34 opag.)=.	   2
4to	24 s. (s. 24 blank)	   2
12mo	168 s. =(s. 167-68 opag. annons)=.	   2
12mo	432 s. =(s. 421-32 opag.).=	   2
12mo	384 s. =(s. 379-82 opag., 383/84 blank).=	   2
12mo	48 s. =(s. 46-48 opag.)= & omsl.	   2
12mo	336 s. =(s. 335/36 blank)=.	   2
12mo	432 s. =(s. 430 felpag. '304')=.	   2
12mo	408 s. =(s. 397-408 opag.)=.	   2
4to	28 s. =(s. 27/28 blank).=	   2
4to	20 s. =(s. 19-20 opag.)=.	   2
4to	16 s. =(s. 15 opag. prisuppg.)=.	   2
4to	24 s. =(s. 23-24 opag. annons)=.	   2
12mo	108 s. =(s. 107/08 blank)=.	   2
12mo	72 s. =(s. 66-72 opag. annons)=.	   2
4to	42[2] s. =(s. 43-44 opag.)=	   2
16mo	80 s. =(s. 79/80 blank)=.	   2
16mo	384 s. =(s. 344-84 opag.)=.	   2
4to	16 s. =(s. 15/16 blank)=	   2
12mo	142 s. =(s. 141/42 blank)=.	   2
12mo	132 s. =(s. 131/132 blank).=	   2
12mo	96 s. =(s. 94-96 opag.).=	   2
12mo	84 s. =(s. 83/84 blank).=	   2
12mo	48 s. =(s. 47-48 opag.)=.	   2
12mo	72 s. =(s. 61-72 opag.)=.	   2
24mo	144 s. =(s. 143/44 blank)=.	   2
12mo	240 s. =(s. 237-38 opag., 239/240 blank).=	   2
12mo	48 s. =(s. 45/46, 47/48 blanka)=.	   2
4to	6 vol.	   2
12mo	156 s. =(s. 154-56 opag.)=.	   2
12mo	144 s. =(s. 143-44 opag.)=.	   2
12mo	120 s. =(s. 119-20 opag.)=.	   2
4to	36 s. =(s. 35-36 opag.).=	   2
4to	28 s. =(s. 25-28 opag.)=	   2
12mo	60 s. =(s. 59-60 opag. annons).=	   2
4to	32 s. =(s. 31-32 opag.).=	   2
16mo	[48] s. =(s. 45/46, 47/48 blanka).=	   2
16mo	[48] s. =(s. 47/48 blank).=	   2
4to	[32] s. =(s. 31/32 blank).=	   2
4to	20 s. =(s. 17-20 opag.)=; [4] ins.	   2
1to	NA	   2
4to	24 s. =(s. 20-24 opag.).=	   2
4to	52 s. =(s. 47-52 opag.).=	   2
4to	16 s. =(s. 13-16 opag.).=	   2
4to	16 s. =(s. 14-16 opag.).=	   2
4to	48 s. =(s. 47/48 blank).=	   2
16mo	96 s. =(s. 83-96 opag.)=.	   2
4to	32 s. =(s. 29-32 opag.)=.	   2
4to	36 s. =(s. 31-36 opag.)=.	   2
4to	48 s. =(s. 41-48 opag.)=.	   2
4to	18 s. =(s. 16-18 opag.)=.	   2
4to	44 s. =(s. 37-44 opag.)=.	   2
4to	52 s. =(s. 45-52 opag.)=.	   2
4to	48 s. =(s. 39-48 opag.)=.	   2
4to	24 s. =(s. 22-24 opag.)=.	   2
4to	48 s. =(s. 40-48 opag.)=.	   2
4to	40 s. =(s. 39-40 opag.).=	   2
4to	48 s. =(s. 47-8 opag.).=	   2
4to	28 s. =(s. 26-28 opag.).=	   2
4to	22 s. =(s. 21-22 opag.)=.	   2
4to	52 s. =(s. 51/52 blank)=.	   2
4to	80 s. =(s. 79/80 blank)=.	   2
4to	40 s. =(s. 39-40 opag.)=.	   2
1to	[01] f. typer.	   2
12mo	68 s. =(s. 67/68 blank)=.	   2
12mo	48 s. =(s. 47/48 blank).=	   2
4to	38[2] s. =(s. 39/40 blank)=.	   2
4to	[20] s. =(s. 19/20 blank).=	   2
4to	[16] s. =(s. 15/16 blank)=	   2
4to	54[2] s.	   2
4to	20 s. =(s. 19/20 blank)=	   2
NA	46 vol.	   2
NA	30 vol.	   2
NA	25 vol.	   2
NA	32 vol.	   2
4to	2v.	   1
4to	[10] CCCL [1] bl.	   1
NA	31 vol.	   1
1to	1 tryckt bl.	   1
4to	[128] s. (s. 128 blank)	   1
12mo	120 s. (s. 120 blank)	   1
4to	[42] s. (s. 42 blank)	   1
4to	[46] s. (s. 46 blank)	   1
NA	267 vol.	   1
4to	[12] s. (s. 12 blank)	   1
4to	[32] s. (s. 32 blank)	   1
64mo	NA	   1
4to	20 s. (s. 17-20 opag.)	   1
8vo	2 vol	   1
4to	84 s. =(s. 78- 84 opag.)=; ii08 s.	   1
4to	630 s. (s. 630 blank)	   1
12mo	296 s. (s. 293-296 opag)	   1
4to	16 s. (s. 14 felpag. '41', s. 15-16 opag)	   1
4to	53 [1] s.	   1
NA	55 vol.	   1
4to	D. 1-3 i 1 vol.	   1
16mo	3 vol.	   1
16mo	6 vol.	   1
12mo	10 vol.	   1
4to	38[30] s., [3] ins.	   1
4to	13[3] s.	   1
8vo	2. vol.	   1
8vo	2 v.	   1
12mo	3 Vol.	   1
4to	18[2] s., [2] ins.	   1
12mo	2 Vol.	   1
4to	58[4] s., [5] ins., xii (s. xi/xii blank)	   1
12mo	5 vol.	   1
12mo	3 bind.	   1
4to	42[6] s.	   1
NA	4. vol.	   1
4to	55[9] s.	   1
4to	11[9] s., [1] ins.	   1
4to	60[8] s., [2] ins.	   1
16mo	31 s. & omslag	   1
4to	52[2] s. (s. 53/54 blank)	   1
4to	116[4] s., [5] ins., [1] rättelsebl.	   1
1to	130 s. (s. 46-130 opag.)	   1
1to	[1] grafiskt bl.	   1
4to	80 s. (s. 80 opag.)	   1
4to	[144] s. (s. 143/144 blank)	   1
4to	66[2] s. (s. 67/68 blank)	   1
4to	[76] s. (s. 55/56 blank)	   1
4to	[4] s. (s. 1 och 4 blanka)	   1
4to	16 [dvs 20] s.	   1
4to	157[1] s.	   1
4to	81[1] s., [2] ins.	   1
4to	43[25] s., [1] ins.	   1
4to	51[1] s., [2] ins.	   1
4to	62[2] s., (s. 63/64 blank), [6] ins., 5 pl.-bl.	   1
4to	5[1] s.	   1
4to	20[8] s.	   1
4to	17[1] s.	   1
4to	14[2] s.	   1
4to	33[9] s	   1
4to	22[2] s.	   1
4to	3[1] s.	   1
4to	54[2] s. (s. 55/56 blank)	   1
4to	53[3] s. (s. 55/56 blank)	   1
4to	29[1] s.	   1
4to	21[3] s.	   1
4to	6[2] s. (s. 7/8 blank)	   1
4to	21[1] s.	   1
4to	37[3] s. (s. 39/40 blank)	   1
4to	25[1] s.	   1
4to	[64] s. (s. 63/64 blank)	   1
4to	25[3] s.	   1
4to	28[4] s.	   1
4to	103[1] s.	   1
4to	[32] s. + 1 bil. [4] s.	   1
4to	[40] s. (s. 39/40 blank) + [1] bil. [4] s.	   1
4to	[152] s. (s.151/152 blank)	   1
4to	24[8] s.	   1
4to	36[4] s.	   1
4to	14[10] s.	   1
4to	[8] s. (s. 7/8 blank), [22] ins.	   1
4to	88[48] s. (s. 135/136 blank)	   1
4to	32[24] s.	   1
4to	34[6] s.	   1
4to	37[3] s.	   1
4to	105[23] s. (s. 127/128 blank)	   1
4to	22[6] s., [1] ins.	   1
4to	90[50] s., [4] ins.	   1
4to	34[2] s. (s. 35/36 blank)	   1
4to	36[10] s., [3] ins.	   1
4to	11[5] s.	   1
4to	71[1] s., 1 ins.	   1
4to	54[2] s., (s. 55/56 blank)	   1
4to	[28] s. (s. 1/2 blank)	   1
4to	26[2] s. (s. 27/28 blank)	   1
4to	82[10] s., [1] ins.	   1
4to	21[3] s., (s. 23/24 blank)	   1
4to	10[42] s., [1] ins.	   1
4to	95[3] s., [6] ins.	   1
4to	22[2] s., [5] ins. (s. 23/24 blank)	   1
4to	[48] s. (s. 47/48 blank)	   1
4to	8[42] s., [1] ins.	   1
4to	17[5] s.	   1
4to	15[7] s.	   1
4to	30[2] s.	   1
4to	46[2] s., (s. 47/48 blank)	   1
4to	59[1] s., [1] ins.	   1
4to	44[2] s., [4] ins.	   1
4to	10[2] s., (s. 11/12 blank)	   1
4to	[8] s. =(s. 7/8 blank)=	   1
4to	[4] s. =(s. 4 blank)=	   1
4to	[16] s. (s. 15/16blank)	   1
4to	32[8] s.	   1
4to	[4] s. + 2 bil. [8] s.	   1
4to	42[2] s. (s. 43/44 blank)	   1
4to	[16] s. (s. 15/16)	   1
4to	90[2] s. (s. 91/92 blank)	   1
4to	17[3] s. (s. 19/20 blank)	   1
4to	[56] s. (s. 39/40 blank)	   1
4to	[16] s. (s. 7/8 blank)	   1
4to	[8] s. (s. 7/8 blank) s.	   1
4to	[4] s. (s. 3/4 Blank)	   1
4to	46[2] s.	   1
4to	44[4] s.	   1
4to	[12] s. (s. 11-12 blankt blad)	   1
4to	[20] s. (s. 19-20 blankt blad)	   1
4to	[16] s. (s. 15/16 blankt blad)	   1
4to	[4] s. (s. 3-4 blankblad)	   1
4to	[24] s. (s. 23-24 blank blad)	   1
4to	107[5] s.	   1
4to	a [8] s.	   1
NA	39 vol.	   1
NA	3 Vol	   1
NA	2 v ol.	   1
12mo	4 vol.	   1
4to	22 [2] s.	   1
4to	7 vol. (205 [17] s.)	   1
4to	4 del.	   1
4to	4 s. (norm.)	   1
NA	40 vol.	   1
12mo	60 s. [1] vikt kartbl.	   1
12mo	9 vol. i 10	   1
4to	10 [1] s.	   1
4to	[34] pl.-bl.	   1
4to	35 [1] s.	   1
NA	3 v. i 4, 1 h.	   1
12mo	8 vol.	   1
4to	163 [1] s., graverat pl.-förtitelbl.	   1
6to	49 s. & omslag	   1
2fo	1 vikt bl.	   1
4to	15[1] s., [1] pl.-bl.	   1
4to	[120] s. (sista s. blank)	   1
4to	104[2] s. (s. 105/106 blank)	   1
4to	49 s. [1] pl.-bl.	   1
4to	8 s. & omsl., 3 pl.bl.	   1
12mo	62 s. & omslag	   1
4to	22 s. (s. 22 blank)	   1
4to	14 [2] s.	   1
NA	45 vol.	   1
NA	49 vol.	   1
NA	2v.,25cm	   1
8vo	20 vol.	   1
NA	17 vol.	   1
4to	3 vol.	   1
6to	125 [1] s., 5 pl.-bl.	   1
4to	29 [1] s.	   1
4to	27 [1] s.	   1
4to	39 [1] s.	   1
12mo	54 s. (s. 23 felpag.: '32')	   1
2fo	100 litograferade pl., 24 s. beskrivande text	   1
12mo	37 [7] s.	   1
12mo	(8) 1-183 (1) s.	   1
12mo	(2) 3-425 (7) s.	   1
4to	A4-Z4Aa4-Ii4.	   1
4to	(4) s. A4-L4M2.	   1
4to	)(iiijA4-H4I2.	   1
4to	A6B4-D4.	   1
4to	(15) 2-396 (2); (8) 1-237 (1); (6) 1-109 (3) s.	   1
12mo	A12-K12L2.	   1
12mo	(17) 2-156 (8) s.	   1
4to	(2) 3-71 (1) s.	   1
12mo	A6B12-V12X6.	   1
2fo	A2-H3.	   1
4to	(4) A4B2A4-K4.	   1
4to	a4-b4A4-T4.	   1
2fo	):(2 -2 2	   1
4to	O4A4-B4C2.	   1
2fo	(2) 3-23 (1) s.	   1
4to	(2) s. A4-B4 (2) s.	   1
2fo	(28) 1-199 (1) s.	   1
4to	(Sign. (ngn gång för hand): (3) AB3-G3H2-L2M-Q; (1) 1-80 bl.; A-I.)	   1
4to	A4-R4.	   1
2fo	[22] s. (s. 22 blank)	   1
2fo	A2.	   1
2fo	1 b1.	   1
4to	A4B2	   1
4to	)o(2.	   1
4to	(8) s. A4-B4.	   1
4to	A4-B4C3	   1
12mo	(4) s. A12-B12.	   1
4to	(2) 1-41 (1) s.	   1
4to	A4-B4D2.	   1
12mo	A13B12-N12O10.	   1
12mo	A12-N12	   1
4to	(2) 3-35 (1) s.	   1
4to	A4 (1) 2-96 (28) s.	   1
4to	(4) s. A2 B4C2.	   1
4to	A4	   1
4to	):(6 A4-G4.	   1
4to	):(6 A4 -F4G2.	   1
4to	A4-Q4R3.	   1
4to	A2B4C3.	   1
4to	A4-F4G6.	   1
2fo	A2-M2.	   1
4to	(1) bl. A4-B4 (1) bl.	   1
2fo	4 s. (s. 2-3 tryckta).	   1
4to	):(4 A4-D4.	   1
2fo	(2) bl. + 1 patenttr.	   1
2fo	A4 + 1 patenttr.	   1
4to	(2) s. A4-D4E3, A4-H4.	   1
2fo	A5.	   1
4to	(o)4A4-E4F2.	   1
2fo	A2-D2E3.	   1
4to	(1) bl A4-B4 (1) bl.	   1
12mo	A8-B8.	   1
4to	A4H4.	   1
12mo	(4) 1-143 (1) s.	   1
4to	[8] s. A4.	   1
2fo	B4.	   1
64mo	A8H8.	   1
16mo	A16 [30] s.	   1
12mo	(12) 1-106 bl.	   1
12mo	(8) 1-239 (1); (2) 3-119 (1) s.	   1
4to	A4-C4D2 + A4-C4.	   1
16mo	A8-L8.	   1
4to	(2) 3-39 (1) s.	   1
12mo	384 s. (s. 1 opag.)	   1
4to	A4-B4B2.	   1
4to	C2A4-B4C3 4.	   1
12mo	A12-L12M8.	   1
12mo	a6 A12-L12.	   1
12mo	A12-T12.	   1
12mo	)(4A12a12B12-S12.	   1
12mo	A12-B12b12C12-Z12Aa12-Cc12.	   1
12mo	A12-Z12Aa12-Gg12.	   1
12mo	A12-O12P8	   1
4to	(5) 2-132 (2) s.	   1
4to	):(4A4-C4D2.	   1
4to	(5) 6-93 (11) s.	   1
4to	[20] s. (sista. bl. blankt)	   1
4to	(8) 1-47 (1) s.	   1
12mo	(2) 3-57 (1) s.	   1
12mo	(24) 1-43 (5) s.	   1
2fo	(2) s. 1-8 (2) s.	   1
2fo	(14) 1-762 (56) s.	   1
2fo	1 pl., i[16], ii672 (fel i pagin.), iii38, iv[8], v36 s.	   1
4to	(2) 1-25 (1) s.	   1
4to	A4B4 ):(2C4-E4F2.	   1
4to	47 [1] s. (första ss. opag.) (sista s. blank)	   1
4to	[28] s. (sista bl. blankt)	   1
4to	A4C4D2.	   1
4to	(3) 4-123 (1) s.	   1
4to	a4-b4c2, s. 1-594 Hhhh4-Nnnn4.	   1
4to	(8) s. A4-G4.	   1
4to	A4B2-D2.	   1
4to	)(4 A4-D4.	   1
24mo	(26) 1-581 (7) s.	   1
12mo	(13) 2-551 (eg: 552) s.	   1
12mo	(13) 2-549 (alt. 551) s.	   1
12mo	(17) 2-545 (84); (2) 3-442 (38) s.	   1
4to	(3) 4-19 (1) s.	   1
4to	(17) 2-248 s. Ii4-Qq4,A4-Z4 Aa4-Oo4.	   1
12mo	(25) 2-760 (8) s.	   1
24mo	(2) 1-317 (5); (2) 2-32 (16) s.	   1
4to	(25) 2-199 (3) s.	   1
12mo	(2) 1-231 (5) s.	   1
12mo	(2) 3-283 (5) s.	   1
18mo	(36) 1-530 (16) s.	   1
4to	(2) s. A4.	   1
4to	A4[B]2.	   1
4to	(4) s. A4-C4D.	   1
4to	A2B4-H4Aiij-A4.	   1
4to	)(4A4-D4E2.	   1
4to	A4-O4.	   1
2fo	a6A6-Z6Aa6-Zz6 Aaa6-Zzz6Aaaa6-Ssss6Tttt8 A6-C6.	   1
4to	A4 B2.	   1
4to	A4-D4	   1
4to	):(4 ):(4 A4-Q4.	   1
4to	aa4-bb4A4-V4X2.	   1
12mo	(3) 2-299 (1) s.	   1
4to	(24) 1-421 (7) s.	   1
4to	(16) 1-47 (1) s.	   1
4to	(12) 1-233 (1) s.	   1
2fo	A2-T2	   1
12mo	(6) 1-155 (6) s.	   1
16mo	(8) 1-203 (5) s.	   1
12mo	A6-H6.	   1
4to	i[4], ii116, iii[20] s. (sista bladet rättelser)	   1
2fo	(1) bl. B2-G2 (1) bl.	   1
2fo	A2A2-D2 E.	   1
2fo	A4-B4C2-N2.	   1
4to	a4-b4c6.	   1
4to	A2B4.	   1
4to	(16) 1-267 (1) s.	   1
4to	(2) s. A4-B4C2	   1
12mo	(4) 5-94 (2) s.	   1
12mo	A12-C12D6; D7-12E12F1; F2-12G2; G3-12H12-I12; (4) 5-94 (2) s., sign. K12-N12.	   1
12mo	(14) s. a8b12 c7; A12B3; B4-12C9; B10-12D12 e6; (4) 5-86 (10) s. sign. E12-H12.	   1
2fo	A2-E2.	   1
4to	(10) 1-106 (2) s.	   1
4to	(16) 9-100 (4) s.	   1
12mo	(20) 1-786 (eg: 826) (18) s.	   1
12mo	(48) 1-629 (17) s.	   1
4to	(2) 3-312 (1) bl.	   1
4to	(2) 3-138 bl.	   1
4to	(2) 3-375 bl.	   1
4to	(8) 1-296 bl.	   1
4to	A10.	   1
4to	(8) s. A4-D4.	   1
4to	(4) s. A4D4.	   1
4to	(2) 3-13 (1) s.	   1
2fo	A4-E4F.	   1
2fo	A4-E4F2.	   1
4to	(2) 3-303 (1); (2) 3-279 (1); (1) 2-383 (1); (1) 2-259 (1) s.	   1
4to	(4) 3-211 (1); (1) 2-202 (eg:200) (2); (1) 2-266 (2); (1) 2-179 (1) s.	   1
4to	32 s. (A4-D4.)	   1
4to	(7) 2-36 (10) s.	   1
4to	(4) 1-43 (1) s.	   1
4to	(2) 1-52 (2) s.	   1
4to	(2) 1-51 (3) s.	   1
4to	(2) 30 s.	   1
4to	(4) 1-38 (4) s.	   1
4to	(8) 3-71 (3) s.	   1
4to	32 s. A4-D4.	   1
4to	24 s. A4C4.	   1
12mo	(20) 1-132 (eg: 332) s.	   1
4to	(1) 2-75 (1) s.	   1
4to	a4-b4.	   1
2fo	A4B2.	   1
4to	[36] s. (sista s. blank)	   1
4to	A2-F2.	   1
4to	A-B4	   1
12mo	(3) 2-64 (6) s.	   1
12mo	)o(6A12-F12G6.	   1
12mo	A6.	   1
4to	(4) s. A4-N4 (4) s.	   1
12mo	(30) 3-343 (1) s., kopparst.	   1
12mo	(12?) 1-506 (12) s.; Y8-Y12Z12Aa12-Qq12-?	   1
12mo	(3) 1-181 (5) bl.; A12-B12C8; A12-O12P6; (2) 3-103 (5) s.	   1
12mo	(34) 1-1261 (8) s.	   1
12mo	(28) 1-1084 (8) s.	   1
24mo	(16) 1-768 (36) s.	   1
24mo	(5) 2-874 (10) s.	   1
12mo	(25) 2-806 (8) s.	   1
12mo	(30) 1-1060 (8) s.	   1
12mo	(24) 1-903 (7) s.	   1
12mo	(40?) 1-1020 (6) s.	   1
24mo	(16) 1-764 (fel 64) (8) s.	   1
12mo	(25) 2-808 (8) s.	   1
24mo	(16) 1-926 (6) s.	   1
12mo	(36) 1-1012 (fel 10012) (6) s.	   1
24mo	(5) 2-934 (10) s.	   1
24mo	(24) 1-841 (7) s.	   1
12mo	(60) 1-918 (6) s.	   1
12mo	(29) 2-880 (8) s.	   1
12mo	(56) 1-905 (7) s.	   1
12mo	(26) 28-846 (fel 446) (6) s.	   1
12mo	(30) 1-745 (9) s.	   1
12mo	(8) 1-769 (9) s.	   1
12mo	(32) 1-713 (9) s.	   1
12mo	(26) 1-713 (9) s.	   1
12mo	(26) 1-139 (1) s.	   1
4to	(2) s. A4-B4C.	   1
2fo	(12) 1-342 (eg: 242) s.	   1
4to	A4-C4D.	   1
4to	A4-P4 (2) bl.	   1
12mo	(19) 2-177 (3) s.	   1
4to	)(2A4-E4F2 + 1 stickbl.	   1
4to	A4 A4-B4.	   1
16mo	A8-D8.	   1
12mo	Sign. Nn7-Nn12Oo3.	   1
12mo	Sign. Tt8-Tt12Vu4.	   1
12mo	A8-E8; A8-B8. Träsnitt.	   1
24mo	(2) 2-32 (16) s. Sign. O7-O12P12Q6.	   1
12mo	A6-B6.	   1
32mo	(2) 3-78 (2) s. ; (3) 4-232 (8) s.	   1
4to	A4F4G2.	   1
4to	A2B4-C4D2A4-E4.	   1
12mo	(2) 3-334 (2) s.	   1
4to	(4) A4-Z4Aa4-Gg4.	   1
4to	(16) 1-139 (11) s.	   1
12mo	(20) 1-349 (3) s.	   1
2fo	(2) s. A2-B2C3.	   1
4to	A6B4C3.	   1
4to	(2) s. A4B2.	   1
12mo	(17) 1-197 (2) s.	   1
2fo	):(2A2-E2.	   1
4to	a2A4-G4.	   1
12mo	A12-I12.	   1
4to	(5) 2-160 (4) s.	   1
12mo	(13) 2-95 (1) s.	   1
2fo	(3) 1-95 (3) bl.	   1
2fo	(2) 1-95 (1) bl.	   1
4to	(8) 1-99 (5) s.	   1
12mo	(14) 1-145 (26) 147-226 (8) s.	   1
2fo	(1) i-lxiiii bl.	   1
2fo	(1) i-xxvii (2) bl.	   1
16mo	(1) 2-281 (39); (5) 6-257 (43) s.	   1
4to	(9) 2-189 (35) s.	   1
4to	(9) 2-171 (eg: 172) (32) s.	   1
4to	(4) s. C4-M4N2.	   1
12mo	(11) 4-130 (4) s.	   1
4to	(2) s. A2-B2C3.	   1
4to	(19) 2-208 (2) s.	   1
4to	(1) 1-53 bl.	   1
4to	(2) 1-147 (1) s.	   1
2fo	A2-H2.	   1
4to	A4-K4L.	   1
24mo	(2) 3-164 (40) s.	   1
12mo	A8-D8.	   1
24mo	A12-B12C10.	   1
24mo	(12) 1-118 (2) s.	   1
12mo	279 (5) s.	   1
12mo	(2) 1-143 (5) s.	   1
12mo	(13) 2-346 (2) s.	   1
12mo	(24) 1-347 (1) s.	   1
12mo	(2) 3-140 (2) s.	   1
12mo	(4) 3-125 (3) s.	   1
12mo	(2) 3-129 (3) s.	   1
4to	(2) 3-58 (2) s.	   1
4to	65[5] s. (s. 69/70 blank)	   1
4to	65[3] s.	   1
2fo	2A2-D2E.	   1
12mo	(2) 3-174 (2) s.	   1
12mo	(2) s. A12-F12G5.	   1
12mo	(4) s. A12-F12G6; A12.	   1
4to	[A4] 7 [1] s.	   1
12mo	(8) 1-564 (16) s.	   1
12mo	(11) 2-641 (21) s.	   1
12mo	(19) 2-641 (23) s.	   1
2fo	A2-H2I.	   1
4to	(2) s. A4-B4C2D.	   1
4to	(4) 5-27 (1) s.	   1
12mo	(36) 1-130 (10) s.	   1
12mo	(2) 1-426 (16); (1) 2-403 (5) s.	   1
12mo	(2) 1-426 (14) s.	   1
12mo	(2) 1-426 (16); (1) 2-404 (6) s.	   1
12mo	(17) 2-495 (9); (3) 2-262 (8) s.	   1
4to	A4-Y4.	   1
12mo	(10) 1-330 (252); (2) 3-128 (38) s.	   1
4to	A3A4.	   1
4to	[364] s. ([8] s., A4-Z4Aa4-Xx4Yy2)	   1
4to	A4A2-A4B4C2.	   1
12mo	(12) 1-458 (22) s.	   1
2fo	(2) bl. A2-G2 (1) bl.	   1
12mo	A12-C12 (1) 2-635 (13) s.	   1
4to	(2) 3-25 (3) s.	   1
12mo	)o(10A12-L12M2.	   1
4to	B3 (för A3) B4.	   1
4to	A4D4.	   1
12mo	A12-L12.	   1
4to	A2A2B4-C4.	   1
2fo	)(2A2-F2G.	   1
4to	a4-c4-?	   1
4to	48 s. (s. 48 felpag. '34'), [3] inklistrade gravyrer	   1
4to	A6B4.	   1
16mo	(16) + (1)4 bl.	   1
16mo	[15] + [5] bl.	   1
2fo	A2-B2.	   1
12mo	AI2-Q12.	   1
4to	47[1] s. (s. 46 felpag '26')	   1
4to	A4-L4.	   1
12mo	A12-Q12.	   1
2fo	(2) s. A2-D2.	   1
4to	)(4 1-81 (7) s.	   1
4to	(9) 2-69 (3) s.	   1
12mo	(7) 2-504 (2) s.	   1
4to	a4B4-G4H2.	   1
12mo	(5) 2-247 (53) s.	   1
12mo	(25) 2-748 (8) s.	   1
12mo	(2) 3-262 (för 264) (12) s.; A6-B6; A6-P6; A6-D6-?.	   1
12mo	A6-I6.	   1
12mo	A6-F6A6-F6G8.	   1
12mo	A6-T6	   1
2fo	A4-B4Cl.	   1
2fo	(3) 4-29 (1) s.	   1
4to	(28) 1-752 (8) s.	   1
4to	(24) 1-450 (6) s.	   1
2fo	(:)2A2-C2.	   1
4to	A4A4-D4A4-B4C2A4-C4A4-C4D2A4-C4A4-C4D2.	   1
4to	[8] s. + 13 disputationer, samtliga m. tit.-bl.	   1
4to	A4-B4C4.	   1
4to	A4-B4C1.	   1
12mo	A12B4A12-F12G6.	   1
12mo	A12-F12G6.	   1
4to	A4B.	   1
12mo	A12-B12C	   1
4to	(6) s. A4-B4.	   1
12mo	(7) 2-698 (10) s.	   1
4to	(4) 5-83 (1) s.	   1
4to	A4-D4 E2.	   1
4to	A2B.	   1
12mo	132 s. (A12-E12 F6)	   1
12mo	):(12 A12-I12.	   1
12mo	(19) 2-359 (1) s.	   1
4to	A4-B4C5.	   1
12mo	(8) 1-171 (1) s.	   1
12mo	(20) 1-171 (1) s.	   1
4to	A2B4-G4.	   1
4to	A4E4F2.	   1
24mo	A12-L12 (1) bl.	   1
24mo	(7) 2-299 (1) s.	   1
12mo	(6) 1-704 (8) s.	   1
12mo	(4) 1-732 (8) s.	   1
12mo	(32) 1-231 (9) s.	   1
12mo	(8) 1-119 (1) s.	   1
4to	(4) s. A4-D4.	   1
4to	A4-C4D4.	   1
4to	A4-D4 D4-E4.	   1
4to	H4-N4O2.	   1
2fo	x2xx2 1-23 (1) s.	   1
12mo	(24) 1-114 (1) s.	   1
24mo	(2) 3-372 (8) s.	   1
24mo	A12-L12.	   1
4to	A4 -Z4Aa4-Ee4Ff2.	   1
4to	A4-Z4Aa4-Vv4Xx3.	   1
12mo	A12-P12, A12-D12?	   1
4to	a4-d4 1-1229 (3) s.; (:)4 1-970 (4) s.	   1
12mo	A12-B12E6.	   1
12mo	A12-H12I6.	   1
12mo	(26) 3-151 (1) s.	   1
4to	[A]4B2.	   1
4to	(2) s. A4-C4D1.	   1
2fo	A3B2-D2E3.	   1
4to	(9) 2-39 (1) s.	   1
16mo	16) + ):(4.	   1
2fo	A2-I2.	   1
4to	(2) A4-C4.	   1
4to	(2) A4-D4 E2.	   1
12mo	(23) 2-359 (1) s.	   1
12mo	(12) 1-290 (2) s.	   1
12mo	(9) 2-485 (12) s.	   1
12mo	(17) 1-485 (2) s.	   1
12mo	(25) 2-143 (1); (1) 2-22 (2) s.	   1
4to	(4) s. A4-D4	   1
4to	A2B4-C4.	   1
4to	A4)(4.	   1
12mo	(22) 1-80 (40) s.	   1
12mo	(17) 2-488 (12) s.	   1
4to	(4) s. A4-I4K2.	   1
4to	(8) s. A4-C4.	   1
4to	(12) s. B4C2.	   1
2fo	)(2A2-I2A2-Z2Aa2-Zz2.	   1
4to	(15) 2-144 (2) s.	   1
4to	[136] s. (1 bl., A4-F4GA4-G4 H5 A4-D4E2)	   1
4to	(2) 1-23 (1) s.	   1
12mo	(21) 2-250 (eg: 260) (228) s.;(A12-I12K4.)	   1
12mo	(24) 1-259 (257) s.	   1
4to	A4-B4C2A4.	   1
4to	a4A4-C4.	   1
12mo	(3?) 2-579 (10) s.	   1
12mo	(5) 2-662 (2) s.	   1
4to	A4-N4O2.	   1
12mo	A12-B12C6.	   1
4to	353 [3] s.	   1
4to	A4-Z4Aa4-Zz4Aaa4-Zzz4Aaaa4-L1114.	   1
4to	[44] s. (A4E4F2)	   1
2fo	(9) 2-386 (2) s.	   1
12mo	(...)12x12-xx12 xxx6 (8) 1-119 (5) s.	   1
4to	A2L2M.	   1
4to	(2) 1-168 (8) s.	   1
12mo	(3) 4-243 (7) s.	   1
4to	A4-C4D5.	   1
4to	A2B4-E4.	   1
4to	A2A2-C2.	   1
2fo	(4) s. A2-B2.	   1
32mo	(6) 1-246 (8) s.	   1
12mo	(3) 2-233 (1) s.	   1
4to	)(s.	   1
32mo	(2) 1-60. Sign. Sij8-X8.	   1
32mo	Sign. R5-R8S8-T12.	   1
2fo	A4-B4.	   1
18mo	(1) 2-171 (3) s.	   1
18mo	(2) 3-177 (3) s.	   1
4to	A2A4-C4D2.	   1
4to	(4) 1-208 (2) s.	   1
2fo	[Provark om 2 bl.]	   1
12mo	A6-N6.	   1
4to	A4B4 [16] s.	   1
4to	(:) A4-D4.	   1
4to	A2-D2.	   1
4to	)(3A4B1.	   1
4to	127 [1] s.	   1
4to	54 [2] s.	   1
4to	A4-G4-?	   1
4to	(2) 3-20 (4) s.	   1
2fo	Patenttryck i 2 bl.	   1
4to	(14) 1-193 (eg: 163) (1) s.	   1
4to	(2) 1-153 (1) s.	   1
12mo	A12-F12G2.	   1
4to	(2) s. A4-D4.	   1
4to	A4-D4E6	   1
4to	(2) 3-126 (2) s.	   1
4to	(12) 1-366 (2) s.	   1
4to	(2) 3-39 (9) s.	   1
12mo	(24) 1-183 (1) s.	   1
4to	(2) 3-128 (4) s.	   1
12mo	(5) 1-96 (1) s.	   1
4to	(12) 1-219 (1) s.	   1
4to	(10) 1-384 (2) s.	   1
2fo	(39) 2-779 (1) s.	   1
4to	(45) 2-943 (35) s.	   1
12mo	(19) 2-386 (6) s.	   1
2fo	(60) 1-609 (39) s.	   1
2fo	(36) 1-747 (61) s.	   1
4to	(2) s. A4-C4D2.	   1
12mo	(2) 3-269 (11) bl.	   1
12mo	(3) 4-171 (1) s.	   1
4to	(7) 2-483 (1) s.	   1
4to	(8) 1-511 (5) bl.	   1
4to	(8) 5-450 (5) bl.	   1
2fo	(26) 1-628 bl.	   1
12mo	(7) 2-256 (6) s.	   1
4to	A4-K4-?	   1
4to	A4-B4 C2.	   1
12mo	(2) 3-68 (2) s.	   1
12mo	A12-C12D6	   1
12mo	(13) 1-69 (2) s.	   1
4to	AA4.	   1
2fo	A2B.	   1
2fo	(2) s. A2C1.	   1
2fo	A3-B3.	   1
4to	[11] s. A4B2.	   1
2fo	A2-C2D.	   1
4to	[16] s. A4.	   1
4to	):4):2.	   1
12mo	(:)12A12-N12O6.	   1
12mo	(49) 2-528 (36) s.	   1
12mo	(36) 1-503 (1) s.	   1
12mo	(40) 1-587 (1) s.; (3) 4-277 (5) s.	   1
12mo	(3) 4-87 (1) s.	   1
4to	A2B4-C4D2.	   1
4to	(16) 1-688 (5) s.	   1
4to	(5) 1-31 (1) s.	   1
12mo	(24) 1-239 (1) s.	   1
4to	(a)2A4-C4.	   1
4to	a4-b4c2 A4-I4K2.	   1
12mo	(10) 1-1057 (19) s.	   1
12mo	(18) 1-1008 (16) s.	   1
4to	A4D4E2.	   1
16mo	(16) b1. + B4.	   1
4to	A5.	   1
4to	A9-E4.	   1
4to	A4-B2.	   1
4to	(17) 2-340 (eg. 370) (4) s.	   1
4to	):(4 1-199 (1) s.	   1
4to	(2) 1-29 (1) s.	   1
4to	33 [1] s.	   1
4to	28 [2] s.	   1
NA	2 Vol.	   1
12mo	2 vol. i 1 (674 s.)	   1
8vo	8 vol.	   1
8vo	3 vol	   1
12mo	19 brev	   1
NA	50 vol.	   1
24mo	240 s. (s. 239-40 opag.).	   1
12mo	72 s. & omslag	   1
NA	38 vol.	   1
4to	56 s. =(s. 55-56 opag.)=.	   1
4to	20 s. =(s. 19 felpag. '17')=.	   1
4to	42 s. =(s. 39-40 opag., s. 41/42 blank).=	   1
4to	32 s. =(s. 31-32 felpag '30'-'31').=	   1
4to	680 s. (s. 679/680 blank).	   1
4to	16 s. (s. 15/16 blank)	   1
4to	65[1] s.	   1
4to	40 s. =()s. 39/40 blank).=	   1
4to	40 s. =(s. 40 felpag. '32')=.	   1
4to	16 s. =(s. 12-16 opag.)=.	   1
4to	192:= 2:o, 1 1/2 ark; =till 4:de samlingen, s. 20:= 2:o, 1/2 ark; =s. 379:= 4:o(tv.), 1 ark; =s. 458:= 2:o, 1/2 ark; =s. 1021:= 2:o, 9 1/2 ark; =s. 1415:= 4:o(tv.), 1/2 ark; =s. 1475:= 2:o, 1 1/2 ark; =s. 1563:= 2:o, 3 1/2 ark; =s. 1669:=;(4:o(tv.), 1/2 ark; =s: 1688:= 2:o, 1 ark; =s. 1942:= 2:o, 1/2 ark; =till 5:te samlingen, s. 268:= 2:o(tv.), 16 1/2 ark; =s. 400:= 2:o, 1/2 ark; =till 6:te samlingen, s. 530:= 2:o(tv.), 1 ark; =till 8:de samlingen, s. 643:= 2:o(tv.),);(1/2 ark.)	   1
4to	48 s. =(s. 45-46 opag., s. 47/48 blank)=.	   1
4to	36 s. =(s. 35-36 opag.)=.	   1
4to	44 s. =(s. 44 felpag. '40')=.	   1
4to	24 s. =(s. 23 felpag. '21')=.	   1
4to	60 s. =(s. 60 felpag. '30')=.	   1
4to	56 s. =(s. 55/56 blank)=; [2] ins.	   1
4to	47[1] s.; [1] ins.	   1
4to	[52] s. =(s. 51/52 blank)=.	   1
4to	36 s. =(s. 35 felpag '23')=.	   1
4to	104 s. =(s. 103/104 blank)=.	   1
4to	68 s. =(s. 67/68 blank)=.	   1
4to	60 s. =(s. 59/60 blank)=.	   1
4to	1716 s. =(s. 1715-1716 opag. rättelser)=.	   1
4to	120 s. =(s. 119-120 opag.)=.	   1
4to	128 s. =(s. 127/128 blank)=.	   1
4to	08 s. =(s.7-8 opag.)=	   1
4to	16 s. =(s. 11-16 opag.)=	   1
4to	[08] s. =(s. 7/8 blank.)=	   1
4to	96 s. =(s. 95/96 blank)=.	   1
4to	116 s. =(s.115 opag. rättelser)=.	   1
4to	188 s. [1] rättelsebl.	   1
4to	268 s. =(s. 263-266 opag., 267/268 blank)=.	   1
4to	112 s. =(s. 111 opag. rättelser)=.	   1
4to	140 s. =(s. 139/140 blank)=.	   1
4to	[08] s. =(s. 5/6 och 7/8 blanka)=.	   1
4to	34 s. =(s. 33-34 felpag. '31'- '32')=.	   1
4to	08 s. =(s. 7 felpag. '9')=.	   1
4to	116 s. =(s. 116 felpag. '117')=.	   1
4to	08 s. =(s. 8 felpag. '6')=.	   1
4to	12 s. =(s. 11-12 opag.)=.	   1
4to	40 s. =(s. 39-40 opag.)=	   1
4to	100 s. =(s. 99 felpag. '14')=.	   1
4to	[14] s. =(s. 13/14 blank)=.	   1
4to	168 s. =(s. 167-68 felpag. '149', '144')=.	   1
12mo	48 s. =(s. 48 opag. prisuppg.).=	   1
4to	28 s. (s. 28 blank)	   1
16mo	[40] s. =(s. 39/40 blank).=	   1
4to	52 s. =(s. 51-52 opag.).=	   1
4to	44 s. =(s. 43/44 blank).=	   1
4to	40 s. =(s. 26-38 opag., s. 39/40 blank).=	   1
4to	80 s. =(s. 79 opag. rättelser).=	   1
16mo	[32] s. =(s. 1/2, 29/30 o. 31/32 blanka).=	   1
4to	76 s. =(s. 75-76 opag.).=	   1
4to	64 s. =(s. 63/64 blank).=	   1
4to	16 s. =(s. 15- 16 opag.).=	   1
4to	44 s. =(s. 41-44 opag.).=	   1
4to	96 s. =(s. 65-96 opag.).=	   1
4to	40 s. =(s. 32-40 opag.).=	   1
4to	20 s. =(s. 17-20 opag.).=	   1
4to	40 s. =(s. 17-40 opag.).=	   1
4to	40 s. =(s. 33-40 opag.).=	   1
4to	72 s. =(s. 65-72 opag.).=	   1
4to	76 s. =(s. 69-76 opag.).=	   1
4to	48 s. =(s. 46-48 opag.).=	   1
4to	60 s. =(s. 56-60 opag.).=	   1
4to	40 s. =(s. 25-40 opag.).=	   1
4to	94 s. =(s. 81-94 opag.).=	   1
4to	64 s. =(s. 39-64 opag.).=	   1
4to	46 s. =(s. 36-46 opag.).=	   1
4to	40 s. =(s. 28-40 opag.).=	   1
4to	32 s. (s. 1-7 opag.)	   1
4to	36 s. =(s. 35 felpag. '45').=	   1
4to	56 s. (s. 55-56 opag.)	   1
12mo	xxiv s. =(s. xxi/xxii, xxiii/xxiv blanka)=.	   1
4to	40 s. =(s. 39/40 blank).= s.	   1
4to	80 s. =(s. 69-80 opag.).=	   1
12mo	50 s. =(s. 50 felpag. '47').=	   1
4to	110 s. =(s. 110 felpag. '111').=	   1
4to	30 s. =(s. 22-30 opag.).=	   1
12mo	32 s. =(s. 31-32 opag.).= & omsl.	   1
18mo	198 s. =(s. s. 191-98 opag.)=.	   1
2fo	[04] pl. & omsl.	   1
4to	[02] s. [08] s. [08] s. [04] s. [08] s. [04] s.	   1
4to	13 vol.	   1
12mo	[08] s. =(s. 7/8 blank)=.	   1
4to	5 vol.	   1
12mo	16 s. =(s. 15-16 opag. annons)=.	   1
4to	36 s. =(s. 35 opag. rättelser)=.	   1
4to	22 s. =(s. 19-20 opag., 21/22 blank).=	   1
4to	[4] s. =(s. 2, 3/4 blank).=	   1
4to	35[1] s.	   1
4to	60 s. =(s. 36-60 opag.)=.	   1
4to	164 s. =(s. 159 opag. rättelser).=	   1
4to	200 s. =(s. 199 opag. rättelser).=	   1
4to	12 s. =(s. 12 felpag. '21').=	   1
4to	28 s. =(s. 23-28 opag.).=	   1
4to	98 s. =(s. 97/98 blank)=.	   1
4to	[08] s.=(s. 7/8 blank)=.	   1
4to	200 s. =(s. 199/200 blank)=.	   1
16mo	128 s. =(s. 127-28 opag.)=; [4] pl. & förlagsbd.	   1
2fo	=S. impr=. 2:o. [04] s.	   1
2fo	[14] s. hebr.typer.	   1
4to	[40] s. =(s. 1/2 blank).=	   1
2fo	80 s. =(s. 21-80 opag.).=	   1
2fo	24 s. =(s. 23-24 opag.).=	   1
12mo	156 s. =(s. 154-56 opag.)=; [2] pl. & omsl.	   1
12mo	144 s. (s. 138-42 opag., 143/44 blank)	   1
12mo	132 s. =(s. 129-32 opag.).=	   1
12mo	60 s. =(s. 33-60 opag.).=	   1
2fo	=S. impr.= [04] s.	   1
2fo	[12] s. =(s. 11/12 blank)=.	   1
2fo	[44] s. =(s. 43/44 blank)=.	   1
4to	[64] s. =(s. 1/2 blank)=; [1] rättelsebl.	   1
2fo	16 s. =(s. 15/16 blank)=.	   1
2fo	12 s. =(s. 10-12 opag.)=	   1
12mo	120 s. =(s. 113-20 opag.)=.	   1
4to	212 s. =(s. 208- 12 opag.)=.	   1
12mo	144 s. =(s. 138-42 opag., 143/44 blank)=.	   1
12mo	360 s. =(s. 356-60 opag.)=.	   1
12mo	348 s. =(s. 344- 48 opag.)=.	   1
12mo	36 s. =(s. 35-36 opag.).=	   1
12mo	214 s. =(s. 205-14 opag.)=.	   1
12mo	300 s. =(s. 299/300 blank)=.	   1
12mo	248 s. (s. 248 opag)	   1
12mo	298 s. (s. 293-98 opag.)	   1
4to	32 s. =(s. 30/32 blank).=	   1
4to	[04] s. =(s. 3/4 el. 1/2 blank)=.	   1
4to	30 s. =(s. 30 felpag. '16')=.	   1
16mo	52 s. =(s. 51/52 blank).=	   1
12mo	120 s. =(s. 117/18, 119/20 blanka)=; [4] pl. & omsl.	   1
4to	[04] s./	   1
4to	124 s. =(s. 121-24 opag.)=.	   1
4to	88 s. =(s. 86-87 felpag. '84', '85')=.	   1
4to	44 s. =(s. 41-44 opag.)=.	   1
4to	[02] s. 12 s. [04] s. 16 s. 12 s.	   1
12mo	114 s. =(s. 113-14 opag.)=.	   1
12mo	262 s. =(s. 256-62 opag.)=; pl.titelbl., [8] pl. & omsl.	   1
16mo	72 s. =(s. 70-72 opag.)=; [6] pl. & omsl.	   1
4to	14 f., 22 s. =(s. 19-22 opag.)=; pl.titelbl., 28 pl., [1] rättelsebl.	   1
16mo	=Serietitelbl.:= [02] s. [04] , 186 s. =(s. 185-86 opag.)=.	   1
16mo	=Serietitelbl.:= [02] s. 86 s.	   1
4to	[ii02] s.	   1
4to	104 s. =(s. 99-104 opag.)=; [5] ins.	   1
12mo	256 s. =(s. 255-56 opag.).=	   1
12mo	432 s. =(s. 424-432 opag.).=	   1
12mo	356 s. =(s. 351-54 opag., 355/56 blank)=.	   1
12mo	324 s. =(s. 323-24 opag.)=	   1
12mo	72 s. =(s. 69-72 opag.).=	   1
12mo	672 s. =(s. 654-72 opag., s. 669 prisuppgift, s. 671/72 blank)=	   1
4to	48 s. (s. 48 blank)	   1
4to	48 s. (s. 47-48 opag. annons)	   1
4to	24 s. (s. 23/24 blank)	   1
4to	=Gemensamt titelbl. m.m.:= [04] s. 16 s. 16 s. 20 s. 20 s. 12 s. 12 s. 16 s. 20 s.	   1
4to	36 s. =(s. 35/36 blank).=	   1
4to	60 s. =(s. 59-60 opag. rättelser).=	   1
12mo	232 s. =(s. 231-32 opag. annons)	   1
4to	86 s. (s. 84-86 opag.).	   1
18mo	216 s. =(s. 216 felpag. '206').=	   1
18mo	232 s. =(s. 231/32 blank).=	   1
12mo	72 s. =(s. 65-72 opag.).=	   1
12mo	72 s. =(s. 71/72 blank).=	   1
12mo	72 s. =(s. 71 opag. imprimaturuppgift).=	   1
18mo	72 s. =(s. 67/68, 69/70, 71/72 blanka).= & omsl.	   1
12mo	20 s. =(s. 19/20 blank).=	   1
12mo	446 s. =(432-46 opag.).=	   1
12mo	204 s. =(s. 203-04 opag.)=.	   1
12mo	96 s. =(s. 87-96 opag.)=.	   1
12mo	96 s. =(s. 91-96 opag.)=.	   1
12mo	96 s. =(s. 88-96 opag.)=.	   1
12mo	126 s. =(s. 124-26 opag.)=.	   1
12mo	108 s. =(s. 106-08 opag.)=.	   1
12mo	72 s. =(s. 65-72 opag.)=.	   1
12mo	72 s. =(s. 69/70, 71/72 blanka)=.	   1
18mo	288 s. =(s. 224-88 opag.)=.	   1
18mo	300 s. =(s. 297/98, 299/300 blanka)=.	   1
18mo	288 s. (s. 228-88 opag.).	   1
12mo	336 s. =(s. 327-36 opag.)=.	   1
12mo	120 s. =(s. 119/20 blank)=.	   1
12mo	408 s. (s. 406-08 opag.)	   1
12mo	408 s. (s. 406-08 opag.), [1] pl.-bl.	   1
12mo	432 s. (s. 427-32 opag.), [1] pl.-bl.	   1
12mo	430 s. (s. 425-30 opag.), [1] pl.-bl.	   1
12mo	420 s. (s. 413-20 opag.)	   1
16mo	56 s. =(s. 53-56 opag.)=	   1
12mo	354 s. =(s. 349-54 opag.).=	   1
18mo	280 s. =(s. 278-80 opag.).=	   1
12mo	336 s. =(s. 335/336 blank).=	   1
12mo	276 s. =(s. 275/76 blank).=	   1
16mo	258 s. =(s. 257-58 opag.).=	   1
12mo	360 s. =(s. 358 felpag. '258', 359/60 blank).=	   1
12mo	450 s. =(s. 448-50 opag.).=	   1
16mo	404 s. =(s. 401-04 opag.)=; pl.förtitelbl.	   1
12mo	336 s. =(s. 335/36 blank).=	   1
12mo	456 s. =(s. 448-56 opag.)=; pl.titelbl.	   1
12mo	432 s. =(s. 428-32 opag.).=	   1
18mo	720 s. =(s. 711-12 opag., 713/14, 715/16, 717/18, 719/20 blanka)=; [2] pl.titelbl.	   1
12mo	408 s. =(s. 399-408 opag.).=	   1
12mo	312 s. =(s. 309-10 opag., 311/12 blank).=.	   1
12mo	392 s. =(s. 389-92 opag.).=	   1
12mo	192 s. (s. 187 opag. prisuppg., 189/90, 191/92 blanka)	   1
12mo	310 s. =(s. 309-10 opag.)=.	   1
12mo	432 s. =(s. 1/2 blank)=.	   1
12mo	432 s. (s. 1/2 blank)	   1
12mo	408 s. (s. 397-408 opag.)	   1
4to	Gemensamt titelbl.: [02] s. 24 s. 16 s. 24 s.	   1
4to	=Gemensamt titelbl.:= 02 s. S. 3-36. 24 s. 16 s. 20 s.	   1
4to	70 s. =(s. 69 felpag. '67')=.	   1
4to	=Gemensamt titelbl.:= [02] s. 08 s. 20 s. 16 s. 20 s. 36 s. 10 s.	   1
4to	22 s. =(s. 21-22 opag.).=	   1
4to	28 s. =(s. 27 opag. rättelser).=	   1
4to	42 s. =(s. 41-42 opag.).=	   1
4to	20 s. =(s. 19 felpag. '20').=	   1
4to	36 s. =(s. 35 felpag. '31').=	   1
4to	44 s. =(s. 43 opag. rättelser).=	   1
4to	10 s. =(s. 9-10 opag.)=.	   1
4to	=Gemensamt titelbl.:= [02] s. 12 s. 20 s. 18 s. 20 s.	   1
4to	=Gemensamt titelbl.:= [02] s. 24 s. 24 s. 18 s.	   1
4to	=Gemensamt titelbl.:= [02] s. 24 s. 24 s. 20 s. 32 s. 28 s. 24 s. 22 s.	   1
4to	08 .s	   1
4to	32 s. =(s. 32 felpag. '30')=.	   1
12mo	32 s. =(s. 31/32 blank)=. & omsl.	   1
4to	48 s. =(s. 47 opag. rättelser)=.	   1
4to	28 s. =(s. 27-28 opag. annons)=.	   1
4to	72 s. =(s. 70- 72 opag.)=.	   1
4to	32 s. =(s. 32 felpag. '22')=.	   1
4to	32 s. =(s. 31/32 s. blank)=.	   1
4to	48 s. =(s. 47-48 opag. annons)=.	   1
4to	912 s. =(s. 905-10 opag., 911/12 blank)	   1
12mo	292 s. (s. 290-92 opag.), [1] rättelsebl.	   1
4to	72 s. =(s. 71/72 blank)=	   1
4to	342 s. =(s. 341-42 opag.).=	   1
12mo	240 s. (s. 238-40 opag.)	   1
4to	144 s. =(s. 143 opag. annons).=	   1
24mo	240 s. =(s. 237/238, 239/240 blanka).=	   1
12mo	168 s. =(s. 161-64 opag., 165/166, 167/168 blanka).=	   1
12mo	168 s. =(s. 161- 64 opag., 165/166, 167/168 blanka).=	   1
12mo	70 s. =(s. 68-70 opag.).=	   1
4to	72 s. =(s. 69-72 opag.)=.	   1
12mo	20 s. =(s. 19/20 blank)= & omsl.	   1
4to	96 s. =(s. 94 felpag. '64', 95 opag. rättelser)=.	   1
12mo	[120] s. =(s. 117/118, 119/120 blanka).=	   1
12mo	293 [3] s.	   1
12mo	317 [3] s.	   1
4to	144 s. =(s. 143-44 opag. rättelser).=	   1
12mo	144 s. =(s. 143/144 blank).=	   1
12mo	126 s. =(s. 125-26 opag.)=.	   1
18mo	[04] s. [02] , 126 s. [04] s. 100 s.	   1
4to	38 s. =(s. 36-38 opag.).=	   1
4to	84 s. =(s. 83 opag. rättelser).=	   1
4to	96 s. =(s. 94-95 opag. rättelser).=	   1
12mo	52 s. =(s. 51/52 blank).=	   1
12mo	24 s. =(s. 22-24 opag.)=; pl.titelbl.	   1
12mo	42 s. =(s. 40-42 opag.)= & omsl.	   1
12mo	156 s. =(s. 155-56 opag.)=.	   1
12mo	116 s. =(s. 114-16 opag.)=.	   1
12mo	[48] s. =(s. 47/48 blank)=.	   1
12mo	[50] s. =(s. 49/50 blank)=.	   1
4to	70 s. =(s. 69 felpag. '89')=; [4] ins.	   1
4to	24 s. =(s. 23/24 blank)=; [3] ins.	   1
4to	40 s. =(s. 39/40 blank)=; [4] ins.	   1
4to	54 sp., [01] s. =(totalt 28 s.).=	   1
4to	46[2] s. =(s. 47-48 opag.)=	   1
4to	44 s. =(s. 43-44 opag.)=	   1
4to	44 s. =(s. 43-44 opag.)=.	   1
4to	14[2] s. =(s. 15/16 blank)=.	   1
4to	42[2] s. =(s. 43-44 opag.)=.	   1
4to	18 s. =(s. 14- 18 opag.)=	   1
12mo	32 s. =(s. 31/32 blank).=	   1
4to	20 s. =(s. 17-20 opag.)=; [1] ins., [1] pl., vridskiva =(till pl.)=	   1
12mo	56 s. =(s. 55/56 blank)= & omsl.	   1
12mo	60 s. =(s. 59/60 blank).=	   1
12mo	84 s. =(s. 83/84 blank)= & omsl.	   1
12mo	48 s. =(s. 45-48 opag. annons)= & omsl.	   1
12mo	84 s. =(s. 83-84 opag.)=	   1
12mo	36 s. (s. 35/36 blank) & omsl.	   1
12mo	204 s. =(s. 201-02 opag., 203/204 blank).=	   1
12mo	130 s. =(s. 129-30 opag.)=; [8] pl. & omsl.	   1
12mo	4 vol. i 1;(248 s. =(s. 247/248 blank)=)	   1
12mo	[12] s. =(s. 11/12 blank).=	   1
16mo	216 s. =(s. 212-16 opag.)=; [1] pl. & omsl.	   1
4to	12 s. =(s. 11/12 blank)=	   1
4to	40 s. =(s. 35-40 opag.)=.	   1
12mo	16:o.	   1
12mo	204 s. =(s. 202-04 opag.)= & omsl.	   1
12mo	180 s. =(s. 179-80 opag. rättelser)= & omsl.	   1
12mo	176 s. =(s. 175-76 opag. rättelser)= & omsl.	   1
4to	08 s. (=Almänna magazinet=, 1:14.)	   1
4to	08 s. (=Almänna magazinet=, 1:26.)	   1
4to	44 s. (s. 37-44 opag.).	   1
4to	44 s. (s.43 felnumrerad '30' och 44 är onumrerad)	   1
12mo	48 s. =(s. 45-48 opag., 43/44 blank)=	   1
12mo	48 s. =(s. 45-48 opag.)=.	   1
4to	08 s. =(s. 6-8 opag.)=.	   1
4to	40 s. =(s. 35-38 opag., 39/40 blank)=	   1
4to	[24 s.] =(s. 23/24 blank)=.	   1
4to	28 s. =(s. 27-28 felpag. '29', '32')=.	   1
1to	[06] f.; pl.titelbl., pl. dedik.bl., lxii pl., [24] s. =(planschförteckn.)=.	   1
4to	20 s. =(s. 19- 20 opag.)=.	   1
4to	40 s. =(s. 37-38 felpag. '23' resp. '22', s. 39/40 blank)=.	   1
4to	28 s. =(s. 22-26 opag., 27/28 blank)=.	   1
4to	[8] s. =(s. 7/8 blank)=.	   1
4to	16 s. =(s. 14 felpag. '15', s. 15/16 blank)=.	   1
12mo	48 s. =(s. 45/46, 47/48 blanka).=	   1
12mo	166 s. =(s. 163/64, 165/66 blanka)=	   1
4to	40 s. =(s. 39/40 blank)=; pl. v.	   1
6to	12 vol.	   1
4to	48 s. =(s. 47/48 blank)=	   1
4to	98 s. =(s. 75-98 opag.)=; [6] ins.	   1
4to	58 s. =(sd. 57-58 opag.).=	   1
4to	180 s. =(s. 176-80 opag.).=	   1
12mo	36 s. =(s. 35/36 blank).=	   1
12mo	70 s. =(s. 66-68 opag., 69/70 blank).=	   1
12mo	116 s. =(s. 113-16 opag.)=.	   1
12mo	102 s. =(s. 100-02 opag.)=.	   1
12mo	106 s. =(s. 104-06 opag.).=	   1
12mo	108 s. =(s. 105-08 opag.).=	   1
12mo	104 s. =(s. 100-02 opag., 103/104 blank).=	   1
4to	63[1] s.	   1
12mo	24 s. =(s. 23/24 blank)=	   1
4to	32 s. =(s. 30-32 opag.)=	   1
12mo	60 s. =(s. 49-60 opag.)=.	   1
12mo	68 s. =(s. 67 opag. rättelser)=.	   1
4to	74 s. =(s. 45-74 opag.)=; [1] rättelsebl.	   1
4to	80 s. =(s. 76-80 opag.)=; [1] rättelsebl.	   1
4to	186 s. =(s. 183-86 opag.)=.	   1
4to	184 s. =(s. 180-84 opag.)=.	   1
12mo	68 s. =(s. 67-68 opag.)=. & omsl.	   1
4to	50 s. =(s. 48-50 opag.)=.	   1
12mo	80 s. =(s. 79/80 blank)=.	   1
12mo	64 s. =(s. 63 opag. prisuppg.)=.	   1
4to	08 s. (=Almänna magazinet=. 1:1.)	   1
1to	Till kongl. maj:ts allmänna nådiga stadga om rikets mått, mål och wigt. 2:o Till kongl. maj:ts nådiga förordning om hwad wid werkställigheten af den nya stadgan om mått, mål och wigt iakttagas bör. På kongl. maj:ts nådiga befallning,;(af trycket utgifna. Cum gratia & privilegio s:æ r:æ maj:tis. Stockholm, tryckt i kongl. tryckeriet, 1826. 4:o. 28 s.)	   1
24mo	[302] s. =(s. 289/290 (M12) blank).=	   1
12mo	68 s. =(s. 67-68 opag. annons)= & omsl.	   1
12mo	56 s. =(s. 51-56 opag. annons)= & omsl.	   1
16mo	16 s. =(s. 14-16 opag.)=.	   1
16mo	1 vikt ark ([4] s.) med spelregler, 2 planscher med spelplan, spelpjäser ; i fodral	   1
4to	160 s. =(s. 159/60 blank)=.	   1
4to	216 s. =(s. 215/16 blank)=.	   1
24mo	[48] s. =(s. 7/8 blank)=.	   1
4to	152 s. =(s. 127-50 opag., 151/152 blank).=	   1
12mo	280 s. =(s. 1/2 blank)= & omsl.	   1
12mo	272 s. =(s. 271-72 opag. annons)=	   1
12mo	108 s. =(s. 107-08 opag. annons).=	   1
4to	=Gemensam tit. o. innehåll:= [06] s. 16 s. 32 s. 32 s. 32 s. 32 s. 32 s. 32 s. 32 s. 32 s. 32 s. 50 s.	   1
4to	=Gemensamt titelbl.:= [02] s. [02] , 50 s. [02] , 128 s. [02] , 56 s. [02] , 16 s. 12 s. 12 s. 32 s. 08 s. 08 s.	   1
12mo	96 s. =(s. 93-94 opag., 95/96 blank)=.	   1
32mo	64 s. =(s. 63/64 blank)=.	   1
12mo	120 s. =(s. 119- 20 opag.)=.	   1
12mo	70 s. =(s. 69 felpag. '61')=.	   1
4to	08 s. (=Almänna magazinet=. 1:4.)	   1
12mo	300 s. =(s. 297-98 opag., 299/300 blank)=	   1
12mo	262 s. =(s. 261-62 opag.)=	   1
12mo	144 s. =(s. 135-44 opag.).=	   1
12mo	72 s. =(s. 69-72 opag annons).=	   1
12mo	152 s. =(s. 151 opag. rättelser).=	   1
4to	36 s.=(s. 35 opag. rättelser)=; [2] ins.	   1
18mo	108 s. =(s. 81-108 opag.).=	   1
4to	176 s. =(s. 175 opag. rättelser).=	   1
4to	64 s. =(s. 63 opag. rättelser)=.	   1
4to	72 s. =(s. 70-71 felpag. '79', '80')=.	   1
4to	08 s. (Almänna magazinet, 1:25.)	   1
12mo	72 s. =(s. 71-72 opag. annons).=	   1
12mo	252 s. =(s. 251/52 blank)=; [2] pl., tryckt ryggetikett.	   1
4to	[08] . ii80 s. =(s. 7 rättelser)=.	   1
12mo	=Serietitelbl.:= [02] s. [02] , 386 s. =(s. 385 felpag.	   1
12mo	=Serietitelbl.:= [02] s. [02] , 428 s. =(s. 427-28 opag. rättelser)=; [4] pl.; [1] ins.	   1
4to	16 s. =(s. 15 felpag. '16')=; [1] ins.	   1
4to	12 s. =(s. 11-12 opag.).=	   1
12mo	216 s. =(s. 215-16 opag.)=	   1
4to	64 s. (s.64 blank)	   1
4to	=Gemensamt titelblad:= [02] s. [02] , 18 s. 14 s. 16 s. 28 s. [02] , 12 s. 16 s. 12 s. =Gemensamt rättelsebl.:= [02] s.	   1
4to	48 s. =(s. 47-48 opag.).=	   1
4to	24 s. =(s. 23-24 opag.)=	   1
4to	24 s. =(s. 17-24 opag.).=	   1
12mo	168 s. =(s. 168 felpag. '158'.)=.	   1
4to	52 s. =(s. 50-52 opag.)=.	   1
4to	60 s. =(s. 59-60 opag.)=	   1
12mo	148 s. =(s. 146-48 opag.)=.	   1
12mo	166 s. =(s. 163-66 opag.)=.	   1
4to	172 s. =(s. 171-72 opag. rättelser)=.	   1
12mo	126 s. =(s. 111-26 opag.)=.	   1
24mo	300 s. =(s. 289-300 opag.)=.	   1
24mo	300 s. =(s. 292-300 opag.)=.	   1
24mo	240 s. =(s. 239-40 opag.)=	   1
24mo	240 s. =(s. 239- 40 opag.)=.	   1
4to	48 s. =(s.47/48 blank)=.	   1
4to	22 s. =(s. 23/24 blank).=	   1
4to	[20] s. =(s. 19/20 blank)=	   1
4to	100 s. (s. 100 rättelser)	   1
12mo	444 s. =(s. 443-44 opag.)=	   1
12mo	444 s. (s. 443-44 opag.)	   1
12mo	432 s. (s. 429-32 opag.)	   1
12mo	432 s. =(s. 431/32 blank)=.	   1
12mo	190 s. =(s. 187- 90 opag.)=	   1
4to	16 s. (s. 16 opag.)	   1
12mo	36 s. =(s. 33/34, 35/36 blanka)=.	   1
16mo	08 s. =(s. 7-8 opag.)=	   1
4to	18 s. =(s. 13-18 opag.)=	   1
4to	144 s. =(s. 143 felpag. '142', s. 143 rättelser, s. 144 blank)=.	   1
12mo	192 s. =(188-92 opag. annons)=.	   1
4to	56 s. =(s. s 55 opag. rättelser).=	   1
4to	40 s. =(s. 39 opag. rättelser).=	   1
16mo	32 s. =(s. 31/32 blank).=	   1
12mo	104 s. =(s. 103/104 blank)=; [1] pl. & omsl.	   1
12mo	252 s. =(s. 251-52 opag.).=	   1
4to	[14] s. (s. 13/14 blank)	   1
4to	32 s. =(s. 30 felpag. '20', s. 31/32 blank)=.	   1
4to	112 s. =(s. 79-112 opag.)=	   1
12mo	24 s. =(s. 21/22, 23/24 blanka)=.	   1
4to	[28] s. =(s. 27/28 blank)=, [8] pl.-bl.	   1
12mo	36 s. =(s. 34-36 opag.)= & omsl.	   1
12mo	288 s. =(s. 278-288 opag.).=	   1
12mo	[60] s. =(s. 59/60 blank)=.	   1
32mo	[28] s. =(s. 27/28 blank)= & omsl.	   1
12mo	132 s. =(s. 119-32 opag., s. 131-32 annons)=.	   1
12mo	96 s. =(s. 87-96 opag., s. 95/96 blank)=.	   1
12mo	310 s. =(s. 293-310 opag.)= & omsl.	   1
4to	72 s. =(s. 71/72 blank)=.	   1
4to	22[2] s. =(s. 23/24 blank)=.	   1
4to	37[1] s.; 2:o. [06] s.	   1
4to	[12] s. =(s. 7/8 blank)=	   1
16mo	[48] s. Anmärkning: Tryckt i rött och svart; trol. 1723. =Var.:= punkt efter 'Tammelin' och feltryck 'Finlan' i impressum.	   1
16mo	[48] s. Anmärkning: Tryckt i rött och svart; trol. 1722. =Var. med impressum:= 'Stockholm, tryckt af Henr. C. Merckell.' samt smärre ändringar i B-arket.	   1
16mo	[48] s. Anmärkning: Tryckt i rött och svart; trol. 1722.	   1
16mo	16:o. [48] s.	   1
16mo	[40] s. Anmärkning: Tryckt i rött och svart; trol. 1747.	   1
16mo	[48] s. Anmärkning: Ill. Tryckt i rött och svart; trol. 1747. =Var.:= titeln slutar 'tidens afdelning beskrifwes.'.	   1
16mo	[48] s. Anmärkning: Ill. Tryckt i rött och svart; trol. 1744.	   1
16mo	24 f. =(f. 17-24 ofol.)=.	   1
16mo	[48] s. Anmärkning: Ill. Tryckt i rött och svart; trol. 1733.	   1
4to	132 s. =(s. 131/32 blank)=; [1] ins.	   1
4to	112 s. =(s. 111/12 blank)=.	   1
4to	24 s. =(s. 4 felpag. '2')=.	   1
4to	32 s. =(s. 29-32 opag.)=; [1] ins.	   1
4to	46 s. =(s. 45-46 opag.).=; [4] ins.	   1
4to	12 s. =(s. 11/12 blank).=	   1
4to	40 s. =(s. 33-40 opag.)=; [4] ins.	   1
16mo	[16] s. =(s. 13/14, 15/16 blanka).=	   1
4to	[20] s. =(s. 7/8 blank).=	   1
4to	12 s. (s. 11/12 blank)	   1
4to	8 s. (s. 8 opag.)	   1
4to	=Gemensamt titelbl.:= [02] s. 20 s. =(s. 17-20 opag.)=; [4] ins. 20 s. =(s. 17-20 opag.)=; [4] ins. 24 s. [1] rättelsebl. =(gemensamt)=.	   1
4to	24 s. =(s. 16-24 opag., s. 23/24 blank)=; [1] ins.	   1
4to	32 s.=(s. 31/32 blank)=; ii pl. & omsl.	   1
1to	[04] f.	   1
1to	[1] ettbladstryck	   1
1to	[03] f.	   1
16mo	[48] f.	   1
2fo	1:o. [03] f.	   1
2fo	64 s. =(s. 52-64 opag.).=	   1
2fo	84 s. =(s. 77-84 opag.).=	   1
4to	92 s. =(s. 85-92 opag.).=	   1
4to	60 s. =(. 53-60 opag.).=	   1
4to	72 s. =(s. 72 felpag. '70').=	   1
1to	[02] s. typer.	   1
4to	64 s. =(s. 50-64 opag.).=	   1
4to	44 s. =(s. 22-44 opag.).=	   1
4to	38 s. =(s. 37-37 opag.).=	   1
4to	24 s. =(s. 13-24 opag.).=	   1
4to	60 s. =(s. 49-60 opag.).=	   1
4to	72 s. =(s. 38-72 opag.).=	   1
4to	148 s. =(s. 147-48 opag.).=	   1
4to	36 s. =(s. 32-36 opag.).=	   1
4to	36 s. =(.s 19-36 opag.).=	   1
4to	96 s. =(s. 95-96 opag.).=	   1
4to	68 s. =(s. 65-68 opag.).=	   1
4to	52 s. =(s. 38-52 opag.).=	   1
4to	16 s. =(s. 15 opag. rättelser).=	   1
4to	76 s. =(s. 59-76 opag.).=	   1
4to	62 s. =(s. 59-62 opag.).=	   1
4to	32 s. =(s. 30-32 opag.).=	   1
4to	104 s. =(s. 101-04 opag.).=	   1
4to	46 s. =(s. 43-46 opag., s. 42 felpag. '44').=	   1
4to	76 s. =(s. 70-76 opag.).=	   1
4to	128 s. =(s. 104-28 opag.).=	   1
4to	36 s. =(s. 33-36 opag.).=	   1
4to	84 s. =(s. 75-84 opag.).=	   1
4to	90 s. =(s. 71-90 opag., s. 68-69 felpag. '69'-'70').=	   1
2fo	52 s. =(s. 47-52 opag.)=.	   1
12mo	384 s. =(s. 383/84 blank)=.	   1
12mo	312 s. =(s. 309/10, 311/12 blanka)=.	   1
12mo	[384] s. =(s. 383/84 blank)=.	   1
16mo	[64] s. =(s. 63/64 blank)=.	   1
16mo	64 s. =(s. 63-64 opag.)=.	   1
18mo	232 s. =(s. 231/32 blank)=.	   1
12mo	156 s. =(s. 155/56 blank)=.	   1
4to	106 s. =(s. 101- 06 opag.)=.	   1
4to	68 s. =(s. 55-68 opag.)=.	   1
4to	40 s. =(s. 32-40 opag.)=.	   1
4to	20 s. =(s. 18-20 opag.)=.	   1
4to	18 s. =(s. 13-18 opag.)=.	   1
4to	30 s. =(s. 29-30 opag.)=.	   1
4to	80 s. =(s. 61-80 opag.)=.	   1
4to	44 s. =(s. 39-44 opag.)=.	   1
4to	72 s. =(s. 50-72 opag.)=.	   1
4to	104 s. =(s. 87-104 opag.)=.	   1
4to	60 s. =(s. 45-60 opag.)=.	   1
4to	48 s. =(s. 44-48 opag.)=.	   1
4to	74 s. =(s. 35-74 opag.)=.	   1
4to	52 s. =(s. 38-52 opag.)=.	   1
4to	20 s. =(s. 13-20 opag.)=.	   1
4to	36 s. =(s. 33-36 opag.)=.	   1
4to	24 s. =(s. 21-24 opag.)=.	   1
4to	88 s. =(s. 86-88 opag.)=.	   1
4to	48 s. =(s. 44- 48 opag.)=.	   1
4to	18 s. (s. 17-18 opag.).	   1
4to	72 s. =(s. 70-72 opag.)=.	   1
4to	128 s. =(s. 127/28 blank)=	   1
4to	40 s. =(s. 33-40 opag.)=.	   1
4to	28 s. =(s. 23-28 opag.)=.	   1
4to	48 s. =(s. 37-48 opag.)=.	   1
4to	68 s. =(s. 65-68 opag.)=.	   1
4to	112 s. =(s. 67-112 opag.)=.	   1
4to	56 s. =(s. 53-56 opag.)=.	   1
4to	58 s. =(s. 46-58 opag.)=.	   1
4to	58 s. =(s. 56-58 opag.)=.	   1
4to	72 s. =(s. 56-72 opag.).=	   1
4to	40 s. =(s. 30-40 opag.)=	   1
4to	44 s. =(s. 27-44 opag.)=	   1
4to	28 s. =(s. 24-28 opag.).=	   1
4to	32 s. =(s. 23-32 opag.).=	   1
4to	76 s. =(s. 75/76 blank).=	   1
4to	76 s. =(s. 67-76 opag.).=	   1
4to	50 s. =(s. 47-50 opag.).=	   1
4to	60 s. =(s. 53-60 opag.).=	   1
4to	36 s. =(s. 26-36 opag.).=	   1
4to	88 s. =(s. 87/88 blank).=	   1
4to	42 s. =(s. 36-42 opag.).=	   1
4to	48 s. =(s. 45-48 opag.)=.	   1
4to	152 s. =(s. 142-52 opag.).=	   1
4to	24 s. =(s. 21-24 opag.)=	   1
4to	54 s. =(s. 51-54 opag.)=.	   1
4to	36 s. =(s. 29-36 opag.)=.	   1
4to	32 s. =(s. 27-32 opag.)=	   1
4to	48 s. =(s. 43 felpag. '47', s. 47 felpag. '43')=.	   1
4to	[02] ii118 s.	   1
4to	32 s. =(s. 17-32 opag.)=.	   1
4to	32 s. =(s. 25-32 opag.)=.	   1
4to	72 s. =(s. 66-72 opag.)=.	   1
4to	144 s. =(s. 137-44 opag.)=.	   1
4to	42 s. =(s. 41-42 opag.)=.	   1
4to	64 s. =(s. 54-64 opag.)=.	   1
4to	60 s. =(s. 60 felpag. '38')=.	   1
4to	56 s. =(s. 45-56 opag.)=.	   1
4to	52 s. =(s. 43-52 opag.)=.	   1
4to	24 s. (s. 21-24 opag.)	   1
4to	52 s. (s. 48-52 opag.)	   1
4to	28 s. (s. 25-28 opag.) s.	   1
4to	264 s. =(s. 215-62 opag., s. 263/64 blank).=	   1
12mo	48 s. =(s. 45/46, 47/48 blanka).=, 1 utv. pl.-bl.	   1
12mo	2 vol i 1;144 s. =(s. 132-42 opag., s.143/44 blank)=; tr. ryggetikett.	   1
4to	[36] s. =(s. 35/36 blank).=	   1
4to	28 s. =(s. 22-28 opag.).=	   1
4to	28 s. =(s. 22-28 opag.)=	   1
4to	60 s. =(s. 54-60 opag.)=	   1
4to	48 s. =(s. 33-48 opag.)=	   1
4to	40 s. =(s. 37-40 opag.)=	   1
4to	72 s. =(s. 64-72 opag.).=	   1
4to	56 s. =(s. 54-56 opag.).=	   1
4to	18 s. =(s. 13-18 opag.).=	   1
4to	40 s. =(s. 38-40 opag.)=.	   1
4to	56 s. =(s. 50-56 opag.)=; [ii04] s.	   1
4to	54 s. =(s. 53-54 opag.)=.	   1
4to	24 s. =(s. 20-24 opag.)=.	   1
4to	84 s. =(s. 80-84 opag.)=.	   1
4to	80 s. =(s. 75-80 opag.)=.	   1
4to	32 s. =(s. 24-32 opag.).=	   1
4to	80 s. =(s. 73-80 opag.).=	   1
4to	72 s. =(s. 47-72 opag.)=; [5] ins., [1] rättelsebl.	   1
4to	[08] s. =(s. 1/2 blank).=	   1
4to	64 s. =(s. 63 opag., rättelser)=.	   1
1to	32 s. =(s. 29-32 i 1:o)=.	   1
2fo	[16] s. + 1:o. 12 f.	   1
4to	[10] s. =(s. 9/10 blank)=.	   1
4to	128 s. =(s. 126-28 opag.)=.	   1
4to	26 s. =(s. 20-26 opag.)=.	   1
4to	16 s. =(s. 14 felpag. '10', s. 15/16 blank)=.	   1
4to	20 s. =(s. 20 felpag. '24')=.	   1
4to	18 s. =(s. 18 felpag. '1')=.	   1
4to	32 s. 24 s. 18 s. 08 s. 04 s.	   1
4to	40 s. =(s. 40 felpag. '13').=	   1
4to	[02] s. xvi s. 26 s.	   1
4to	56 s. =(s. 49-56 felpag. '51-58').=	   1
4to	24 s. =(s. 17-24 opag.)=; [2] ins.	   1
4to	16 s. =(s. 12-16 opag.)=; [1] ins.	   1
4to	48 s. =(s. 37-48 opag.).=	   1
4to	84 s. =(s. 83-84 opag.).=	   1
4to	06 s. =(s. 7/8 blank).=	   1
4to	24 s. =(s. 13-24 opag.)=.	   1
4to	[136] s. =(s. 117-136 opag.)=.	   1
4to	[96] s. =(s. 95/96 blank)=.	   1
4to	[80] s. =(s. 79 rättelser)=.	   1
4to	[80] s. =(s. 79/80 blank)=.	   1
4to	55[1] s.	   1
32mo	[64] s. =(s. 63/64 blank)=.	   1
12mo	444 s. =(s. 437-440 opag., s. 441/442, 443/444 blanka)=.	   1
4to	[04] s. (s. 3/4 blank)	   1
4to	16 s. (s. 9 felpag. '6')	   1
4to	20 s. (s. 1-5 och s. 20 opag.)	   1
4to	132 s. =(s. 81-132 opag.)=; [1] ins.	   1
4to	136 s. =(s. 81-136 opag.)=; [2] ins.	   1
4to	124 s. =(s. 73-124 opag.)=; [1] ins.	   1
4to	112 s. =(s. 85-112 opag.)=; [4] ins.	   1
4to	32 s. =(s. 29-32 ins. i 1:o).=	   1
4to	72 s. =(s. 71-72 opag.).=	   1
4to	[04] s. typer.	   1
2fo	[04] s. =(s. 3/4 blank).=	   1
2fo	[18] s. typer.	   1
2fo	[24] s. typer.	   1
2fo	[04] s. typer.	   1
2fo	[12] s. typer.	   1
4to	[04] s. =(s. 3/4 blank)=; 12:o. [08] s. =(provblad, sp. 1-14)=.	   1
1to	[1] f.	   1
18mo	=(Rubr.)= (Stockholm, de l'imprimerie de Hörberg.) 4:o. [02] s.	   1
12mo	=(Rubr.)= (Stockholm, de l'impremerie d'Eckstein, 1824.) 4:o. [04] s.	   1
12mo	[12] s. =s. 11/12 blank).=	   1
12mo	76 s. =(s. 75-76 opag.).=	   1
12mo	12 s. =(s. 11-12 opag.).=	   1
12mo	24 s. =(s. 23-24 opag.)=	   1
4to	[48] s. =(s. 47/48 blank).=	   1
4to	12 s. typer.	   1
12mo	144 s. =(s. 143/144 blank)=.	   1
12mo	42 s. =(s. 41-42 opag.)=.	   1
12mo	12 s. =(s. 11-12 opag.)=.	   1
4to	[56] s. =(s. 55/56 blank)=.	   1
4to	48 s. =(s. 36-48 opag.)=.	   1
4to	64 s. =(s. 63/64 blank)=.	   1
4to	32 s. =(s. 32 felpag. '23')=.	   1
4to	08 s. =(s. 7/8 blank)=	   1
4to	20 sp., s. 21-22 =(12 s.)=.	   1
4to	36 s. =(s. 36 felpag. '24')=.	   1
4to	124 s. =(s. 123/124 blank)=.	   1
4to	[08] s. =(s.7/8 blank)=	   1
4to	[04] s.= (s. 3/4 blank)=	   1
4to	[04] s. =(s.3/4 blank)=	   1
4to	384 s. =(s. 383/84 blank)=.	   1
12mo	336 s. =(s. 335/336 blank)=.	   1
16mo	[32] s. =(s. 31/32 blank).=	   1
12mo	62 s. ---	   1
12mo	42 s. =(s. 40-42 opag.)=.	   1
4to	[ 08] s. =(s. 7/8 blank).=	   1
12mo	32 s. =(s. 31/32 blank)=.	   1
4to	[16] (=s. 15/16 blank=).	   1
12mo	84 s. =(s. 81-84 opag., 83/84 blank)= & omsl.	   1
4to	26 s. =(s. 25-26 opag.)=.	   1
12mo	24 s. =(s. 23/24 blank)= & omsl.	   1
12mo	4 vol. i 15	   1
8vo	24 vol.	   1
NA	21 vol.	   1
NA	51 vol.	   1
